"timestamp","predicted_consumption","demand_level","is_peak","threshold"
"2010-04-11 16:00:00",0.438805967569351,"Normal",FALSE,2.34504
"2010-04-11 17:00:00",1.01049268245697,"Normal",FALSE,2.34504
"2010-04-11 18:00:00",0.754691481590271,"Normal",FALSE,2.34504
"2010-04-11 19:00:00",2.1040210723877,"Normal",FALSE,2.34504
"2010-04-11 20:00:00",1.47276151180267,"Normal",FALSE,2.34504
"2010-04-11 21:00:00",2.49902868270874,"High",TRUE,2.34504
"2010-04-11 22:00:00",2.4428448677063,"High",TRUE,2.34504
"2010-04-11 23:00:00",0.853023648262024,"Normal",FALSE,2.34504
"2010-04-12 00:00:00",0.343330442905426,"Normal",FALSE,2.34504
"2010-04-12 01:00:00",0.420834213495255,"Normal",FALSE,2.34504
"2010-04-12 02:00:00",0.388827741146088,"Normal",FALSE,2.34504
"2010-04-12 03:00:00",0.410474926233292,"Normal",FALSE,2.34504
"2010-04-12 04:00:00",0.413567364215851,"Normal",FALSE,2.34504
"2010-04-12 05:00:00",0.491899996995926,"Normal",FALSE,2.34504
"2010-04-12 06:00:00",0.703632831573486,"Normal",FALSE,2.34504
"2010-04-12 07:00:00",1.51218330860138,"Normal",FALSE,2.34504
"2010-04-12 08:00:00",1.73879218101501,"Normal",FALSE,2.34504
"2010-04-12 09:00:00",1.31438422203064,"Normal",FALSE,2.34504
"2010-04-12 10:00:00",1.31222522258759,"Normal",FALSE,2.34504
"2010-04-12 11:00:00",1.3144998550415,"Normal",FALSE,2.34504
"2010-04-12 12:00:00",1.46295845508575,"Normal",FALSE,2.34504
"2010-04-12 13:00:00",1.46728324890137,"Normal",FALSE,2.34504
"2010-04-12 14:00:00",1.26307594776154,"Normal",FALSE,2.34504
"2010-04-12 15:00:00",1.07815778255463,"Normal",FALSE,2.34504
"2010-04-12 16:00:00",0.391621530056,"Normal",FALSE,2.34504
"2010-04-12 17:00:00",0.382118731737137,"Normal",FALSE,2.34504
"2010-04-12 18:00:00",1.03092157840729,"Normal",FALSE,2.34504
"2010-04-12 19:00:00",1.26557350158691,"Normal",FALSE,2.34504
"2010-04-12 20:00:00",1.51742196083069,"Normal",FALSE,2.34504
"2010-04-12 21:00:00",2.09077572822571,"Normal",FALSE,2.34504
"2010-04-12 22:00:00",1.25752937793732,"Normal",FALSE,2.34504
"2010-04-12 23:00:00",0.641390383243561,"Normal",FALSE,2.34504
"2010-04-13 00:00:00",0.39397606253624,"Normal",FALSE,2.34504
"2010-04-13 01:00:00",0.50146222114563,"Normal",FALSE,2.34504
"2010-04-13 02:00:00",0.346209526062012,"Normal",FALSE,2.34504
"2010-04-13 03:00:00",0.410643249750137,"Normal",FALSE,2.34504
"2010-04-13 04:00:00",0.391692191362381,"Normal",FALSE,2.34504
"2010-04-13 05:00:00",0.51773989200592,"Normal",FALSE,2.34504
"2010-04-13 06:00:00",0.80864554643631,"Normal",FALSE,2.34504
"2010-04-13 07:00:00",1.67789018154144,"Normal",FALSE,2.34504
"2010-04-13 08:00:00",1.67282688617706,"Normal",FALSE,2.34504
"2010-04-13 09:00:00",1.65012753009796,"Normal",FALSE,2.34504
"2010-04-13 10:00:00",1.4950795173645,"Normal",FALSE,2.34504
"2010-04-13 11:00:00",1.43757152557373,"Normal",FALSE,2.34504
"2010-04-13 12:00:00",1.62838566303253,"Normal",FALSE,2.34504
"2010-04-13 13:00:00",1.26667904853821,"Normal",FALSE,2.34504
"2010-04-13 14:00:00",1.46909260749817,"Normal",FALSE,2.34504
"2010-04-13 15:00:00",0.807607173919678,"Normal",FALSE,2.34504
"2010-04-13 16:00:00",0.49626636505127,"Normal",FALSE,2.34504
"2010-04-13 17:00:00",0.939699828624725,"Normal",FALSE,2.34504
"2010-04-13 18:00:00",1.29589688777924,"Normal",FALSE,2.34504
"2010-04-13 19:00:00",1.18172085285187,"Normal",FALSE,2.34504
"2010-04-13 20:00:00",1.95453262329102,"Normal",FALSE,2.34504
"2010-04-13 21:00:00",1.57631933689117,"Normal",FALSE,2.34504
"2010-04-13 22:00:00",1.63840162754059,"Normal",FALSE,2.34504
"2010-04-13 23:00:00",0.521076440811157,"Normal",FALSE,2.34504
"2010-04-14 00:00:00",0.450368136167526,"Normal",FALSE,2.34504
"2010-04-14 01:00:00",0.366706311702728,"Normal",FALSE,2.34504
"2010-04-14 02:00:00",0.386437326669693,"Normal",FALSE,2.34504
"2010-04-14 03:00:00",0.33885270357132,"Normal",FALSE,2.34504
"2010-04-14 04:00:00",0.45519146323204,"Normal",FALSE,2.34504
"2010-04-14 05:00:00",0.605428457260132,"Normal",FALSE,2.34504
"2010-04-14 06:00:00",0.864565074443817,"Normal",FALSE,2.34504
"2010-04-14 07:00:00",1.79113554954529,"Normal",FALSE,2.34504
"2010-04-14 08:00:00",1.80114114284515,"Normal",FALSE,2.34504
"2010-04-14 09:00:00",1.31798219680786,"Normal",FALSE,2.34504
"2010-04-14 10:00:00",1.38966476917267,"Normal",FALSE,2.34504
"2010-04-14 11:00:00",1.47382640838623,"Normal",FALSE,2.34504
"2010-04-14 12:00:00",1.82125437259674,"Normal",FALSE,2.34504
"2010-04-14 13:00:00",0.563992917537689,"Normal",FALSE,2.34504
"2010-04-14 14:00:00",1.93244254589081,"Normal",FALSE,2.34504
"2010-04-14 15:00:00",1.87640655040741,"Normal",FALSE,2.34504
"2010-04-14 16:00:00",1.44183480739594,"Normal",FALSE,2.34504
"2010-04-14 17:00:00",0.713613331317902,"Normal",FALSE,2.34504
"2010-04-14 18:00:00",0.61225163936615,"Normal",FALSE,2.34504
"2010-04-14 19:00:00",1.12178528308868,"Normal",FALSE,2.34504
"2010-04-14 20:00:00",1.9692165851593,"Normal",FALSE,2.34504
"2010-04-14 21:00:00",2.28991389274597,"Normal",FALSE,2.34504
"2010-04-14 22:00:00",1.42531359195709,"Normal",FALSE,2.34504
"2010-04-14 23:00:00",0.948055803775787,"Normal",FALSE,2.34504
"2010-04-15 00:00:00",0.40517857670784,"Normal",FALSE,2.34504
"2010-04-15 01:00:00",0.394563645124435,"Normal",FALSE,2.34504
"2010-04-15 02:00:00",0.406390935182571,"Normal",FALSE,2.34504
"2010-04-15 03:00:00",0.358268231153488,"Normal",FALSE,2.34504
"2010-04-15 04:00:00",0.416868984699249,"Normal",FALSE,2.34504
"2010-04-15 05:00:00",0.364091962575912,"Normal",FALSE,2.34504
"2010-04-15 06:00:00",0.866897225379944,"Normal",FALSE,2.34504
"2010-04-15 07:00:00",2.1456778049469,"Normal",FALSE,2.34504
"2010-04-15 08:00:00",1.63489556312561,"Normal",FALSE,2.34504
"2010-04-15 09:00:00",1.49746417999268,"Normal",FALSE,2.34504
"2010-04-15 10:00:00",1.22892153263092,"Normal",FALSE,2.34504
"2010-04-15 11:00:00",1.16578912734985,"Normal",FALSE,2.34504
"2010-04-15 12:00:00",1.12594866752625,"Normal",FALSE,2.34504
"2010-04-15 13:00:00",1.28129661083221,"Normal",FALSE,2.34504
"2010-04-15 14:00:00",1.36857283115387,"Normal",FALSE,2.34504
"2010-04-15 15:00:00",1.43797063827515,"Normal",FALSE,2.34504
"2010-04-15 16:00:00",1.14038634300232,"Normal",FALSE,2.34504
"2010-04-15 17:00:00",0.990109920501709,"Normal",FALSE,2.34504
"2010-04-15 18:00:00",0.891464471817017,"Normal",FALSE,2.34504
"2010-04-15 19:00:00",1.51288175582886,"Normal",FALSE,2.34504
"2010-04-15 20:00:00",2.03874540328979,"Normal",FALSE,2.34504
"2010-04-15 21:00:00",1.93110620975494,"Normal",FALSE,2.34504
"2010-04-15 22:00:00",1.49956917762756,"Normal",FALSE,2.34504
"2010-04-15 23:00:00",1.11081516742706,"Normal",FALSE,2.34504
"2010-04-16 00:00:00",0.452856808900833,"Normal",FALSE,2.34504
"2010-04-16 01:00:00",0.417204827070236,"Normal",FALSE,2.34504
"2010-04-16 02:00:00",0.364885658025742,"Normal",FALSE,2.34504
"2010-04-16 03:00:00",0.412779986858368,"Normal",FALSE,2.34504
"2010-04-16 04:00:00",0.420083492994308,"Normal",FALSE,2.34504
"2010-04-16 05:00:00",0.397235155105591,"Normal",FALSE,2.34504
"2010-04-16 06:00:00",0.981721639633179,"Normal",FALSE,2.34504
"2010-04-16 07:00:00",2.19364023208618,"Normal",FALSE,2.34504
"2010-04-16 08:00:00",1.68300294876099,"Normal",FALSE,2.34504
"2010-04-16 09:00:00",1.53825414180756,"Normal",FALSE,2.34504
"2010-04-16 10:00:00",1.77435886859894,"Normal",FALSE,2.34504
"2010-04-16 11:00:00",0.934652507305145,"Normal",FALSE,2.34504
"2010-04-16 12:00:00",0.654919862747192,"Normal",FALSE,2.34504
"2010-04-16 13:00:00",1.79497444629669,"Normal",FALSE,2.34504
"2010-04-16 14:00:00",1.22893857955933,"Normal",FALSE,2.34504
"2010-04-16 15:00:00",0.612200736999512,"Normal",FALSE,2.34504
"2010-04-16 16:00:00",1.09773302078247,"Normal",FALSE,2.34504
"2010-04-16 17:00:00",1.40710616111755,"Normal",FALSE,2.34504
"2010-04-16 18:00:00",1.3441344499588,"Normal",FALSE,2.34504
"2010-04-16 19:00:00",1.73841345310211,"Normal",FALSE,2.34504
"2010-04-16 20:00:00",1.83943462371826,"Normal",FALSE,2.34504
"2010-04-16 21:00:00",1.02332007884979,"Normal",FALSE,2.34504
"2010-04-16 22:00:00",0.897855162620544,"Normal",FALSE,2.34504
"2010-04-16 23:00:00",0.484440058469772,"Normal",FALSE,2.34504
"2010-04-17 00:00:00",0.511295914649963,"Normal",FALSE,2.34504
"2010-04-17 01:00:00",0.433738887310028,"Normal",FALSE,2.34504
"2010-04-17 02:00:00",0.469487220048904,"Normal",FALSE,2.34504
"2010-04-17 03:00:00",0.392968833446503,"Normal",FALSE,2.34504
"2010-04-17 04:00:00",0.553714454174042,"Normal",FALSE,2.34504
"2010-04-17 05:00:00",0.478579491376877,"Normal",FALSE,2.34504
"2010-04-17 06:00:00",0.64513087272644,"Normal",FALSE,2.34504
"2010-04-17 07:00:00",1.62979054450989,"Normal",FALSE,2.34504
"2010-04-17 08:00:00",1.74481844902039,"Normal",FALSE,2.34504
"2010-04-17 09:00:00",1.60633742809296,"Normal",FALSE,2.34504
"2010-04-17 10:00:00",1.70100557804108,"Normal",FALSE,2.34504
"2010-04-17 11:00:00",2.40479779243469,"High",TRUE,2.34504
"2010-04-17 12:00:00",1.10698258876801,"Normal",FALSE,2.34504
"2010-04-17 13:00:00",1.44258391857147,"Normal",FALSE,2.34504
"2010-04-17 14:00:00",1.02861273288727,"Normal",FALSE,2.34504
"2010-04-17 15:00:00",1.53549909591675,"Normal",FALSE,2.34504
"2010-04-17 16:00:00",1.43678689002991,"Normal",FALSE,2.34504
"2010-04-17 17:00:00",1.47714734077454,"Normal",FALSE,2.34504
"2010-04-17 18:00:00",1.68996846675873,"Normal",FALSE,2.34504
"2010-04-17 19:00:00",1.83405447006226,"Normal",FALSE,2.34504
"2010-04-17 20:00:00",1.06044399738312,"Normal",FALSE,2.34504
"2010-04-17 21:00:00",0.629118025302887,"Normal",FALSE,2.34504
"2010-04-17 22:00:00",0.499261915683746,"Normal",FALSE,2.34504
"2010-04-17 23:00:00",0.627690434455872,"Normal",FALSE,2.34504
"2010-04-18 00:00:00",0.481053054332733,"Normal",FALSE,2.34504
"2010-04-18 01:00:00",0.545364737510681,"Normal",FALSE,2.34504
"2010-04-18 02:00:00",0.418348968029022,"Normal",FALSE,2.34504
"2010-04-18 03:00:00",0.619798421859741,"Normal",FALSE,2.34504
"2010-04-18 04:00:00",0.389885157346725,"Normal",FALSE,2.34504
"2010-04-18 05:00:00",0.37394654750824,"Normal",FALSE,2.34504
"2010-04-18 06:00:00",0.682550370693207,"Normal",FALSE,2.34504
"2010-04-18 07:00:00",0.57826292514801,"Normal",FALSE,2.34504
"2010-04-18 08:00:00",0.941012322902679,"Normal",FALSE,2.34504
"2010-04-18 09:00:00",0.930031299591064,"Normal",FALSE,2.34504
"2010-04-18 10:00:00",0.874408602714539,"Normal",FALSE,2.34504
"2010-04-18 11:00:00",1.76616072654724,"Normal",FALSE,2.34504
"2010-04-18 12:00:00",1.72807717323303,"Normal",FALSE,2.34504
"2010-04-18 13:00:00",1.90316390991211,"Normal",FALSE,2.34504
"2010-04-18 14:00:00",1.51887965202332,"Normal",FALSE,2.34504
"2010-04-18 15:00:00",1.55325651168823,"Normal",FALSE,2.34504
"2010-04-18 16:00:00",1.2327663898468,"Normal",FALSE,2.34504
"2010-04-18 17:00:00",0.782736301422119,"Normal",FALSE,2.34504
"2010-04-18 18:00:00",0.770728886127472,"Normal",FALSE,2.34504
"2010-04-18 19:00:00",1.60821413993835,"Normal",FALSE,2.34504
"2010-04-18 20:00:00",1.86040472984314,"Normal",FALSE,2.34504
"2010-04-18 21:00:00",1.98058354854584,"Normal",FALSE,2.34504
"2010-04-18 22:00:00",1.45761954784393,"Normal",FALSE,2.34504
"2010-04-18 23:00:00",0.614695727825165,"Normal",FALSE,2.34504
"2010-04-19 00:00:00",0.444020837545395,"Normal",FALSE,2.34504
"2010-04-19 01:00:00",0.407689988613129,"Normal",FALSE,2.34504
"2010-04-19 02:00:00",0.385770797729492,"Normal",FALSE,2.34504
"2010-04-19 03:00:00",0.53119558095932,"Normal",FALSE,2.34504
"2010-04-19 04:00:00",0.447377473115921,"Normal",FALSE,2.34504
"2010-04-19 05:00:00",0.450726598501205,"Normal",FALSE,2.34504
"2010-04-19 06:00:00",0.86702036857605,"Normal",FALSE,2.34504
"2010-04-19 07:00:00",1.924968957901,"Normal",FALSE,2.34504
"2010-04-19 08:00:00",1.29139292240143,"Normal",FALSE,2.34504
"2010-04-19 09:00:00",0.725754737854004,"Normal",FALSE,2.34504
"2010-04-19 10:00:00",1.38937067985535,"Normal",FALSE,2.34504
"2010-04-19 11:00:00",1.9276214838028,"Normal",FALSE,2.34504
"2010-04-19 12:00:00",1.62351441383362,"Normal",FALSE,2.34504
"2010-04-19 13:00:00",1.4900233745575,"Normal",FALSE,2.34504
"2010-04-19 14:00:00",1.37247908115387,"Normal",FALSE,2.34504
"2010-04-19 15:00:00",1.24167776107788,"Normal",FALSE,2.34504
"2010-04-19 16:00:00",1.14236879348755,"Normal",FALSE,2.34504
"2010-04-19 17:00:00",1.22695171833038,"Normal",FALSE,2.34504
"2010-04-19 18:00:00",1.99014294147491,"Normal",FALSE,2.34504
"2010-04-19 19:00:00",1.75402665138245,"Normal",FALSE,2.34504
"2010-04-19 20:00:00",2.00169229507446,"Normal",FALSE,2.34504
"2010-04-19 21:00:00",1.81427657604218,"Normal",FALSE,2.34504
"2010-04-19 22:00:00",1.65677154064178,"Normal",FALSE,2.34504
"2010-04-19 23:00:00",0.480645298957825,"Normal",FALSE,2.34504
"2010-04-20 00:00:00",0.371875017881393,"Normal",FALSE,2.34504
"2010-04-20 01:00:00",0.410535395145416,"Normal",FALSE,2.34504
"2010-04-20 02:00:00",0.677728533744812,"Normal",FALSE,2.34504
"2010-04-20 03:00:00",0.420333564281464,"Normal",FALSE,2.34504
"2010-04-20 04:00:00",0.404286444187164,"Normal",FALSE,2.34504
"2010-04-20 05:00:00",0.448173701763153,"Normal",FALSE,2.34504
"2010-04-20 06:00:00",0.973986506462097,"Normal",FALSE,2.34504
"2010-04-20 07:00:00",1.46112334728241,"Normal",FALSE,2.34504
"2010-04-20 08:00:00",1.66510570049286,"Normal",FALSE,2.34504
"2010-04-20 09:00:00",1.35102415084839,"Normal",FALSE,2.34504
"2010-04-20 10:00:00",1.65817701816559,"Normal",FALSE,2.34504
"2010-04-20 11:00:00",1.54659032821655,"Normal",FALSE,2.34504
"2010-04-20 12:00:00",1.42601311206818,"Normal",FALSE,2.34504
"2010-04-20 13:00:00",1.36169910430908,"Normal",FALSE,2.34504
"2010-04-20 14:00:00",1.42692267894745,"Normal",FALSE,2.34504
"2010-04-20 15:00:00",1.27470338344574,"Normal",FALSE,2.34504
"2010-04-20 16:00:00",1.24310278892517,"Normal",FALSE,2.34504
"2010-04-20 17:00:00",1.47945380210876,"Normal",FALSE,2.34504
"2010-04-20 18:00:00",1.568026304245,"Normal",FALSE,2.34504
"2010-04-20 19:00:00",1.2513747215271,"Normal",FALSE,2.34504
"2010-04-20 20:00:00",1.36246073246002,"Normal",FALSE,2.34504
"2010-04-20 21:00:00",2.04995536804199,"Normal",FALSE,2.34504
"2010-04-20 22:00:00",1.48888957500458,"Normal",FALSE,2.34504
"2010-04-20 23:00:00",0.894407868385315,"Normal",FALSE,2.34504
"2010-04-21 00:00:00",0.445051789283752,"Normal",FALSE,2.34504
"2010-04-21 01:00:00",0.552745401859283,"Normal",FALSE,2.34504
"2010-04-21 02:00:00",0.605547547340393,"Normal",FALSE,2.34504
"2010-04-21 03:00:00",0.431395679712296,"Normal",FALSE,2.34504
"2010-04-21 04:00:00",0.360956281423569,"Normal",FALSE,2.34504
"2010-04-21 05:00:00",0.594704508781433,"Normal",FALSE,2.34504
"2010-04-21 06:00:00",0.894060909748077,"Normal",FALSE,2.34504
"2010-04-21 07:00:00",1.33083248138428,"Normal",FALSE,2.34504
"2010-04-21 08:00:00",1.27720546722412,"Normal",FALSE,2.34504
"2010-04-21 09:00:00",1.44892513751984,"Normal",FALSE,2.34504
"2010-04-21 10:00:00",1.14055168628693,"Normal",FALSE,2.34504
"2010-04-21 11:00:00",1.66446006298065,"Normal",FALSE,2.34504
"2010-04-21 12:00:00",1.53513240814209,"Normal",FALSE,2.34504
"2010-04-21 13:00:00",1.39267063140869,"Normal",FALSE,2.34504
"2010-04-21 14:00:00",1.32592225074768,"Normal",FALSE,2.34504
"2010-04-21 15:00:00",1.32145619392395,"Normal",FALSE,2.34504
"2010-04-21 16:00:00",0.749427914619446,"Normal",FALSE,2.34504
"2010-04-21 17:00:00",0.650236666202545,"Normal",FALSE,2.34504
"2010-04-21 18:00:00",1.38620340824127,"Normal",FALSE,2.34504
"2010-04-21 19:00:00",1.59791731834412,"Normal",FALSE,2.34504
"2010-04-21 20:00:00",1.38211178779602,"Normal",FALSE,2.34504
"2010-04-21 21:00:00",1.73136055469513,"Normal",FALSE,2.34504
"2010-04-21 22:00:00",1.46769297122955,"Normal",FALSE,2.34504
"2010-04-21 23:00:00",0.917445659637451,"Normal",FALSE,2.34504
"2010-04-22 00:00:00",1.01897978782654,"Normal",FALSE,2.34504
"2010-04-22 01:00:00",0.44599261879921,"Normal",FALSE,2.34504
"2010-04-22 02:00:00",0.407348543405533,"Normal",FALSE,2.34504
"2010-04-22 03:00:00",0.463377922773361,"Normal",FALSE,2.34504
"2010-04-22 04:00:00",0.409688234329224,"Normal",FALSE,2.34504
"2010-04-22 05:00:00",0.388860642910004,"Normal",FALSE,2.34504
"2010-04-22 06:00:00",0.8421431183815,"Normal",FALSE,2.34504
"2010-04-22 07:00:00",0.839455187320709,"Normal",FALSE,2.34504
"2010-04-22 08:00:00",1.09207701683044,"Normal",FALSE,2.34504
"2010-04-22 09:00:00",1.06909692287445,"Normal",FALSE,2.34504
"2010-04-22 10:00:00",1.56935203075409,"Normal",FALSE,2.34504
"2010-04-22 11:00:00",1.5443160533905,"Normal",FALSE,2.34504
"2010-04-22 12:00:00",1.70350980758667,"Normal",FALSE,2.34504
"2010-04-22 13:00:00",1.76670396327972,"Normal",FALSE,2.34504
"2010-04-22 14:00:00",1.49583220481873,"Normal",FALSE,2.34504
"2010-04-22 15:00:00",1.43350422382355,"Normal",FALSE,2.34504
"2010-04-22 16:00:00",1.21795332431793,"Normal",FALSE,2.34504
"2010-04-22 17:00:00",1.42834341526031,"Normal",FALSE,2.34504
"2010-04-22 18:00:00",1.03895938396454,"Normal",FALSE,2.34504
"2010-04-22 19:00:00",1.04167640209198,"Normal",FALSE,2.34504
"2010-04-22 20:00:00",1.06016361713409,"Normal",FALSE,2.34504
"2010-04-22 21:00:00",1.7287689447403,"Normal",FALSE,2.34504
"2010-04-22 22:00:00",1.51781916618347,"Normal",FALSE,2.34504
"2010-04-22 23:00:00",0.472123920917511,"Normal",FALSE,2.34504
"2010-04-23 00:00:00",0.477525383234024,"Normal",FALSE,2.34504
"2010-04-23 01:00:00",0.454857289791107,"Normal",FALSE,2.34504
"2010-04-23 02:00:00",0.362054347991943,"Normal",FALSE,2.34504
"2010-04-23 03:00:00",0.387101531028748,"Normal",FALSE,2.34504
"2010-04-23 04:00:00",0.563519537448883,"Normal",FALSE,2.34504
"2010-04-23 05:00:00",0.56616336107254,"Normal",FALSE,2.34504
"2010-04-23 06:00:00",0.822333633899689,"Normal",FALSE,2.34504
"2010-04-23 07:00:00",1.92834603786469,"Normal",FALSE,2.34504
"2010-04-23 08:00:00",1.33962154388428,"Normal",FALSE,2.34504
"2010-04-23 09:00:00",1.57587909698486,"Normal",FALSE,2.34504
"2010-04-23 10:00:00",1.34802627563477,"Normal",FALSE,2.34504
"2010-04-23 11:00:00",1.35556745529175,"Normal",FALSE,2.34504
"2010-04-23 12:00:00",1.38495194911957,"Normal",FALSE,2.34504
"2010-04-23 13:00:00",1.28141176700592,"Normal",FALSE,2.34504
"2010-04-23 14:00:00",1.26777505874634,"Normal",FALSE,2.34504
"2010-04-23 15:00:00",1.35048067569733,"Normal",FALSE,2.34504
"2010-04-23 16:00:00",0.720330953598022,"Normal",FALSE,2.34504
"2010-04-23 17:00:00",0.678503274917603,"Normal",FALSE,2.34504
"2010-04-23 18:00:00",0.988420009613037,"Normal",FALSE,2.34504
"2010-04-23 19:00:00",0.764533221721649,"Normal",FALSE,2.34504
"2010-04-23 20:00:00",1.34882402420044,"Normal",FALSE,2.34504
"2010-04-23 21:00:00",1.54682779312134,"Normal",FALSE,2.34504
"2010-04-23 22:00:00",0.670136213302612,"Normal",FALSE,2.34504
"2010-04-23 23:00:00",0.497656732797623,"Normal",FALSE,2.34504
"2010-04-24 00:00:00",0.45183128118515,"Normal",FALSE,2.34504
"2010-04-24 01:00:00",0.381431728601456,"Normal",FALSE,2.34504
"2010-04-24 02:00:00",0.502874255180359,"Normal",FALSE,2.34504
"2010-04-24 03:00:00",0.612997949123383,"Normal",FALSE,2.34504
"2010-04-24 04:00:00",0.5062255859375,"Normal",FALSE,2.34504
"2010-04-24 05:00:00",0.50979071855545,"Normal",FALSE,2.34504
"2010-04-24 06:00:00",0.894012272357941,"Normal",FALSE,2.34504
"2010-04-24 07:00:00",0.654798030853271,"Normal",FALSE,2.34504
"2010-04-24 08:00:00",0.833478391170502,"Normal",FALSE,2.34504
"2010-04-24 09:00:00",0.636263847351074,"Normal",FALSE,2.34504
"2010-04-24 10:00:00",0.6259845495224,"Normal",FALSE,2.34504
"2010-04-24 11:00:00",0.728032767772675,"Normal",FALSE,2.34504
"2010-04-24 12:00:00",0.672397077083588,"Normal",FALSE,2.34504
"2010-04-24 13:00:00",0.938529133796692,"Normal",FALSE,2.34504
"2010-04-24 14:00:00",1.10714912414551,"Normal",FALSE,2.34504
"2010-04-24 15:00:00",0.724373936653137,"Normal",FALSE,2.34504
"2010-04-24 16:00:00",0.909161686897278,"Normal",FALSE,2.34504
"2010-04-24 17:00:00",0.993606090545654,"Normal",FALSE,2.34504
"2010-04-24 18:00:00",1.77883422374725,"Normal",FALSE,2.34504
"2010-04-24 19:00:00",2.36694407463074,"High",TRUE,2.34504
"2010-04-24 20:00:00",2.15785646438599,"Normal",FALSE,2.34504
"2010-04-24 21:00:00",2.10933017730713,"Normal",FALSE,2.34504
"2010-04-24 22:00:00",2.15009641647339,"Normal",FALSE,2.34504
"2010-04-24 23:00:00",1.93870007991791,"Normal",FALSE,2.34504
"2010-04-25 00:00:00",1.21243238449097,"Normal",FALSE,2.34504
"2010-04-25 01:00:00",1.44492840766907,"Normal",FALSE,2.34504
"2010-04-25 02:00:00",1.69113409519196,"Normal",FALSE,2.34504
"2010-04-25 03:00:00",1.53812265396118,"Normal",FALSE,2.34504
"2010-04-25 04:00:00",1.46306419372559,"Normal",FALSE,2.34504
"2010-04-25 05:00:00",1.5694682598114,"Normal",FALSE,2.34504
"2010-04-25 06:00:00",1.56274616718292,"Normal",FALSE,2.34504
"2010-04-25 07:00:00",0.53575611114502,"Normal",FALSE,2.34504
"2010-04-25 08:00:00",0.645721197128296,"Normal",FALSE,2.34504
"2010-04-25 09:00:00",0.678892433643341,"Normal",FALSE,2.34504
"2010-04-25 10:00:00",0.835185468196869,"Normal",FALSE,2.34504
"2010-04-25 11:00:00",1.74430394172668,"Normal",FALSE,2.34504
"2010-04-25 12:00:00",1.51770770549774,"Normal",FALSE,2.34504
"2010-04-25 13:00:00",1.60484683513641,"Normal",FALSE,2.34504
"2010-04-25 14:00:00",1.60039222240448,"Normal",FALSE,2.34504
"2010-04-25 15:00:00",0.753437757492065,"Normal",FALSE,2.34504
"2010-04-25 16:00:00",0.513286769390106,"Normal",FALSE,2.34504
"2010-04-25 17:00:00",0.746835172176361,"Normal",FALSE,2.34504
"2010-04-25 18:00:00",0.523731350898743,"Normal",FALSE,2.34504
"2010-04-25 19:00:00",0.788898825645447,"Normal",FALSE,2.34504
"2010-04-25 20:00:00",0.929022431373596,"Normal",FALSE,2.34504
"2010-04-25 21:00:00",0.591127455234528,"Normal",FALSE,2.34504
"2010-04-25 22:00:00",0.642031908035278,"Normal",FALSE,2.34504
"2010-04-25 23:00:00",0.940768718719482,"Normal",FALSE,2.34504
"2010-04-26 00:00:00",0.473502635955811,"Normal",FALSE,2.34504
"2010-04-26 01:00:00",0.44598862528801,"Normal",FALSE,2.34504
"2010-04-26 02:00:00",0.405822783708572,"Normal",FALSE,2.34504
"2010-04-26 03:00:00",0.392147868871689,"Normal",FALSE,2.34504
"2010-04-26 04:00:00",0.378736227750778,"Normal",FALSE,2.34504
"2010-04-26 05:00:00",0.656894981861115,"Normal",FALSE,2.34504
"2010-04-26 06:00:00",0.617112040519714,"Normal",FALSE,2.34504
"2010-04-26 07:00:00",0.588241934776306,"Normal",FALSE,2.34504
"2010-04-26 08:00:00",0.590864181518555,"Normal",FALSE,2.34504
"2010-04-26 09:00:00",1.10760998725891,"Normal",FALSE,2.34504
"2010-04-26 10:00:00",1.21056973934174,"Normal",FALSE,2.34504
"2010-04-26 11:00:00",0.636218309402466,"Normal",FALSE,2.34504
"2010-04-26 12:00:00",0.712985932826996,"Normal",FALSE,2.34504
"2010-04-26 13:00:00",0.53634124994278,"Normal",FALSE,2.34504
"2010-04-26 14:00:00",0.896506547927856,"Normal",FALSE,2.34504
"2010-04-26 15:00:00",0.50384932756424,"Normal",FALSE,2.34504
"2010-04-26 16:00:00",1.25936639308929,"Normal",FALSE,2.34504
"2010-04-26 17:00:00",0.896465122699738,"Normal",FALSE,2.34504
"2010-04-26 18:00:00",0.538076400756836,"Normal",FALSE,2.34504
"2010-04-26 19:00:00",0.835491955280304,"Normal",FALSE,2.34504
"2010-04-26 20:00:00",1.71168768405914,"Normal",FALSE,2.34504
"2010-04-26 21:00:00",1.57719469070435,"Normal",FALSE,2.34504
"2010-04-26 22:00:00",1.37608230113983,"Normal",FALSE,2.34504
"2010-04-26 23:00:00",1.19045996665955,"Normal",FALSE,2.34504
"2010-04-27 00:00:00",0.485028058290482,"Normal",FALSE,2.34504
"2010-04-27 01:00:00",0.546516180038452,"Normal",FALSE,2.34504
"2010-04-27 02:00:00",0.572950124740601,"Normal",FALSE,2.34504
"2010-04-27 03:00:00",0.575777351856232,"Normal",FALSE,2.34504
"2010-04-27 04:00:00",0.606240928173065,"Normal",FALSE,2.34504
"2010-04-27 05:00:00",0.640041291713715,"Normal",FALSE,2.34504
"2010-04-27 06:00:00",0.791101098060608,"Normal",FALSE,2.34504
"2010-04-27 07:00:00",1.50337195396423,"Normal",FALSE,2.34504
"2010-04-27 08:00:00",1.14696800708771,"Normal",FALSE,2.34504
"2010-04-27 09:00:00",1.66477155685425,"Normal",FALSE,2.34504
"2010-04-27 10:00:00",1.34359931945801,"Normal",FALSE,2.34504
"2010-04-27 11:00:00",1.47315847873688,"Normal",FALSE,2.34504
"2010-04-27 12:00:00",1.33229947090149,"Normal",FALSE,2.34504
"2010-04-27 13:00:00",1.36727011203766,"Normal",FALSE,2.34504
"2010-04-27 14:00:00",0.750708997249603,"Normal",FALSE,2.34504
"2010-04-27 15:00:00",0.60574996471405,"Normal",FALSE,2.34504
"2010-04-27 16:00:00",0.674278199672699,"Normal",FALSE,2.34504
"2010-04-27 17:00:00",0.734292447566986,"Normal",FALSE,2.34504
"2010-04-27 18:00:00",0.637469291687012,"Normal",FALSE,2.34504
"2010-04-27 19:00:00",0.812988102436066,"Normal",FALSE,2.34504
"2010-04-27 20:00:00",0.860605001449585,"Normal",FALSE,2.34504
"2010-04-27 21:00:00",0.9926518201828,"Normal",FALSE,2.34504
"2010-04-27 22:00:00",1.02425825595856,"Normal",FALSE,2.34504
"2010-04-27 23:00:00",0.803362369537354,"Normal",FALSE,2.34504
"2010-04-28 00:00:00",0.709091424942017,"Normal",FALSE,2.34504
"2010-04-28 01:00:00",0.618297517299652,"Normal",FALSE,2.34504
"2010-04-28 02:00:00",0.377832859754562,"Normal",FALSE,2.34504
"2010-04-28 03:00:00",0.432657539844513,"Normal",FALSE,2.34504
"2010-04-28 04:00:00",0.35895037651062,"Normal",FALSE,2.34504
"2010-04-28 05:00:00",0.566221237182617,"Normal",FALSE,2.34504
"2010-04-28 06:00:00",0.795401811599731,"Normal",FALSE,2.34504
"2010-04-28 07:00:00",0.722153306007385,"Normal",FALSE,2.34504
"2010-04-28 08:00:00",0.652282476425171,"Normal",FALSE,2.34504
"2010-04-28 09:00:00",0.602665662765503,"Normal",FALSE,2.34504
"2010-04-28 10:00:00",1.13557052612305,"Normal",FALSE,2.34504
"2010-04-28 11:00:00",1.58734917640686,"Normal",FALSE,2.34504
"2010-04-28 12:00:00",1.02790153026581,"Normal",FALSE,2.34504
"2010-04-28 13:00:00",0.622751891613007,"Normal",FALSE,2.34504
"2010-04-28 14:00:00",0.381971389055252,"Normal",FALSE,2.34504
"2010-04-28 15:00:00",0.556068956851959,"Normal",FALSE,2.34504
"2010-04-28 16:00:00",0.475281089544296,"Normal",FALSE,2.34504
"2010-04-28 17:00:00",0.630158662796021,"Normal",FALSE,2.34504
"2010-04-28 18:00:00",0.496530205011368,"Normal",FALSE,2.34504
"2010-04-28 19:00:00",0.789871394634247,"Normal",FALSE,2.34504
"2010-04-28 20:00:00",1.17836439609528,"Normal",FALSE,2.34504
"2010-04-28 21:00:00",1.61008477210999,"Normal",FALSE,2.34504
"2010-04-28 22:00:00",1.05432116985321,"Normal",FALSE,2.34504
"2010-04-28 23:00:00",0.511730432510376,"Normal",FALSE,2.34504
"2010-04-29 00:00:00",0.479385524988174,"Normal",FALSE,2.34504
"2010-04-29 01:00:00",0.853580355644226,"Normal",FALSE,2.34504
"2010-04-29 02:00:00",0.472305029630661,"Normal",FALSE,2.34504
"2010-04-29 03:00:00",0.532068908214569,"Normal",FALSE,2.34504
"2010-04-29 04:00:00",0.641832649707794,"Normal",FALSE,2.34504
"2010-04-29 05:00:00",0.636187076568604,"Normal",FALSE,2.34504
"2010-04-29 06:00:00",0.773013949394226,"Normal",FALSE,2.34504
"2010-04-29 07:00:00",1.10644376277924,"Normal",FALSE,2.34504
"2010-04-29 08:00:00",1.30497395992279,"Normal",FALSE,2.34504
"2010-04-29 09:00:00",1.45090413093567,"Normal",FALSE,2.34504
"2010-04-29 10:00:00",1.48211908340454,"Normal",FALSE,2.34504
"2010-04-29 11:00:00",1.04953849315643,"Normal",FALSE,2.34504
"2010-04-29 12:00:00",0.504549086093903,"Normal",FALSE,2.34504
"2010-04-29 13:00:00",0.486941277980804,"Normal",FALSE,2.34504
"2010-04-29 14:00:00",0.540967643260956,"Normal",FALSE,2.34504
"2010-04-29 15:00:00",0.787685692310333,"Normal",FALSE,2.34504
"2010-04-29 16:00:00",0.47576054930687,"Normal",FALSE,2.34504
"2010-04-29 17:00:00",0.539091289043427,"Normal",FALSE,2.34504
"2010-04-29 18:00:00",0.867585301399231,"Normal",FALSE,2.34504
"2010-04-29 19:00:00",1.07762575149536,"Normal",FALSE,2.34504
"2010-04-29 20:00:00",1.42144310474396,"Normal",FALSE,2.34504
"2010-04-29 21:00:00",0.756219685077667,"Normal",FALSE,2.34504
"2010-04-29 22:00:00",0.566055178642273,"Normal",FALSE,2.34504
"2010-04-29 23:00:00",0.484549403190613,"Normal",FALSE,2.34504
"2010-04-30 00:00:00",0.51592218875885,"Normal",FALSE,2.34504
"2010-04-30 01:00:00",0.484564989805222,"Normal",FALSE,2.34504
"2010-04-30 02:00:00",0.576927125453949,"Normal",FALSE,2.34504
"2010-04-30 03:00:00",0.581010401248932,"Normal",FALSE,2.34504
"2010-04-30 04:00:00",0.552782297134399,"Normal",FALSE,2.34504
"2010-04-30 05:00:00",0.409546345472336,"Normal",FALSE,2.34504
"2010-04-30 06:00:00",0.91073739528656,"Normal",FALSE,2.34504
"2010-04-30 07:00:00",0.778251111507416,"Normal",FALSE,2.34504
"2010-04-30 08:00:00",0.495497792959213,"Normal",FALSE,2.34504
"2010-04-30 09:00:00",0.501998364925385,"Normal",FALSE,2.34504
"2010-04-30 10:00:00",0.964280843734741,"Normal",FALSE,2.34504
"2010-04-30 11:00:00",1.05677378177643,"Normal",FALSE,2.34504
"2010-04-30 12:00:00",0.782300531864166,"Normal",FALSE,2.34504
"2010-04-30 13:00:00",1.89731931686401,"Normal",FALSE,2.34504
"2010-04-30 14:00:00",0.823389053344727,"Normal",FALSE,2.34504
"2010-04-30 15:00:00",1.21540427207947,"Normal",FALSE,2.34504
"2010-04-30 16:00:00",0.676055252552032,"Normal",FALSE,2.34504
"2010-04-30 17:00:00",0.833092391490936,"Normal",FALSE,2.34504
"2010-04-30 18:00:00",2.16538691520691,"Normal",FALSE,2.34504
"2010-04-30 19:00:00",1.05323231220245,"Normal",FALSE,2.34504
"2010-04-30 20:00:00",0.777133762836456,"Normal",FALSE,2.34504
"2010-04-30 21:00:00",0.495109647512436,"Normal",FALSE,2.34504
"2010-04-30 22:00:00",0.478268384933472,"Normal",FALSE,2.34504
"2010-04-30 23:00:00",0.619896292686462,"Normal",FALSE,2.34504
"2010-05-01 00:00:00",0.490711152553558,"Normal",FALSE,2.34504
"2010-05-01 01:00:00",0.518322944641113,"Normal",FALSE,2.34504
"2010-05-01 02:00:00",0.577456533908844,"Normal",FALSE,2.34504
"2010-05-01 03:00:00",0.389490008354187,"Normal",FALSE,2.34504
"2010-05-01 04:00:00",0.431954979896545,"Normal",FALSE,2.34504
"2010-05-01 05:00:00",0.486589044332504,"Normal",FALSE,2.34504
"2010-05-01 06:00:00",0.416598439216614,"Normal",FALSE,2.34504
"2010-05-01 07:00:00",0.466052532196045,"Normal",FALSE,2.34504
"2010-05-01 08:00:00",0.644228219985962,"Normal",FALSE,2.34504
"2010-05-01 09:00:00",0.503692746162415,"Normal",FALSE,2.34504
"2010-05-01 10:00:00",0.713285505771637,"Normal",FALSE,2.34504
"2010-05-01 11:00:00",1.12910187244415,"Normal",FALSE,2.34504
"2010-05-01 12:00:00",1.76284790039062,"Normal",FALSE,2.34504
"2010-05-01 13:00:00",1.43050742149353,"Normal",FALSE,2.34504
"2010-05-01 14:00:00",0.891165912151337,"Normal",FALSE,2.34504
"2010-05-01 15:00:00",1.90290081501007,"Normal",FALSE,2.34504
"2010-05-01 16:00:00",1.00841689109802,"Normal",FALSE,2.34504
"2010-05-01 17:00:00",0.708079874515533,"Normal",FALSE,2.34504
"2010-05-01 18:00:00",0.645608425140381,"Normal",FALSE,2.34504
"2010-05-01 19:00:00",0.671382248401642,"Normal",FALSE,2.34504
"2010-05-01 20:00:00",1.12881195545197,"Normal",FALSE,2.34504
"2010-05-01 21:00:00",1.11612462997437,"Normal",FALSE,2.34504
"2010-05-01 22:00:00",1.51394009590149,"Normal",FALSE,2.34504
"2010-05-01 23:00:00",1.59492599964142,"Normal",FALSE,2.34504
"2010-05-02 00:00:00",1.09028422832489,"Normal",FALSE,2.34504
"2010-05-02 01:00:00",0.251494586467743,"Normal",FALSE,2.34504
"2010-05-02 02:00:00",0.390873104333878,"Normal",FALSE,2.34504
"2010-05-02 03:00:00",0.496925055980682,"Normal",FALSE,2.34504
"2010-05-02 04:00:00",0.613866925239563,"Normal",FALSE,2.34504
"2010-05-02 05:00:00",0.475260853767395,"Normal",FALSE,2.34504
"2010-05-02 06:00:00",0.523343622684479,"Normal",FALSE,2.34504
"2010-05-02 07:00:00",0.595166921615601,"Normal",FALSE,2.34504
"2010-05-02 08:00:00",1.43182265758514,"Normal",FALSE,2.34504
"2010-05-02 09:00:00",1.43167686462402,"Normal",FALSE,2.34504
"2010-05-02 10:00:00",1.67435109615326,"Normal",FALSE,2.34504
"2010-05-02 11:00:00",1.03640282154083,"Normal",FALSE,2.34504
"2010-05-02 12:00:00",1.70943582057953,"Normal",FALSE,2.34504
"2010-05-02 13:00:00",2.31789946556091,"Normal",FALSE,2.34504
"2010-05-02 14:00:00",2.07736754417419,"Normal",FALSE,2.34504
"2010-05-02 15:00:00",2.06143069267273,"Normal",FALSE,2.34504
"2010-05-02 16:00:00",2.09218549728394,"Normal",FALSE,2.34504
"2010-05-02 17:00:00",1.69023501873016,"Normal",FALSE,2.34504
"2010-05-02 18:00:00",1.81988120079041,"Normal",FALSE,2.34504
"2010-05-02 19:00:00",1.95365118980408,"Normal",FALSE,2.34504
"2010-05-02 20:00:00",2.35161852836609,"High",TRUE,2.34504
"2010-05-02 21:00:00",2.00928831100464,"Normal",FALSE,2.34504
"2010-05-02 22:00:00",1.57231748104095,"Normal",FALSE,2.34504
"2010-05-02 23:00:00",0.524207949638367,"Normal",FALSE,2.34504
"2010-05-03 00:00:00",0.477817535400391,"Normal",FALSE,2.34504
"2010-05-03 01:00:00",0.50263375043869,"Normal",FALSE,2.34504
"2010-05-03 02:00:00",0.389817535877228,"Normal",FALSE,2.34504
"2010-05-03 03:00:00",0.369688719511032,"Normal",FALSE,2.34504
"2010-05-03 04:00:00",0.44461116194725,"Normal",FALSE,2.34504
"2010-05-03 05:00:00",0.574595093727112,"Normal",FALSE,2.34504
"2010-05-03 06:00:00",0.709734499454498,"Normal",FALSE,2.34504
"2010-05-03 07:00:00",1.15018904209137,"Normal",FALSE,2.34504
"2010-05-03 08:00:00",1.53859889507294,"Normal",FALSE,2.34504
"2010-05-03 09:00:00",1.18666636943817,"Normal",FALSE,2.34504
"2010-05-03 10:00:00",1.21456813812256,"Normal",FALSE,2.34504
"2010-05-03 11:00:00",1.16881859302521,"Normal",FALSE,2.34504
"2010-05-03 12:00:00",0.947753667831421,"Normal",FALSE,2.34504
"2010-05-03 13:00:00",0.752837061882019,"Normal",FALSE,2.34504
"2010-05-03 14:00:00",0.407765537500381,"Normal",FALSE,2.34504
"2010-05-03 15:00:00",0.457965940237045,"Normal",FALSE,2.34504
"2010-05-03 16:00:00",0.456454396247864,"Normal",FALSE,2.34504
"2010-05-03 17:00:00",0.482894450426102,"Normal",FALSE,2.34504
"2010-05-03 18:00:00",0.547083616256714,"Normal",FALSE,2.34504
"2010-05-03 19:00:00",1.2748030424118,"Normal",FALSE,2.34504
"2010-05-03 20:00:00",1.98654580116272,"Normal",FALSE,2.34504
"2010-05-03 21:00:00",2.25849294662476,"Normal",FALSE,2.34504
"2010-05-03 22:00:00",1.62145256996155,"Normal",FALSE,2.34504
"2010-05-03 23:00:00",0.96774160861969,"Normal",FALSE,2.34504
"2010-05-04 00:00:00",0.361252099275589,"Normal",FALSE,2.34504
"2010-05-04 01:00:00",0.412149578332901,"Normal",FALSE,2.34504
"2010-05-04 02:00:00",0.401167035102844,"Normal",FALSE,2.34504
"2010-05-04 03:00:00",0.343235671520233,"Normal",FALSE,2.34504
"2010-05-04 04:00:00",0.37939178943634,"Normal",FALSE,2.34504
"2010-05-04 05:00:00",0.544899225234985,"Normal",FALSE,2.34504
"2010-05-04 06:00:00",1.03748190402985,"Normal",FALSE,2.34504
"2010-05-04 07:00:00",1.43495118618011,"Normal",FALSE,2.34504
"2010-05-04 08:00:00",1.39678287506104,"Normal",FALSE,2.34504
"2010-05-04 09:00:00",1.48659908771515,"Normal",FALSE,2.34504
"2010-05-04 10:00:00",1.5479531288147,"Normal",FALSE,2.34504
"2010-05-04 11:00:00",1.56109058856964,"Normal",FALSE,2.34504
"2010-05-04 12:00:00",1.35752928256989,"Normal",FALSE,2.34504
"2010-05-04 13:00:00",1.22345542907715,"Normal",FALSE,2.34504
"2010-05-04 14:00:00",1.01496744155884,"Normal",FALSE,2.34504
"2010-05-04 15:00:00",1.07147598266602,"Normal",FALSE,2.34504
"2010-05-04 16:00:00",1.06395983695984,"Normal",FALSE,2.34504
"2010-05-04 17:00:00",0.628773808479309,"Normal",FALSE,2.34504
"2010-05-04 18:00:00",0.741307020187378,"Normal",FALSE,2.34504
"2010-05-04 19:00:00",1.16755723953247,"Normal",FALSE,2.34504
"2010-05-04 20:00:00",1.78725981712341,"Normal",FALSE,2.34504
"2010-05-04 21:00:00",1.86626708507538,"Normal",FALSE,2.34504
"2010-05-04 22:00:00",1.39277803897858,"Normal",FALSE,2.34504
"2010-05-04 23:00:00",0.650057137012482,"Normal",FALSE,2.34504
"2010-05-05 00:00:00",0.481989949941635,"Normal",FALSE,2.34504
"2010-05-05 01:00:00",0.395014703273773,"Normal",FALSE,2.34504
"2010-05-05 02:00:00",0.344329595565796,"Normal",FALSE,2.34504
"2010-05-05 03:00:00",0.389968454837799,"Normal",FALSE,2.34504
"2010-05-05 04:00:00",0.396909832954407,"Normal",FALSE,2.34504
"2010-05-05 05:00:00",0.63664698600769,"Normal",FALSE,2.34504
"2010-05-05 06:00:00",0.813767671585083,"Normal",FALSE,2.34504
"2010-05-05 07:00:00",1.18215215206146,"Normal",FALSE,2.34504
"2010-05-05 08:00:00",1.50725698471069,"Normal",FALSE,2.34504
"2010-05-05 09:00:00",1.23125290870667,"Normal",FALSE,2.34504
"2010-05-05 10:00:00",1.84573364257812,"Normal",FALSE,2.34504
"2010-05-05 11:00:00",1.72552382946014,"Normal",FALSE,2.34504
"2010-05-05 12:00:00",1.52747654914856,"Normal",FALSE,2.34504
"2010-05-05 13:00:00",1.44207167625427,"Normal",FALSE,2.34504
"2010-05-05 14:00:00",1.32541358470917,"Normal",FALSE,2.34504
"2010-05-05 15:00:00",1.74211192131042,"Normal",FALSE,2.34504
"2010-05-05 16:00:00",1.46146595478058,"Normal",FALSE,2.34504
"2010-05-05 17:00:00",0.881741762161255,"Normal",FALSE,2.34504
"2010-05-05 18:00:00",0.901423990726471,"Normal",FALSE,2.34504
"2010-05-05 19:00:00",1.79335808753967,"Normal",FALSE,2.34504
"2010-05-05 20:00:00",2.05940937995911,"Normal",FALSE,2.34504
"2010-05-05 21:00:00",1.91455221176147,"Normal",FALSE,2.34504
"2010-05-05 22:00:00",1.40273916721344,"Normal",FALSE,2.34504
"2010-05-05 23:00:00",0.794332087039948,"Normal",FALSE,2.34504
"2010-05-06 00:00:00",0.463293135166168,"Normal",FALSE,2.34504
"2010-05-06 01:00:00",0.368562191724777,"Normal",FALSE,2.34504
"2010-05-06 02:00:00",0.429558902978897,"Normal",FALSE,2.34504
"2010-05-06 03:00:00",0.381996423006058,"Normal",FALSE,2.34504
"2010-05-06 04:00:00",0.579439699649811,"Normal",FALSE,2.34504
"2010-05-06 05:00:00",0.406151980161667,"Normal",FALSE,2.34504
"2010-05-06 06:00:00",0.930348575115204,"Normal",FALSE,2.34504
"2010-05-06 07:00:00",1.18747997283936,"Normal",FALSE,2.34504
"2010-05-06 08:00:00",1.39735317230225,"Normal",FALSE,2.34504
"2010-05-06 09:00:00",1.55067813396454,"Normal",FALSE,2.34504
"2010-05-06 10:00:00",1.2286913394928,"Normal",FALSE,2.34504
"2010-05-06 11:00:00",1.1729462146759,"Normal",FALSE,2.34504
"2010-05-06 12:00:00",1.21747934818268,"Normal",FALSE,2.34504
"2010-05-06 13:00:00",1.23069763183594,"Normal",FALSE,2.34504
"2010-05-06 14:00:00",0.783790946006775,"Normal",FALSE,2.34504
"2010-05-06 15:00:00",0.509497702121735,"Normal",FALSE,2.34504
"2010-05-06 16:00:00",0.56862211227417,"Normal",FALSE,2.34504
"2010-05-06 17:00:00",0.517214119434357,"Normal",FALSE,2.34504
"2010-05-06 18:00:00",0.706243634223938,"Normal",FALSE,2.34504
"2010-05-06 19:00:00",1.64482450485229,"Normal",FALSE,2.34504
"2010-05-06 20:00:00",1.80455470085144,"Normal",FALSE,2.34504
"2010-05-06 21:00:00",1.60476422309875,"Normal",FALSE,2.34504
"2010-05-06 22:00:00",0.865103125572205,"Normal",FALSE,2.34504
"2010-05-06 23:00:00",0.59718519449234,"Normal",FALSE,2.34504
"2010-05-07 00:00:00",0.467269748449326,"Normal",FALSE,2.34504
"2010-05-07 01:00:00",0.375142753124237,"Normal",FALSE,2.34504
"2010-05-07 02:00:00",0.375038295984268,"Normal",FALSE,2.34504
"2010-05-07 03:00:00",0.41003692150116,"Normal",FALSE,2.34504
"2010-05-07 04:00:00",0.440181612968445,"Normal",FALSE,2.34504
"2010-05-07 05:00:00",0.391530305147171,"Normal",FALSE,2.34504
"2010-05-07 06:00:00",0.774402558803558,"Normal",FALSE,2.34504
"2010-05-07 07:00:00",1.50448167324066,"Normal",FALSE,2.34504
"2010-05-07 08:00:00",1.58333897590637,"Normal",FALSE,2.34504
"2010-05-07 09:00:00",1.49005377292633,"Normal",FALSE,2.34504
"2010-05-07 10:00:00",1.61695373058319,"Normal",FALSE,2.34504
"2010-05-07 11:00:00",1.16011416912079,"Normal",FALSE,2.34504
"2010-05-07 12:00:00",1.31914639472961,"Normal",FALSE,2.34504
"2010-05-07 13:00:00",1.41997504234314,"Normal",FALSE,2.34504
"2010-05-07 14:00:00",0.663138926029205,"Normal",FALSE,2.34504
"2010-05-07 15:00:00",0.747327983379364,"Normal",FALSE,2.34504
"2010-05-07 16:00:00",1.15963327884674,"Normal",FALSE,2.34504
"2010-05-07 17:00:00",1.05119931697845,"Normal",FALSE,2.34504
"2010-05-07 18:00:00",0.63722425699234,"Normal",FALSE,2.34504
"2010-05-07 19:00:00",1.14581227302551,"Normal",FALSE,2.34504
"2010-05-07 20:00:00",1.52897870540619,"Normal",FALSE,2.34504
"2010-05-07 21:00:00",2.0315043926239,"Normal",FALSE,2.34504
"2010-05-07 22:00:00",1.47227954864502,"Normal",FALSE,2.34504
"2010-05-07 23:00:00",0.925614774227142,"Normal",FALSE,2.34504
"2010-05-08 00:00:00",0.82972663640976,"Normal",FALSE,2.34504
"2010-05-08 01:00:00",0.579445600509644,"Normal",FALSE,2.34504
"2010-05-08 02:00:00",1.65979051589966,"Normal",FALSE,2.34504
"2010-05-08 03:00:00",0.79231733083725,"Normal",FALSE,2.34504
"2010-05-08 04:00:00",0.572570621967316,"Normal",FALSE,2.34504
"2010-05-08 05:00:00",0.34836944937706,"Normal",FALSE,2.34504
"2010-05-08 06:00:00",0.58332633972168,"Normal",FALSE,2.34504
"2010-05-08 07:00:00",0.61920166015625,"Normal",FALSE,2.34504
"2010-05-08 08:00:00",0.654584169387817,"Normal",FALSE,2.34504
"2010-05-08 09:00:00",1.18288457393646,"Normal",FALSE,2.34504
"2010-05-08 10:00:00",1.89975547790527,"Normal",FALSE,2.34504
"2010-05-08 11:00:00",1.87359166145325,"Normal",FALSE,2.34504
"2010-05-08 12:00:00",1.85332334041595,"Normal",FALSE,2.34504
"2010-05-08 13:00:00",1.70074880123138,"Normal",FALSE,2.34504
"2010-05-08 14:00:00",1.76721453666687,"Normal",FALSE,2.34504
"2010-05-08 15:00:00",1.44307565689087,"Normal",FALSE,2.34504
"2010-05-08 16:00:00",0.712407827377319,"Normal",FALSE,2.34504
"2010-05-08 17:00:00",0.529945611953735,"Normal",FALSE,2.34504
"2010-05-08 18:00:00",0.638299167156219,"Normal",FALSE,2.34504
"2010-05-08 19:00:00",0.719282209873199,"Normal",FALSE,2.34504
"2010-05-08 20:00:00",0.568520307540894,"Normal",FALSE,2.34504
"2010-05-08 21:00:00",0.980976164340973,"Normal",FALSE,2.34504
"2010-05-08 22:00:00",2.23141145706177,"Normal",FALSE,2.34504
"2010-05-08 23:00:00",0.792850077152252,"Normal",FALSE,2.34504
"2010-05-09 00:00:00",0.495491057634354,"Normal",FALSE,2.34504
"2010-05-09 01:00:00",0.448317974805832,"Normal",FALSE,2.34504
"2010-05-09 02:00:00",0.529399812221527,"Normal",FALSE,2.34504
"2010-05-09 03:00:00",0.457769095897675,"Normal",FALSE,2.34504
"2010-05-09 04:00:00",0.48861101269722,"Normal",FALSE,2.34504
"2010-05-09 05:00:00",0.399300098419189,"Normal",FALSE,2.34504
"2010-05-09 06:00:00",0.485755026340485,"Normal",FALSE,2.34504
"2010-05-09 07:00:00",0.910007238388062,"Normal",FALSE,2.34504
"2010-05-09 08:00:00",1.10083699226379,"Normal",FALSE,2.34504
"2010-05-09 09:00:00",1.13019597530365,"Normal",FALSE,2.34504
"2010-05-09 10:00:00",1.14389705657959,"Normal",FALSE,2.34504
"2010-05-09 11:00:00",2.12443375587463,"Normal",FALSE,2.34504
"2010-05-09 12:00:00",1.8926887512207,"Normal",FALSE,2.34504
"2010-05-09 13:00:00",1.55072200298309,"Normal",FALSE,2.34504
"2010-05-09 14:00:00",1.58083701133728,"Normal",FALSE,2.34504
"2010-05-09 15:00:00",1.66071903705597,"Normal",FALSE,2.34504
"2010-05-09 16:00:00",1.02815628051758,"Normal",FALSE,2.34504
"2010-05-09 17:00:00",1.00647783279419,"Normal",FALSE,2.34504
"2010-05-09 18:00:00",1.35141050815582,"Normal",FALSE,2.34504
"2010-05-09 19:00:00",1.47309529781342,"Normal",FALSE,2.34504
"2010-05-09 20:00:00",2.01004791259766,"Normal",FALSE,2.34504
"2010-05-09 21:00:00",2.25145626068115,"Normal",FALSE,2.34504
"2010-05-09 22:00:00",1.6564769744873,"Normal",FALSE,2.34504
"2010-05-09 23:00:00",0.707702994346619,"Normal",FALSE,2.34504
"2010-05-10 00:00:00",0.413699448108673,"Normal",FALSE,2.34504
"2010-05-10 01:00:00",0.423059493303299,"Normal",FALSE,2.34504
"2010-05-10 02:00:00",0.388316780328751,"Normal",FALSE,2.34504
"2010-05-10 03:00:00",0.421028077602386,"Normal",FALSE,2.34504
"2010-05-10 04:00:00",0.463648945093155,"Normal",FALSE,2.34504
"2010-05-10 05:00:00",0.504188716411591,"Normal",FALSE,2.34504
"2010-05-10 06:00:00",0.799544155597687,"Normal",FALSE,2.34504
"2010-05-10 07:00:00",1.74332547187805,"Normal",FALSE,2.34504
"2010-05-10 08:00:00",1.51831769943237,"Normal",FALSE,2.34504
"2010-05-10 09:00:00",1.35206604003906,"Normal",FALSE,2.34504
"2010-05-10 10:00:00",1.17651450634003,"Normal",FALSE,2.34504
"2010-05-10 11:00:00",1.22524011135101,"Normal",FALSE,2.34504
"2010-05-10 12:00:00",1.2776643037796,"Normal",FALSE,2.34504
"2010-05-10 13:00:00",0.849336922168732,"Normal",FALSE,2.34504
"2010-05-10 14:00:00",0.427864283323288,"Normal",FALSE,2.34504
"2010-05-10 15:00:00",0.683912754058838,"Normal",FALSE,2.34504
"2010-05-10 16:00:00",0.497429728507996,"Normal",FALSE,2.34504
"2010-05-10 17:00:00",0.590180814266205,"Normal",FALSE,2.34504
"2010-05-10 18:00:00",0.654191434383392,"Normal",FALSE,2.34504
"2010-05-10 19:00:00",1.0961629152298,"Normal",FALSE,2.34504
"2010-05-10 20:00:00",2.06118965148926,"Normal",FALSE,2.34504
"2010-05-10 21:00:00",2.5037214756012,"High",TRUE,2.34504
"2010-05-10 22:00:00",1.4892395734787,"Normal",FALSE,2.34504
"2010-05-10 23:00:00",1.08549797534943,"Normal",FALSE,2.34504
"2010-05-11 00:00:00",1.02717518806458,"Normal",FALSE,2.34504
"2010-05-11 01:00:00",0.967699468135834,"Normal",FALSE,2.34504
"2010-05-11 02:00:00",1.20490896701813,"Normal",FALSE,2.34504
"2010-05-11 03:00:00",1.20285749435425,"Normal",FALSE,2.34504
"2010-05-11 04:00:00",0.384826868772507,"Normal",FALSE,2.34504
"2010-05-11 05:00:00",0.394327759742737,"Normal",FALSE,2.34504
"2010-05-11 06:00:00",0.812805652618408,"Normal",FALSE,2.34504
"2010-05-11 07:00:00",1.5263340473175,"Normal",FALSE,2.34504
"2010-05-11 08:00:00",1.66307020187378,"Normal",FALSE,2.34504
"2010-05-11 09:00:00",1.81185030937195,"Normal",FALSE,2.34504
"2010-05-11 10:00:00",1.57371592521667,"Normal",FALSE,2.34504
"2010-05-11 11:00:00",1.56548261642456,"Normal",FALSE,2.34504
"2010-05-11 12:00:00",1.49994230270386,"Normal",FALSE,2.34504
"2010-05-11 13:00:00",0.960647940635681,"Normal",FALSE,2.34504
"2010-05-11 14:00:00",0.770506799221039,"Normal",FALSE,2.34504
"2010-05-11 15:00:00",0.601618230342865,"Normal",FALSE,2.34504
"2010-05-11 16:00:00",0.640541017055511,"Normal",FALSE,2.34504
"2010-05-11 17:00:00",0.750803828239441,"Normal",FALSE,2.34504
"2010-05-11 18:00:00",0.93525767326355,"Normal",FALSE,2.34504
"2010-05-11 19:00:00",1.36681377887726,"Normal",FALSE,2.34504
"2010-05-11 20:00:00",1.90580570697784,"Normal",FALSE,2.34504
"2010-05-11 21:00:00",1.30761635303497,"Normal",FALSE,2.34504
"2010-05-11 22:00:00",0.91866672039032,"Normal",FALSE,2.34504
"2010-05-11 23:00:00",0.626192629337311,"Normal",FALSE,2.34504
"2010-05-12 00:00:00",0.595937192440033,"Normal",FALSE,2.34504
"2010-05-12 01:00:00",0.356983184814453,"Normal",FALSE,2.34504
"2010-05-12 02:00:00",0.444508224725723,"Normal",FALSE,2.34504
"2010-05-12 03:00:00",0.580164551734924,"Normal",FALSE,2.34504
"2010-05-12 04:00:00",0.408695042133331,"Normal",FALSE,2.34504
"2010-05-12 05:00:00",0.409473389387131,"Normal",FALSE,2.34504
"2010-05-12 06:00:00",0.987844049930573,"Normal",FALSE,2.34504
"2010-05-12 07:00:00",1.56585454940796,"Normal",FALSE,2.34504
"2010-05-12 08:00:00",1.90249514579773,"Normal",FALSE,2.34504
"2010-05-12 09:00:00",1.67882800102234,"Normal",FALSE,2.34504
"2010-05-12 10:00:00",1.67411172389984,"Normal",FALSE,2.34504
"2010-05-12 11:00:00",1.43104362487793,"Normal",FALSE,2.34504
"2010-05-12 12:00:00",1.56520557403564,"Normal",FALSE,2.34504
"2010-05-12 13:00:00",1.55365669727325,"Normal",FALSE,2.34504
"2010-05-12 14:00:00",1.33723485469818,"Normal",FALSE,2.34504
"2010-05-12 15:00:00",2.10370898246765,"Normal",FALSE,2.34504
"2010-05-12 16:00:00",1.4170458316803,"Normal",FALSE,2.34504
"2010-05-12 17:00:00",1.40941381454468,"Normal",FALSE,2.34504
"2010-05-12 18:00:00",2.3443284034729,"Normal",FALSE,2.34504
"2010-05-12 19:00:00",1.19789338111877,"Normal",FALSE,2.34504
"2010-05-12 20:00:00",1.41566562652588,"Normal",FALSE,2.34504
"2010-05-12 21:00:00",1.97010397911072,"Normal",FALSE,2.34504
"2010-05-12 22:00:00",1.31688606739044,"Normal",FALSE,2.34504
"2010-05-12 23:00:00",0.847679495811462,"Normal",FALSE,2.34504
"2010-05-13 00:00:00",0.936732470989227,"Normal",FALSE,2.34504
"2010-05-13 01:00:00",0.348455280065536,"Normal",FALSE,2.34504
"2010-05-13 02:00:00",0.396709769964218,"Normal",FALSE,2.34504
"2010-05-13 03:00:00",0.395943999290466,"Normal",FALSE,2.34504
"2010-05-13 04:00:00",0.383963614702225,"Normal",FALSE,2.34504
"2010-05-13 05:00:00",0.411451607942581,"Normal",FALSE,2.34504
"2010-05-13 06:00:00",1.01570868492126,"Normal",FALSE,2.34504
"2010-05-13 07:00:00",1.01842069625854,"Normal",FALSE,2.34504
"2010-05-13 08:00:00",0.95879191160202,"Normal",FALSE,2.34504
"2010-05-13 09:00:00",1.43774926662445,"Normal",FALSE,2.34504
"2010-05-13 10:00:00",1.02391982078552,"Normal",FALSE,2.34504
"2010-05-13 11:00:00",1.42479634284973,"Normal",FALSE,2.34504
"2010-05-13 12:00:00",1.64748597145081,"Normal",FALSE,2.34504
"2010-05-13 13:00:00",1.51529395580292,"Normal",FALSE,2.34504
"2010-05-13 14:00:00",1.09703612327576,"Normal",FALSE,2.34504
"2010-05-13 15:00:00",1.24592232704163,"Normal",FALSE,2.34504
"2010-05-13 16:00:00",0.721325278282166,"Normal",FALSE,2.34504
"2010-05-13 17:00:00",0.876620769500732,"Normal",FALSE,2.34504
"2010-05-13 18:00:00",1.00157570838928,"Normal",FALSE,2.34504
"2010-05-13 19:00:00",2.33202242851257,"Normal",FALSE,2.34504
"2010-05-13 20:00:00",1.54014909267426,"Normal",FALSE,2.34504
"2010-05-13 21:00:00",1.80764544010162,"Normal",FALSE,2.34504
"2010-05-13 22:00:00",1.56880939006805,"Normal",FALSE,2.34504
"2010-05-13 23:00:00",0.900220036506653,"Normal",FALSE,2.34504
"2010-05-14 00:00:00",0.40964612364769,"Normal",FALSE,2.34504
"2010-05-14 01:00:00",0.415380388498306,"Normal",FALSE,2.34504
"2010-05-14 02:00:00",0.452620685100555,"Normal",FALSE,2.34504
"2010-05-14 03:00:00",0.420924007892609,"Normal",FALSE,2.34504
"2010-05-14 04:00:00",0.485597461462021,"Normal",FALSE,2.34504
"2010-05-14 05:00:00",0.493748813867569,"Normal",FALSE,2.34504
"2010-05-14 06:00:00",0.916357100009918,"Normal",FALSE,2.34504
"2010-05-14 07:00:00",2.04621934890747,"Normal",FALSE,2.34504
"2010-05-14 08:00:00",1.67383897304535,"Normal",FALSE,2.34504
"2010-05-14 09:00:00",1.63303089141846,"Normal",FALSE,2.34504
"2010-05-14 10:00:00",1.77404344081879,"Normal",FALSE,2.34504
"2010-05-14 11:00:00",1.31578588485718,"Normal",FALSE,2.34504
"2010-05-14 12:00:00",1.45258045196533,"Normal",FALSE,2.34504
"2010-05-14 13:00:00",1.39322054386139,"Normal",FALSE,2.34504
"2010-05-14 14:00:00",1.28640341758728,"Normal",FALSE,2.34504
"2010-05-14 15:00:00",1.2879364490509,"Normal",FALSE,2.34504
"2010-05-14 16:00:00",1.22765350341797,"Normal",FALSE,2.34504
"2010-05-14 17:00:00",1.54000103473663,"Normal",FALSE,2.34504
"2010-05-14 18:00:00",1.36249923706055,"Normal",FALSE,2.34504
"2010-05-14 19:00:00",1.57217967510223,"Normal",FALSE,2.34504
"2010-05-14 20:00:00",1.83944571018219,"Normal",FALSE,2.34504
"2010-05-14 21:00:00",1.74492931365967,"Normal",FALSE,2.34504
"2010-05-14 22:00:00",0.818990767002106,"Normal",FALSE,2.34504
"2010-05-14 23:00:00",0.535885810852051,"Normal",FALSE,2.34504
"2010-05-15 00:00:00",0.416776835918427,"Normal",FALSE,2.34504
"2010-05-15 01:00:00",0.440491110086441,"Normal",FALSE,2.34504
"2010-05-15 02:00:00",0.404287159442902,"Normal",FALSE,2.34504
"2010-05-15 03:00:00",0.433283895254135,"Normal",FALSE,2.34504
"2010-05-15 04:00:00",0.507082223892212,"Normal",FALSE,2.34504
"2010-05-15 05:00:00",0.498044580221176,"Normal",FALSE,2.34504
"2010-05-15 06:00:00",0.880412936210632,"Normal",FALSE,2.34504
"2010-05-15 07:00:00",1.27769935131073,"Normal",FALSE,2.34504
"2010-05-15 08:00:00",1.69777393341064,"Normal",FALSE,2.34504
"2010-05-15 09:00:00",1.7532045841217,"Normal",FALSE,2.34504
"2010-05-15 10:00:00",1.71914386749268,"Normal",FALSE,2.34504
"2010-05-15 11:00:00",1.28678643703461,"Normal",FALSE,2.34504
"2010-05-15 12:00:00",0.842674612998962,"Normal",FALSE,2.34504
"2010-05-15 13:00:00",1.04001033306122,"Normal",FALSE,2.34504
"2010-05-15 14:00:00",1.63599073886871,"Normal",FALSE,2.34504
"2010-05-15 15:00:00",1.08450782299042,"Normal",FALSE,2.34504
"2010-05-15 16:00:00",0.868412256240845,"Normal",FALSE,2.34504
"2010-05-15 17:00:00",0.916969060897827,"Normal",FALSE,2.34504
"2010-05-15 18:00:00",0.996960282325745,"Normal",FALSE,2.34504
"2010-05-15 19:00:00",1.26822423934937,"Normal",FALSE,2.34504
"2010-05-15 20:00:00",1.74133038520813,"Normal",FALSE,2.34504
"2010-05-15 21:00:00",2.55550694465637,"High",TRUE,2.34504
"2010-05-15 22:00:00",2.15423512458801,"Normal",FALSE,2.34504
"2010-05-15 23:00:00",1.99284017086029,"Normal",FALSE,2.34504
"2010-05-16 00:00:00",1.90153348445892,"Normal",FALSE,2.34504
"2010-05-16 01:00:00",1.31228816509247,"Normal",FALSE,2.34504
"2010-05-16 02:00:00",1.51787185668945,"Normal",FALSE,2.34504
"2010-05-16 03:00:00",1.50151669979095,"Normal",FALSE,2.34504
"2010-05-16 04:00:00",1.30921292304993,"Normal",FALSE,2.34504
"2010-05-16 05:00:00",0.309792250394821,"Normal",FALSE,2.34504
"2010-05-16 06:00:00",0.729945003986359,"Normal",FALSE,2.34504
"2010-05-16 07:00:00",0.519107162952423,"Normal",FALSE,2.34504
"2010-05-16 08:00:00",0.573579549789429,"Normal",FALSE,2.34504
"2010-05-16 09:00:00",1.01048493385315,"Normal",FALSE,2.34504
"2010-05-16 10:00:00",1.79072630405426,"Normal",FALSE,2.34504
"2010-05-16 11:00:00",1.53263175487518,"Normal",FALSE,2.34504
"2010-05-16 12:00:00",1.05804753303528,"Normal",FALSE,2.34504
"2010-05-16 13:00:00",1.03455245494843,"Normal",FALSE,2.34504
"2010-05-16 14:00:00",1.68946051597595,"Normal",FALSE,2.34504
"2010-05-16 15:00:00",2.26221752166748,"Normal",FALSE,2.34504
"2010-05-16 16:00:00",0.92303204536438,"Normal",FALSE,2.34504
"2010-05-16 17:00:00",0.985958516597748,"Normal",FALSE,2.34504
"2010-05-16 18:00:00",1.18690371513367,"Normal",FALSE,2.34504
"2010-05-16 19:00:00",1.86710476875305,"Normal",FALSE,2.34504
"2010-05-16 20:00:00",2.43965673446655,"High",TRUE,2.34504
"2010-05-16 21:00:00",2.34013819694519,"Normal",FALSE,2.34504
"2010-05-16 22:00:00",1.65510165691376,"Normal",FALSE,2.34504
"2010-05-16 23:00:00",0.987706780433655,"Normal",FALSE,2.34504
"2010-05-17 00:00:00",0.879631519317627,"Normal",FALSE,2.34504
"2010-05-17 01:00:00",0.476184844970703,"Normal",FALSE,2.34504
"2010-05-17 02:00:00",0.381396621465683,"Normal",FALSE,2.34504
"2010-05-17 03:00:00",0.386192947626114,"Normal",FALSE,2.34504
"2010-05-17 04:00:00",0.374181419610977,"Normal",FALSE,2.34504
"2010-05-17 05:00:00",0.519351899623871,"Normal",FALSE,2.34504
"2010-05-17 06:00:00",0.741891026496887,"Normal",FALSE,2.34504
"2010-05-17 07:00:00",1.92438185214996,"Normal",FALSE,2.34504
"2010-05-17 08:00:00",1.62816190719604,"Normal",FALSE,2.34504
"2010-05-17 09:00:00",1.33789551258087,"Normal",FALSE,2.34504
"2010-05-17 10:00:00",1.34806299209595,"Normal",FALSE,2.34504
"2010-05-17 11:00:00",1.34364426136017,"Normal",FALSE,2.34504
"2010-05-17 12:00:00",1.22353374958038,"Normal",FALSE,2.34504
"2010-05-17 13:00:00",1.26069390773773,"Normal",FALSE,2.34504
"2010-05-17 14:00:00",1.08025002479553,"Normal",FALSE,2.34504
"2010-05-17 15:00:00",1.21825957298279,"Normal",FALSE,2.34504
"2010-05-17 16:00:00",1.13579165935516,"Normal",FALSE,2.34504
"2010-05-17 17:00:00",1.36452579498291,"Normal",FALSE,2.34504
"2010-05-17 18:00:00",1.43050634860992,"Normal",FALSE,2.34504
"2010-05-17 19:00:00",1.28868973255157,"Normal",FALSE,2.34504
"2010-05-17 20:00:00",1.45816171169281,"Normal",FALSE,2.34504
"2010-05-17 21:00:00",1.82292401790619,"Normal",FALSE,2.34504
"2010-05-17 22:00:00",1.57242047786713,"Normal",FALSE,2.34504
"2010-05-17 23:00:00",0.64272141456604,"Normal",FALSE,2.34504
"2010-05-18 00:00:00",0.494578868150711,"Normal",FALSE,2.34504
"2010-05-18 01:00:00",0.43592444062233,"Normal",FALSE,2.34504
"2010-05-18 02:00:00",0.508331179618835,"Normal",FALSE,2.34504
"2010-05-18 03:00:00",0.411304533481598,"Normal",FALSE,2.34504
"2010-05-18 04:00:00",0.456045061349869,"Normal",FALSE,2.34504
"2010-05-18 05:00:00",0.431521981954575,"Normal",FALSE,2.34504
"2010-05-18 06:00:00",0.883100628852844,"Normal",FALSE,2.34504
"2010-05-18 07:00:00",1.69397687911987,"Normal",FALSE,2.34504
"2010-05-18 08:00:00",1.60496890544891,"Normal",FALSE,2.34504
"2010-05-18 09:00:00",1.42583847045898,"Normal",FALSE,2.34504
"2010-05-18 10:00:00",1.47463774681091,"Normal",FALSE,2.34504
"2010-05-18 11:00:00",1.38276469707489,"Normal",FALSE,2.34504
"2010-05-18 12:00:00",1.30102396011353,"Normal",FALSE,2.34504
"2010-05-18 13:00:00",1.2819299697876,"Normal",FALSE,2.34504
"2010-05-18 14:00:00",1.27404832839966,"Normal",FALSE,2.34504
"2010-05-18 15:00:00",0.848926484584808,"Normal",FALSE,2.34504
"2010-05-18 16:00:00",0.767113626003265,"Normal",FALSE,2.34504
"2010-05-18 17:00:00",0.822239875793457,"Normal",FALSE,2.34504
"2010-05-18 18:00:00",0.948406755924225,"Normal",FALSE,2.34504
"2010-05-18 19:00:00",1.54407429695129,"Normal",FALSE,2.34504
"2010-05-18 20:00:00",1.67941653728485,"Normal",FALSE,2.34504
"2010-05-18 21:00:00",2.00268316268921,"Normal",FALSE,2.34504
"2010-05-18 22:00:00",1.07040369510651,"Normal",FALSE,2.34504
"2010-05-18 23:00:00",0.58549040555954,"Normal",FALSE,2.34504
"2010-05-19 00:00:00",0.515234470367432,"Normal",FALSE,2.34504
"2010-05-19 01:00:00",0.598084568977356,"Normal",FALSE,2.34504
"2010-05-19 02:00:00",0.5909304022789,"Normal",FALSE,2.34504
"2010-05-19 03:00:00",0.522124350070953,"Normal",FALSE,2.34504
"2010-05-19 04:00:00",0.453651577234268,"Normal",FALSE,2.34504
"2010-05-19 05:00:00",0.464991837739944,"Normal",FALSE,2.34504
"2010-05-19 06:00:00",0.902866959571838,"Normal",FALSE,2.34504
"2010-05-19 07:00:00",1.80431342124939,"Normal",FALSE,2.34504
"2010-05-19 08:00:00",1.39965558052063,"Normal",FALSE,2.34504
"2010-05-19 09:00:00",1.51287651062012,"Normal",FALSE,2.34504
"2010-05-19 10:00:00",1.58489394187927,"Normal",FALSE,2.34504
"2010-05-19 11:00:00",1.46093940734863,"Normal",FALSE,2.34504
"2010-05-19 12:00:00",1.6713011264801,"Normal",FALSE,2.34504
"2010-05-19 13:00:00",1.36961805820465,"Normal",FALSE,2.34504
"2010-05-19 14:00:00",0.507050395011902,"Normal",FALSE,2.34504
"2010-05-19 15:00:00",1.07644784450531,"Normal",FALSE,2.34504
"2010-05-19 16:00:00",0.902356386184692,"Normal",FALSE,2.34504
"2010-05-19 17:00:00",0.813674807548523,"Normal",FALSE,2.34504
"2010-05-19 18:00:00",0.705904066562653,"Normal",FALSE,2.34504
"2010-05-19 19:00:00",1.14708817005157,"Normal",FALSE,2.34504
"2010-05-19 20:00:00",1.70180916786194,"Normal",FALSE,2.34504
"2010-05-19 21:00:00",2.07565546035767,"Normal",FALSE,2.34504
"2010-05-19 22:00:00",1.19513237476349,"Normal",FALSE,2.34504
"2010-05-19 23:00:00",0.511992216110229,"Normal",FALSE,2.34504
"2010-05-20 00:00:00",0.75104296207428,"Normal",FALSE,2.34504
"2010-05-20 01:00:00",0.418291062116623,"Normal",FALSE,2.34504
"2010-05-20 02:00:00",0.453729838132858,"Normal",FALSE,2.34504
"2010-05-20 03:00:00",0.41849473118782,"Normal",FALSE,2.34504
"2010-05-20 04:00:00",0.447678536176682,"Normal",FALSE,2.34504
"2010-05-20 05:00:00",0.390158355236053,"Normal",FALSE,2.34504
"2010-05-20 06:00:00",0.662208914756775,"Normal",FALSE,2.34504
"2010-05-20 07:00:00",1.32995581626892,"Normal",FALSE,2.34504
"2010-05-20 08:00:00",1.53861308097839,"Normal",FALSE,2.34504
"2010-05-20 09:00:00",1.4905424118042,"Normal",FALSE,2.34504
"2010-05-20 10:00:00",1.31697571277618,"Normal",FALSE,2.34504
"2010-05-20 11:00:00",1.45619702339172,"Normal",FALSE,2.34504
"2010-05-20 12:00:00",1.32721531391144,"Normal",FALSE,2.34504
"2010-05-20 13:00:00",1.13644182682037,"Normal",FALSE,2.34504
"2010-05-20 14:00:00",0.645332038402557,"Normal",FALSE,2.34504
"2010-05-20 15:00:00",0.765770792961121,"Normal",FALSE,2.34504
"2010-05-20 16:00:00",0.467723488807678,"Normal",FALSE,2.34504
"2010-05-20 17:00:00",0.706591546535492,"Normal",FALSE,2.34504
"2010-05-20 18:00:00",0.820267200469971,"Normal",FALSE,2.34504
"2010-05-20 19:00:00",1.60395181179047,"Normal",FALSE,2.34504
"2010-05-20 20:00:00",1.75203394889832,"Normal",FALSE,2.34504
"2010-05-20 21:00:00",1.02101147174835,"Normal",FALSE,2.34504
"2010-05-20 22:00:00",0.750247478485107,"Normal",FALSE,2.34504
"2010-05-20 23:00:00",0.629195749759674,"Normal",FALSE,2.34504
"2010-05-21 00:00:00",0.579563438892365,"Normal",FALSE,2.34504
"2010-05-21 01:00:00",0.451422870159149,"Normal",FALSE,2.34504
"2010-05-21 02:00:00",0.622172653675079,"Normal",FALSE,2.34504
"2010-05-21 03:00:00",0.608130931854248,"Normal",FALSE,2.34504
"2010-05-21 04:00:00",0.470187813043594,"Normal",FALSE,2.34504
"2010-05-21 05:00:00",0.420512437820435,"Normal",FALSE,2.34504
"2010-05-21 06:00:00",0.962570607662201,"Normal",FALSE,2.34504
"2010-05-21 07:00:00",1.07945466041565,"Normal",FALSE,2.34504
"2010-05-21 08:00:00",1.42821025848389,"Normal",FALSE,2.34504
"2010-05-21 09:00:00",1.65142822265625,"Normal",FALSE,2.34504
"2010-05-21 10:00:00",1.63124859333038,"Normal",FALSE,2.34504
"2010-05-21 11:00:00",1.44184613227844,"Normal",FALSE,2.34504
"2010-05-21 12:00:00",1.43884479999542,"Normal",FALSE,2.34504
"2010-05-21 13:00:00",0.712944209575653,"Normal",FALSE,2.34504
"2010-05-21 14:00:00",0.593281447887421,"Normal",FALSE,2.34504
"2010-05-21 15:00:00",0.873813271522522,"Normal",FALSE,2.34504
"2010-05-21 16:00:00",1.30539238452911,"Normal",FALSE,2.34504
"2010-05-21 17:00:00",0.813082814216614,"Normal",FALSE,2.34504
"2010-05-21 18:00:00",0.574374079704285,"Normal",FALSE,2.34504
"2010-05-21 19:00:00",1.13383173942566,"Normal",FALSE,2.34504
"2010-05-21 20:00:00",1.51065373420715,"Normal",FALSE,2.34504
"2010-05-21 21:00:00",1.65049564838409,"Normal",FALSE,2.34504
"2010-05-21 22:00:00",0.806739270687103,"Normal",FALSE,2.34504
"2010-05-21 23:00:00",0.530474364757538,"Normal",FALSE,2.34504
"2010-05-22 00:00:00",0.489094167947769,"Normal",FALSE,2.34504
"2010-05-22 01:00:00",0.49088928103447,"Normal",FALSE,2.34504
"2010-05-22 02:00:00",0.535342693328857,"Normal",FALSE,2.34504
"2010-05-22 03:00:00",0.449396967887878,"Normal",FALSE,2.34504
"2010-05-22 04:00:00",0.636746048927307,"Normal",FALSE,2.34504
"2010-05-22 05:00:00",0.649253726005554,"Normal",FALSE,2.34504
"2010-05-22 06:00:00",0.601011693477631,"Normal",FALSE,2.34504
"2010-05-22 07:00:00",1.3121086359024,"Normal",FALSE,2.34504
"2010-05-22 08:00:00",1.7153707742691,"Normal",FALSE,2.34504
"2010-05-22 09:00:00",1.79455101490021,"Normal",FALSE,2.34504
"2010-05-22 10:00:00",1.8040896654129,"Normal",FALSE,2.34504
"2010-05-22 11:00:00",1.71762120723724,"Normal",FALSE,2.34504
"2010-05-22 12:00:00",2.13549852371216,"Normal",FALSE,2.34504
"2010-05-22 13:00:00",2.16740036010742,"Normal",FALSE,2.34504
"2010-05-22 14:00:00",1.39236199855804,"Normal",FALSE,2.34504
"2010-05-22 15:00:00",1.60182547569275,"Normal",FALSE,2.34504
"2010-05-22 16:00:00",1.50356698036194,"Normal",FALSE,2.34504
"2010-05-22 17:00:00",1.56354665756226,"Normal",FALSE,2.34504
"2010-05-22 18:00:00",1.38391733169556,"Normal",FALSE,2.34504
"2010-05-22 19:00:00",0.995550572872162,"Normal",FALSE,2.34504
"2010-05-22 20:00:00",1.7400848865509,"Normal",FALSE,2.34504
"2010-05-22 21:00:00",2.37968158721924,"High",TRUE,2.34504
"2010-05-22 22:00:00",1.71499681472778,"Normal",FALSE,2.34504
"2010-05-22 23:00:00",1.31700623035431,"Normal",FALSE,2.34504
"2010-05-23 00:00:00",0.402907341718674,"Normal",FALSE,2.34504
"2010-05-23 01:00:00",0.445727735757828,"Normal",FALSE,2.34504
"2010-05-23 02:00:00",0.457385063171387,"Normal",FALSE,2.34504
"2010-05-23 03:00:00",0.378201246261597,"Normal",FALSE,2.34504
"2010-05-23 04:00:00",0.442123234272003,"Normal",FALSE,2.34504
"2010-05-23 05:00:00",0.436185717582703,"Normal",FALSE,2.34504
"2010-05-23 06:00:00",0.81815093755722,"Normal",FALSE,2.34504
"2010-05-23 07:00:00",0.772800862789154,"Normal",FALSE,2.34504
"2010-05-23 08:00:00",1.12431001663208,"Normal",FALSE,2.34504
"2010-05-23 09:00:00",1.26177549362183,"Normal",FALSE,2.34504
"2010-05-23 10:00:00",1.73867177963257,"Normal",FALSE,2.34504
"2010-05-23 11:00:00",1.31018805503845,"Normal",FALSE,2.34504
"2010-05-23 12:00:00",1.23358035087585,"Normal",FALSE,2.34504
"2010-05-23 13:00:00",0.979149281978607,"Normal",FALSE,2.34504
"2010-05-23 14:00:00",1.52991425991058,"Normal",FALSE,2.34504
"2010-05-23 15:00:00",1.54965472221375,"Normal",FALSE,2.34504
"2010-05-23 16:00:00",1.63109636306763,"Normal",FALSE,2.34504
"2010-05-23 17:00:00",1.68125772476196,"Normal",FALSE,2.34504
"2010-05-23 18:00:00",0.992200136184692,"Normal",FALSE,2.34504
"2010-05-23 19:00:00",1.22473466396332,"Normal",FALSE,2.34504
"2010-05-23 20:00:00",1.2856285572052,"Normal",FALSE,2.34504
"2010-05-23 21:00:00",1.45866596698761,"Normal",FALSE,2.34504
"2010-05-23 22:00:00",1.63134503364563,"Normal",FALSE,2.34504
"2010-05-23 23:00:00",0.954595148563385,"Normal",FALSE,2.34504
"2010-05-24 00:00:00",0.41805773973465,"Normal",FALSE,2.34504
"2010-05-24 01:00:00",0.476057797670364,"Normal",FALSE,2.34504
"2010-05-24 02:00:00",0.493313699960709,"Normal",FALSE,2.34504
"2010-05-24 03:00:00",0.494274824857712,"Normal",FALSE,2.34504
"2010-05-24 04:00:00",0.464621961116791,"Normal",FALSE,2.34504
"2010-05-24 05:00:00",0.427127808332443,"Normal",FALSE,2.34504
"2010-05-24 06:00:00",0.677550673484802,"Normal",FALSE,2.34504
"2010-05-24 07:00:00",1.56921017169952,"Normal",FALSE,2.34504
"2010-05-24 08:00:00",1.04848086833954,"Normal",FALSE,2.34504
"2010-05-24 09:00:00",1.26872706413269,"Normal",FALSE,2.34504
"2010-05-24 10:00:00",1.21763038635254,"Normal",FALSE,2.34504
"2010-05-24 11:00:00",1.25842988491058,"Normal",FALSE,2.34504
"2010-05-24 12:00:00",0.881266295909882,"Normal",FALSE,2.34504
"2010-05-24 13:00:00",1.34605991840363,"Normal",FALSE,2.34504
"2010-05-24 14:00:00",0.660417377948761,"Normal",FALSE,2.34504
"2010-05-24 15:00:00",0.525328814983368,"Normal",FALSE,2.34504
"2010-05-24 16:00:00",0.603752195835114,"Normal",FALSE,2.34504
"2010-05-24 17:00:00",0.952632904052734,"Normal",FALSE,2.34504
"2010-05-24 18:00:00",1.35040473937988,"Normal",FALSE,2.34504
"2010-05-24 19:00:00",1.44901609420776,"Normal",FALSE,2.34504
"2010-05-24 20:00:00",1.41661882400513,"Normal",FALSE,2.34504
"2010-05-24 21:00:00",1.9670637845993,"Normal",FALSE,2.34504
"2010-05-24 22:00:00",1.46957695484161,"Normal",FALSE,2.34504
"2010-05-24 23:00:00",0.686199188232422,"Normal",FALSE,2.34504
"2010-05-25 00:00:00",0.416521996259689,"Normal",FALSE,2.34504
"2010-05-25 01:00:00",0.3630710542202,"Normal",FALSE,2.34504
"2010-05-25 02:00:00",0.436126828193665,"Normal",FALSE,2.34504
"2010-05-25 03:00:00",0.39116108417511,"Normal",FALSE,2.34504
"2010-05-25 04:00:00",0.437315732240677,"Normal",FALSE,2.34504
"2010-05-25 05:00:00",0.600612878799438,"Normal",FALSE,2.34504
"2010-05-25 06:00:00",1.0890064239502,"Normal",FALSE,2.34504
"2010-05-25 07:00:00",1.51292359828949,"Normal",FALSE,2.34504
"2010-05-25 08:00:00",1.60163366794586,"Normal",FALSE,2.34504
"2010-05-25 09:00:00",1.45285487174988,"Normal",FALSE,2.34504
"2010-05-25 10:00:00",1.44277930259705,"Normal",FALSE,2.34504
"2010-05-25 11:00:00",1.43174040317535,"Normal",FALSE,2.34504
"2010-05-25 12:00:00",1.28605270385742,"Normal",FALSE,2.34504
"2010-05-25 13:00:00",0.633025765419006,"Normal",FALSE,2.34504
"2010-05-25 14:00:00",0.469272315502167,"Normal",FALSE,2.34504
"2010-05-25 15:00:00",0.420187175273895,"Normal",FALSE,2.34504
"2010-05-25 16:00:00",0.488298565149307,"Normal",FALSE,2.34504
"2010-05-25 17:00:00",0.84132844209671,"Normal",FALSE,2.34504
"2010-05-25 18:00:00",1.06067025661469,"Normal",FALSE,2.34504
"2010-05-25 19:00:00",1.17318058013916,"Normal",FALSE,2.34504
"2010-05-25 20:00:00",1.82840609550476,"Normal",FALSE,2.34504
"2010-05-25 21:00:00",1.79940485954285,"Normal",FALSE,2.34504
"2010-05-25 22:00:00",1.55498242378235,"Normal",FALSE,2.34504
"2010-05-25 23:00:00",0.479661226272583,"Normal",FALSE,2.34504
"2010-05-26 00:00:00",0.415656238794327,"Normal",FALSE,2.34504
"2010-05-26 01:00:00",0.388666301965714,"Normal",FALSE,2.34504
"2010-05-26 02:00:00",0.388823539018631,"Normal",FALSE,2.34504
"2010-05-26 03:00:00",0.382703423500061,"Normal",FALSE,2.34504
"2010-05-26 04:00:00",0.465719938278198,"Normal",FALSE,2.34504
"2010-05-26 05:00:00",0.567622721195221,"Normal",FALSE,2.34504
"2010-05-26 06:00:00",0.965767800807953,"Normal",FALSE,2.34504
"2010-05-26 07:00:00",1.47433435916901,"Normal",FALSE,2.34504
"2010-05-26 08:00:00",1.59484505653381,"Normal",FALSE,2.34504
"2010-05-26 09:00:00",1.80686283111572,"Normal",FALSE,2.34504
"2010-05-26 10:00:00",1.76435101032257,"Normal",FALSE,2.34504
"2010-05-26 11:00:00",1.53540396690369,"Normal",FALSE,2.34504
"2010-05-26 12:00:00",1.55011475086212,"Normal",FALSE,2.34504
"2010-05-26 13:00:00",0.597103953361511,"Normal",FALSE,2.34504
"2010-05-26 14:00:00",1.12557744979858,"Normal",FALSE,2.34504
"2010-05-26 15:00:00",0.583029448986053,"Normal",FALSE,2.34504
"2010-05-26 16:00:00",0.553115963935852,"Normal",FALSE,2.34504
"2010-05-26 17:00:00",0.522944927215576,"Normal",FALSE,2.34504
"2010-05-26 18:00:00",0.686961054801941,"Normal",FALSE,2.34504
"2010-05-26 19:00:00",1.24684143066406,"Normal",FALSE,2.34504
"2010-05-26 20:00:00",2.16452717781067,"Normal",FALSE,2.34504
"2010-05-26 21:00:00",2.04745984077454,"Normal",FALSE,2.34504
"2010-05-26 22:00:00",1.00054132938385,"Normal",FALSE,2.34504
"2010-05-26 23:00:00",0.605862677097321,"Normal",FALSE,2.34504
"2010-05-27 00:00:00",0.396274477243423,"Normal",FALSE,2.34504
"2010-05-27 01:00:00",0.352706849575043,"Normal",FALSE,2.34504
"2010-05-27 02:00:00",0.35147300362587,"Normal",FALSE,2.34504
"2010-05-27 03:00:00",0.381323575973511,"Normal",FALSE,2.34504
"2010-05-27 04:00:00",0.51967579126358,"Normal",FALSE,2.34504
"2010-05-27 05:00:00",0.464105099439621,"Normal",FALSE,2.34504
"2010-05-27 06:00:00",0.904076635837555,"Normal",FALSE,2.34504
"2010-05-27 07:00:00",1.13438594341278,"Normal",FALSE,2.34504
"2010-05-27 08:00:00",1.43416726589203,"Normal",FALSE,2.34504
"2010-05-27 09:00:00",1.47674953937531,"Normal",FALSE,2.34504
"2010-05-27 10:00:00",1.46120393276215,"Normal",FALSE,2.34504
"2010-05-27 11:00:00",1.17151725292206,"Normal",FALSE,2.34504
"2010-05-27 12:00:00",1.13999664783478,"Normal",FALSE,2.34504
"2010-05-27 13:00:00",1.25053107738495,"Normal",FALSE,2.34504
"2010-05-27 14:00:00",1.32748484611511,"Normal",FALSE,2.34504
"2010-05-27 15:00:00",0.436471343040466,"Normal",FALSE,2.34504
"2010-05-27 16:00:00",0.719012975692749,"Normal",FALSE,2.34504
"2010-05-27 17:00:00",0.439263492822647,"Normal",FALSE,2.34504
"2010-05-27 18:00:00",0.835970282554626,"Normal",FALSE,2.34504
"2010-05-27 19:00:00",1.27975952625275,"Normal",FALSE,2.34504
"2010-05-27 20:00:00",1.66227877140045,"Normal",FALSE,2.34504
"2010-05-27 21:00:00",1.69434654712677,"Normal",FALSE,2.34504
"2010-05-27 22:00:00",1.20903599262238,"Normal",FALSE,2.34504
"2010-05-27 23:00:00",0.511455357074738,"Normal",FALSE,2.34504
"2010-05-28 00:00:00",0.515719056129456,"Normal",FALSE,2.34504
"2010-05-28 01:00:00",0.528540372848511,"Normal",FALSE,2.34504
"2010-05-28 02:00:00",0.427860379219055,"Normal",FALSE,2.34504
"2010-05-28 03:00:00",0.328645467758179,"Normal",FALSE,2.34504
"2010-05-28 04:00:00",0.350204557180405,"Normal",FALSE,2.34504
"2010-05-28 05:00:00",0.331047296524048,"Normal",FALSE,2.34504
"2010-05-28 06:00:00",0.753515541553497,"Normal",FALSE,2.34504
"2010-05-28 07:00:00",1.4010705947876,"Normal",FALSE,2.34504
"2010-05-28 08:00:00",1.56166923046112,"Normal",FALSE,2.34504
"2010-05-28 09:00:00",1.48036158084869,"Normal",FALSE,2.34504
"2010-05-28 10:00:00",1.53539407253265,"Normal",FALSE,2.34504
"2010-05-28 11:00:00",1.41442632675171,"Normal",FALSE,2.34504
"2010-05-28 12:00:00",1.06583368778229,"Normal",FALSE,2.34504
"2010-05-28 13:00:00",0.639047741889954,"Normal",FALSE,2.34504
"2010-05-28 14:00:00",0.770354747772217,"Normal",FALSE,2.34504
"2010-05-28 15:00:00",0.909475803375244,"Normal",FALSE,2.34504
"2010-05-28 16:00:00",1.15007591247559,"Normal",FALSE,2.34504
"2010-05-28 17:00:00",1.2733998298645,"Normal",FALSE,2.34504
"2010-05-28 18:00:00",1.16504979133606,"Normal",FALSE,2.34504
"2010-05-28 19:00:00",1.14782762527466,"Normal",FALSE,2.34504
"2010-05-28 20:00:00",1.33481812477112,"Normal",FALSE,2.34504
"2010-05-28 21:00:00",1.21843791007996,"Normal",FALSE,2.34504
"2010-05-28 22:00:00",1.01224172115326,"Normal",FALSE,2.34504
"2010-05-28 23:00:00",0.877495527267456,"Normal",FALSE,2.34504
"2010-05-29 00:00:00",0.785401582717896,"Normal",FALSE,2.34504
"2010-05-29 01:00:00",0.498337298631668,"Normal",FALSE,2.34504
"2010-05-29 02:00:00",0.507128477096558,"Normal",FALSE,2.34504
"2010-05-29 03:00:00",0.385040163993835,"Normal",FALSE,2.34504
"2010-05-29 04:00:00",0.331352919340134,"Normal",FALSE,2.34504
"2010-05-29 05:00:00",0.276915431022644,"Normal",FALSE,2.34504
"2010-05-29 06:00:00",0.669578015804291,"Normal",FALSE,2.34504
"2010-05-29 07:00:00",1.31985855102539,"Normal",FALSE,2.34504
"2010-05-29 08:00:00",1.77023470401764,"Normal",FALSE,2.34504
"2010-05-29 09:00:00",1.46867990493774,"Normal",FALSE,2.34504
"2010-05-29 10:00:00",1.45325231552124,"Normal",FALSE,2.34504
"2010-05-29 11:00:00",2.00925707817078,"Normal",FALSE,2.34504
"2010-05-29 12:00:00",1.13701128959656,"Normal",FALSE,2.34504
"2010-05-29 13:00:00",2.00183653831482,"Normal",FALSE,2.34504
"2010-05-29 14:00:00",1.61590051651001,"Normal",FALSE,2.34504
"2010-05-29 15:00:00",1.78657531738281,"Normal",FALSE,2.34504
"2010-05-29 16:00:00",1.11154210567474,"Normal",FALSE,2.34504
"2010-05-29 17:00:00",0.958605527877808,"Normal",FALSE,2.34504
"2010-05-29 18:00:00",1.21238481998444,"Normal",FALSE,2.34504
"2010-05-29 19:00:00",2.56156492233276,"High",TRUE,2.34504
"2010-05-29 20:00:00",2.21127939224243,"Normal",FALSE,2.34504
"2010-05-29 21:00:00",1.85637176036835,"Normal",FALSE,2.34504
"2010-05-29 22:00:00",1.97035145759583,"Normal",FALSE,2.34504
"2010-05-29 23:00:00",1.17271661758423,"Normal",FALSE,2.34504
"2010-05-30 00:00:00",1.31770062446594,"Normal",FALSE,2.34504
"2010-05-30 01:00:00",0.4491026699543,"Normal",FALSE,2.34504
"2010-05-30 02:00:00",1.19444024562836,"Normal",FALSE,2.34504
"2010-05-30 03:00:00",0.455263525247574,"Normal",FALSE,2.34504
"2010-05-30 04:00:00",0.430813759565353,"Normal",FALSE,2.34504
"2010-05-30 05:00:00",0.541119754314423,"Normal",FALSE,2.34504
"2010-05-30 06:00:00",0.656076788902283,"Normal",FALSE,2.34504
"2010-05-30 07:00:00",0.762243568897247,"Normal",FALSE,2.34504
"2010-05-30 08:00:00",1.13427603244781,"Normal",FALSE,2.34504
"2010-05-30 09:00:00",1.38928604125977,"Normal",FALSE,2.34504
"2010-05-30 10:00:00",1.07525336742401,"Normal",FALSE,2.34504
"2010-05-30 11:00:00",1.58655488491058,"Normal",FALSE,2.34504
"2010-05-30 12:00:00",1.23734652996063,"Normal",FALSE,2.34504
"2010-05-30 13:00:00",1.02985596656799,"Normal",FALSE,2.34504
"2010-05-30 14:00:00",1.11880147457123,"Normal",FALSE,2.34504
"2010-05-30 15:00:00",0.711707890033722,"Normal",FALSE,2.34504
"2010-05-30 16:00:00",1.48146998882294,"Normal",FALSE,2.34504
"2010-05-30 17:00:00",1.09010493755341,"Normal",FALSE,2.34504
"2010-05-30 18:00:00",2.25994253158569,"Normal",FALSE,2.34504
"2010-05-30 19:00:00",1.93169963359833,"Normal",FALSE,2.34504
"2010-05-30 20:00:00",1.89232003688812,"Normal",FALSE,2.34504
"2010-05-30 21:00:00",2.23493003845215,"Normal",FALSE,2.34504
"2010-05-30 22:00:00",1.64400517940521,"Normal",FALSE,2.34504
"2010-05-30 23:00:00",0.463078558444977,"Normal",FALSE,2.34504
"2010-05-31 00:00:00",0.375370711088181,"Normal",FALSE,2.34504
"2010-05-31 01:00:00",0.316811233758926,"Normal",FALSE,2.34504
"2010-05-31 02:00:00",0.334055811166763,"Normal",FALSE,2.34504
"2010-05-31 03:00:00",0.494280636310577,"Normal",FALSE,2.34504
"2010-05-31 04:00:00",0.409844905138016,"Normal",FALSE,2.34504
"2010-05-31 05:00:00",0.45492959022522,"Normal",FALSE,2.34504
"2010-05-31 06:00:00",0.930260419845581,"Normal",FALSE,2.34504
"2010-05-31 07:00:00",1.57803809642792,"Normal",FALSE,2.34504
"2010-05-31 08:00:00",1.62862467765808,"Normal",FALSE,2.34504
"2010-05-31 09:00:00",1.46973586082458,"Normal",FALSE,2.34504
"2010-05-31 10:00:00",1.32549858093262,"Normal",FALSE,2.34504
"2010-05-31 11:00:00",1.11758172512054,"Normal",FALSE,2.34504
"2010-05-31 12:00:00",1.08052790164948,"Normal",FALSE,2.34504
"2010-05-31 13:00:00",0.749100089073181,"Normal",FALSE,2.34504
"2010-05-31 14:00:00",0.32344663143158,"Normal",FALSE,2.34504
"2010-05-31 15:00:00",0.295043170452118,"Normal",FALSE,2.34504
"2010-05-31 16:00:00",0.771632015705109,"Normal",FALSE,2.34504
"2010-05-31 17:00:00",1.80944728851318,"Normal",FALSE,2.34504
"2010-05-31 18:00:00",1.60051250457764,"Normal",FALSE,2.34504
"2010-05-31 19:00:00",1.75890696048737,"Normal",FALSE,2.34504
"2010-05-31 20:00:00",1.73077499866486,"Normal",FALSE,2.34504
"2010-05-31 21:00:00",1.14045691490173,"Normal",FALSE,2.34504
"2010-05-31 22:00:00",1.2428719997406,"Normal",FALSE,2.34504
"2010-05-31 23:00:00",0.962123155593872,"Normal",FALSE,2.34504
"2010-06-01 00:00:00",0.43214675784111,"Normal",FALSE,2.34504
"2010-06-01 01:00:00",0.324925690889359,"Normal",FALSE,2.34504
"2010-06-01 02:00:00",0.345236927270889,"Normal",FALSE,2.34504
"2010-06-01 03:00:00",0.311621725559235,"Normal",FALSE,2.34504
"2010-06-01 04:00:00",0.33723059296608,"Normal",FALSE,2.34504
"2010-06-01 05:00:00",0.422838151454926,"Normal",FALSE,2.34504
"2010-06-01 06:00:00",1.00821125507355,"Normal",FALSE,2.34504
"2010-06-01 07:00:00",1.52497112751007,"Normal",FALSE,2.34504
"2010-06-01 08:00:00",1.565993309021,"Normal",FALSE,2.34504
"2010-06-01 09:00:00",1.49395847320557,"Normal",FALSE,2.34504
"2010-06-01 10:00:00",1.65158891677856,"Normal",FALSE,2.34504
"2010-06-01 11:00:00",1.19500052928925,"Normal",FALSE,2.34504
"2010-06-01 12:00:00",1.18254399299622,"Normal",FALSE,2.34504
"2010-06-01 13:00:00",1.41996812820435,"Normal",FALSE,2.34504
"2010-06-01 14:00:00",1.35037291049957,"Normal",FALSE,2.34504
"2010-06-01 15:00:00",1.17398309707642,"Normal",FALSE,2.34504
"2010-06-01 16:00:00",1.23915207386017,"Normal",FALSE,2.34504
"2010-06-01 17:00:00",0.804290950298309,"Normal",FALSE,2.34504
"2010-06-01 18:00:00",0.683083653450012,"Normal",FALSE,2.34504
"2010-06-01 19:00:00",1.04898774623871,"Normal",FALSE,2.34504
"2010-06-01 20:00:00",1.01987087726593,"Normal",FALSE,2.34504
"2010-06-01 21:00:00",1.48130321502686,"Normal",FALSE,2.34504
"2010-06-01 22:00:00",0.933262467384338,"Normal",FALSE,2.34504
"2010-06-01 23:00:00",0.789975345134735,"Normal",FALSE,2.34504
"2010-06-02 00:00:00",0.600562572479248,"Normal",FALSE,2.34504
"2010-06-02 01:00:00",0.378050714731216,"Normal",FALSE,2.34504
"2010-06-02 02:00:00",0.654682874679565,"Normal",FALSE,2.34504
"2010-06-02 03:00:00",0.622469782829285,"Normal",FALSE,2.34504
"2010-06-02 04:00:00",0.384974449872971,"Normal",FALSE,2.34504
"2010-06-02 05:00:00",0.328571915626526,"Normal",FALSE,2.34504
"2010-06-02 06:00:00",0.811454355716705,"Normal",FALSE,2.34504
"2010-06-02 07:00:00",1.43848121166229,"Normal",FALSE,2.34504
"2010-06-02 08:00:00",1.70440852642059,"Normal",FALSE,2.34504
"2010-06-02 09:00:00",1.1159428358078,"Normal",FALSE,2.34504
"2010-06-02 10:00:00",1.21871674060822,"Normal",FALSE,2.34504
"2010-06-02 11:00:00",0.91318142414093,"Normal",FALSE,2.34504
"2010-06-02 12:00:00",0.813012778759003,"Normal",FALSE,2.34504
"2010-06-02 13:00:00",0.564579486846924,"Normal",FALSE,2.34504
"2010-06-02 14:00:00",0.56338894367218,"Normal",FALSE,2.34504
"2010-06-02 15:00:00",0.337603390216827,"Normal",FALSE,2.34504
"2010-06-02 16:00:00",1.01521253585815,"Normal",FALSE,2.34504
"2010-06-02 17:00:00",0.376047343015671,"Normal",FALSE,2.34504
"2010-06-02 18:00:00",0.445050984621048,"Normal",FALSE,2.34504
"2010-06-02 19:00:00",0.729120910167694,"Normal",FALSE,2.34504
"2010-06-02 20:00:00",0.702800035476685,"Normal",FALSE,2.34504
"2010-06-02 21:00:00",1.02576231956482,"Normal",FALSE,2.34504
"2010-06-02 22:00:00",1.20937848091125,"Normal",FALSE,2.34504
"2010-06-02 23:00:00",0.591530919075012,"Normal",FALSE,2.34504
"2010-06-03 00:00:00",0.339953869581223,"Normal",FALSE,2.34504
"2010-06-03 01:00:00",0.436106324195862,"Normal",FALSE,2.34504
"2010-06-03 02:00:00",0.306473851203918,"Normal",FALSE,2.34504
"2010-06-03 03:00:00",0.332277745008469,"Normal",FALSE,2.34504
"2010-06-03 04:00:00",0.353757172822952,"Normal",FALSE,2.34504
"2010-06-03 05:00:00",0.308810263872147,"Normal",FALSE,2.34504
"2010-06-03 06:00:00",0.592246532440186,"Normal",FALSE,2.34504
"2010-06-03 07:00:00",1.29726850986481,"Normal",FALSE,2.34504
"2010-06-03 08:00:00",1.52988505363464,"Normal",FALSE,2.34504
"2010-06-03 09:00:00",1.7224760055542,"Normal",FALSE,2.34504
"2010-06-03 10:00:00",1.53954863548279,"Normal",FALSE,2.34504
"2010-06-03 11:00:00",1.24972224235535,"Normal",FALSE,2.34504
"2010-06-03 12:00:00",1.13483786582947,"Normal",FALSE,2.34504
"2010-06-03 13:00:00",1.5173476934433,"Normal",FALSE,2.34504
"2010-06-03 14:00:00",1.69379997253418,"Normal",FALSE,2.34504
"2010-06-03 15:00:00",1.19687986373901,"Normal",FALSE,2.34504
"2010-06-03 16:00:00",1.24056255817413,"Normal",FALSE,2.34504
"2010-06-03 17:00:00",0.436508297920227,"Normal",FALSE,2.34504
"2010-06-03 18:00:00",0.459274798631668,"Normal",FALSE,2.34504
"2010-06-03 19:00:00",0.912195801734924,"Normal",FALSE,2.34504
"2010-06-03 20:00:00",1.4047440290451,"Normal",FALSE,2.34504
"2010-06-03 21:00:00",0.870356857776642,"Normal",FALSE,2.34504
"2010-06-03 22:00:00",0.920584857463837,"Normal",FALSE,2.34504
"2010-06-03 23:00:00",0.770270466804504,"Normal",FALSE,2.34504
"2010-06-04 00:00:00",0.440616726875305,"Normal",FALSE,2.34504
"2010-06-04 01:00:00",0.320466428995132,"Normal",FALSE,2.34504
"2010-06-04 02:00:00",0.988197863101959,"Normal",FALSE,2.34504
"2010-06-04 03:00:00",0.37131804227829,"Normal",FALSE,2.34504
"2010-06-04 04:00:00",0.284068882465363,"Normal",FALSE,2.34504
"2010-06-04 05:00:00",0.348329156637192,"Normal",FALSE,2.34504
"2010-06-04 06:00:00",0.961298584938049,"Normal",FALSE,2.34504
"2010-06-04 07:00:00",1.67881596088409,"Normal",FALSE,2.34504
"2010-06-04 08:00:00",1.61182236671448,"Normal",FALSE,2.34504
"2010-06-04 09:00:00",1.4437962770462,"Normal",FALSE,2.34504
"2010-06-04 10:00:00",1.53456223011017,"Normal",FALSE,2.34504
"2010-06-04 11:00:00",1.13781154155731,"Normal",FALSE,2.34504
"2010-06-04 12:00:00",0.959331870079041,"Normal",FALSE,2.34504
"2010-06-04 13:00:00",0.7996746301651,"Normal",FALSE,2.34504
"2010-06-04 14:00:00",1.05363535881042,"Normal",FALSE,2.34504
"2010-06-04 15:00:00",1.08025467395782,"Normal",FALSE,2.34504
"2010-06-04 16:00:00",1.15255260467529,"Normal",FALSE,2.34504
"2010-06-04 17:00:00",1.2138500213623,"Normal",FALSE,2.34504
"2010-06-04 18:00:00",0.910920441150665,"Normal",FALSE,2.34504
"2010-06-04 19:00:00",0.901288092136383,"Normal",FALSE,2.34504
"2010-06-04 20:00:00",0.592434048652649,"Normal",FALSE,2.34504
"2010-06-04 21:00:00",0.765312075614929,"Normal",FALSE,2.34504
"2010-06-04 22:00:00",1.50948119163513,"Normal",FALSE,2.34504
"2010-06-04 23:00:00",0.796973764896393,"Normal",FALSE,2.34504
"2010-06-05 00:00:00",0.828176498413086,"Normal",FALSE,2.34504
"2010-06-05 01:00:00",1.18078744411469,"Normal",FALSE,2.34504
"2010-06-05 02:00:00",0.493163108825684,"Normal",FALSE,2.34504
"2010-06-05 03:00:00",0.393319755792618,"Normal",FALSE,2.34504
"2010-06-05 04:00:00",0.323163956403732,"Normal",FALSE,2.34504
"2010-06-05 05:00:00",0.355523884296417,"Normal",FALSE,2.34504
"2010-06-05 06:00:00",0.539758145809174,"Normal",FALSE,2.34504
"2010-06-05 07:00:00",1.37586557865143,"Normal",FALSE,2.34504
"2010-06-05 08:00:00",1.56407010555267,"Normal",FALSE,2.34504
"2010-06-05 09:00:00",1.50122678279877,"Normal",FALSE,2.34504
"2010-06-05 10:00:00",1.49943649768829,"Normal",FALSE,2.34504
"2010-06-05 11:00:00",1.16591477394104,"Normal",FALSE,2.34504
"2010-06-05 12:00:00",1.73897278308868,"Normal",FALSE,2.34504
"2010-06-05 13:00:00",2.11064505577087,"Normal",FALSE,2.34504
"2010-06-05 14:00:00",0.956687867641449,"Normal",FALSE,2.34504
"2010-06-05 15:00:00",1.56599485874176,"Normal",FALSE,2.34504
"2010-06-05 16:00:00",1.14011859893799,"Normal",FALSE,2.34504
"2010-06-05 17:00:00",1.56564128398895,"Normal",FALSE,2.34504
"2010-06-05 18:00:00",0.993786811828613,"Normal",FALSE,2.34504
"2010-06-05 19:00:00",1.98661434650421,"Normal",FALSE,2.34504
"2010-06-05 20:00:00",1.51336407661438,"Normal",FALSE,2.34504
"2010-06-05 21:00:00",1.80254936218262,"Normal",FALSE,2.34504
"2010-06-05 22:00:00",0.761046946048737,"Normal",FALSE,2.34504
"2010-06-05 23:00:00",1.72208607196808,"Normal",FALSE,2.34504
"2010-06-06 00:00:00",1.75661420822144,"Normal",FALSE,2.34504
"2010-06-06 01:00:00",1.70871019363403,"Normal",FALSE,2.34504
"2010-06-06 02:00:00",1.10880160331726,"Normal",FALSE,2.34504
"2010-06-06 03:00:00",0.391039997339249,"Normal",FALSE,2.34504
"2010-06-06 04:00:00",0.402362436056137,"Normal",FALSE,2.34504
"2010-06-06 05:00:00",0.366724073886871,"Normal",FALSE,2.34504
"2010-06-06 06:00:00",0.596946775913239,"Normal",FALSE,2.34504
"2010-06-06 07:00:00",0.736561417579651,"Normal",FALSE,2.34504
"2010-06-06 08:00:00",1.08336281776428,"Normal",FALSE,2.34504
"2010-06-06 09:00:00",0.866495728492737,"Normal",FALSE,2.34504
"2010-06-06 10:00:00",1.42492604255676,"Normal",FALSE,2.34504
"2010-06-06 11:00:00",1.30898451805115,"Normal",FALSE,2.34504
"2010-06-06 12:00:00",0.776865899562836,"Normal",FALSE,2.34504
"2010-06-06 13:00:00",2.02617192268372,"Normal",FALSE,2.34504
"2010-06-06 14:00:00",1.55651688575745,"Normal",FALSE,2.34504
"2010-06-06 15:00:00",1.52625417709351,"Normal",FALSE,2.34504
"2010-06-06 16:00:00",1.34287858009338,"Normal",FALSE,2.34504
"2010-06-06 17:00:00",2.39243054389954,"High",TRUE,2.34504
"2010-06-06 18:00:00",2.26529479026794,"Normal",FALSE,2.34504
"2010-06-06 19:00:00",1.09398519992828,"Normal",FALSE,2.34504
"2010-06-06 20:00:00",0.550820410251617,"Normal",FALSE,2.34504
"2010-06-06 21:00:00",0.880501508712769,"Normal",FALSE,2.34504
"2010-06-06 22:00:00",1.3723760843277,"Normal",FALSE,2.34504
"2010-06-06 23:00:00",1.38742113113403,"Normal",FALSE,2.34504
"2010-06-07 00:00:00",0.595806181430817,"Normal",FALSE,2.34504
"2010-06-07 01:00:00",0.416391670703888,"Normal",FALSE,2.34504
"2010-06-07 02:00:00",0.393951237201691,"Normal",FALSE,2.34504
"2010-06-07 03:00:00",0.339187413454056,"Normal",FALSE,2.34504
"2010-06-07 04:00:00",0.389838457107544,"Normal",FALSE,2.34504
"2010-06-07 05:00:00",0.438895702362061,"Normal",FALSE,2.34504
"2010-06-07 06:00:00",0.903194487094879,"Normal",FALSE,2.34504
"2010-06-07 07:00:00",1.55150699615479,"Normal",FALSE,2.34504
"2010-06-07 08:00:00",1.6529129743576,"Normal",FALSE,2.34504
"2010-06-07 09:00:00",1.39815044403076,"Normal",FALSE,2.34504
"2010-06-07 10:00:00",1.43753123283386,"Normal",FALSE,2.34504
"2010-06-07 11:00:00",0.691646933555603,"Normal",FALSE,2.34504
"2010-06-07 12:00:00",0.480112284421921,"Normal",FALSE,2.34504
"2010-06-07 13:00:00",0.461537063121796,"Normal",FALSE,2.34504
"2010-06-07 14:00:00",0.491709619760513,"Normal",FALSE,2.34504
"2010-06-07 15:00:00",0.335544288158417,"Normal",FALSE,2.34504
"2010-06-07 16:00:00",0.536292731761932,"Normal",FALSE,2.34504
"2010-06-07 17:00:00",0.559205412864685,"Normal",FALSE,2.34504
"2010-06-07 18:00:00",1.10957109928131,"Normal",FALSE,2.34504
"2010-06-07 19:00:00",1.11224246025085,"Normal",FALSE,2.34504
"2010-06-07 20:00:00",1.06085586547852,"Normal",FALSE,2.34504
"2010-06-07 21:00:00",1.55949819087982,"Normal",FALSE,2.34504
"2010-06-07 22:00:00",1.20006632804871,"Normal",FALSE,2.34504
"2010-06-07 23:00:00",0.673079133033752,"Normal",FALSE,2.34504
"2010-06-08 00:00:00",0.499904483556747,"Normal",FALSE,2.34504
"2010-06-08 01:00:00",0.539683043956757,"Normal",FALSE,2.34504
"2010-06-08 02:00:00",0.386814594268799,"Normal",FALSE,2.34504
"2010-06-08 03:00:00",0.315037727355957,"Normal",FALSE,2.34504
"2010-06-08 04:00:00",0.372736990451813,"Normal",FALSE,2.34504
"2010-06-08 05:00:00",0.371037214994431,"Normal",FALSE,2.34504
"2010-06-08 06:00:00",0.851107478141785,"Normal",FALSE,2.34504
"2010-06-08 07:00:00",1.27620041370392,"Normal",FALSE,2.34504
"2010-06-08 08:00:00",1.58636581897736,"Normal",FALSE,2.34504
"2010-06-08 09:00:00",1.70757102966309,"Normal",FALSE,2.34504
"2010-06-08 10:00:00",1.52164745330811,"Normal",FALSE,2.34504
"2010-06-08 11:00:00",1.30093014240265,"Normal",FALSE,2.34504
"2010-06-08 12:00:00",1.49756669998169,"Normal",FALSE,2.34504
"2010-06-08 13:00:00",1.16627681255341,"Normal",FALSE,2.34504
"2010-06-08 14:00:00",1.10029780864716,"Normal",FALSE,2.34504
"2010-06-08 15:00:00",0.39864581823349,"Normal",FALSE,2.34504
"2010-06-08 16:00:00",0.615625143051147,"Normal",FALSE,2.34504
"2010-06-08 17:00:00",0.83134251832962,"Normal",FALSE,2.34504
"2010-06-08 18:00:00",0.871285974979401,"Normal",FALSE,2.34504
"2010-06-08 19:00:00",1.14581406116486,"Normal",FALSE,2.34504
"2010-06-08 20:00:00",1.44344258308411,"Normal",FALSE,2.34504
"2010-06-08 21:00:00",1.24773073196411,"Normal",FALSE,2.34504
"2010-06-08 22:00:00",1.39976668357849,"Normal",FALSE,2.34504
"2010-06-08 23:00:00",0.724009692668915,"Normal",FALSE,2.34504
"2010-06-09 00:00:00",0.567907094955444,"Normal",FALSE,2.34504
"2010-06-09 01:00:00",0.402241379022598,"Normal",FALSE,2.34504
"2010-06-09 02:00:00",0.439873516559601,"Normal",FALSE,2.34504
"2010-06-09 03:00:00",0.327363193035126,"Normal",FALSE,2.34504
"2010-06-09 04:00:00",0.396154671907425,"Normal",FALSE,2.34504
"2010-06-09 05:00:00",0.453560441732407,"Normal",FALSE,2.34504
"2010-06-09 06:00:00",0.882130920886993,"Normal",FALSE,2.34504
"2010-06-09 07:00:00",1.50003814697266,"Normal",FALSE,2.34504
"2010-06-09 08:00:00",1.57722592353821,"Normal",FALSE,2.34504
"2010-06-09 09:00:00",1.19845139980316,"Normal",FALSE,2.34504
"2010-06-09 10:00:00",1.26783549785614,"Normal",FALSE,2.34504
"2010-06-09 11:00:00",1.39164471626282,"Normal",FALSE,2.34504
"2010-06-09 12:00:00",1.40489029884338,"Normal",FALSE,2.34504
"2010-06-09 13:00:00",0.489732801914215,"Normal",FALSE,2.34504
"2010-06-09 14:00:00",1.74929463863373,"Normal",FALSE,2.34504
"2010-06-09 15:00:00",0.743548631668091,"Normal",FALSE,2.34504
"2010-06-09 16:00:00",0.789762794971466,"Normal",FALSE,2.34504
"2010-06-09 17:00:00",0.607165634632111,"Normal",FALSE,2.34504
"2010-06-09 18:00:00",1.37289202213287,"Normal",FALSE,2.34504
"2010-06-09 19:00:00",1.52020037174225,"Normal",FALSE,2.34504
"2010-06-09 20:00:00",1.29475426673889,"Normal",FALSE,2.34504
"2010-06-09 21:00:00",1.74377298355103,"Normal",FALSE,2.34504
"2010-06-09 22:00:00",1.4957058429718,"Normal",FALSE,2.34504
"2010-06-09 23:00:00",0.556524515151978,"Normal",FALSE,2.34504
"2010-06-10 00:00:00",0.451543152332306,"Normal",FALSE,2.34504
"2010-06-10 01:00:00",0.405971318483353,"Normal",FALSE,2.34504
"2010-06-10 02:00:00",0.368089854717255,"Normal",FALSE,2.34504
"2010-06-10 03:00:00",0.387507051229477,"Normal",FALSE,2.34504
"2010-06-10 04:00:00",0.378934949636459,"Normal",FALSE,2.34504
"2010-06-10 05:00:00",0.383280366659164,"Normal",FALSE,2.34504
"2010-06-10 06:00:00",0.92143040895462,"Normal",FALSE,2.34504
"2010-06-10 07:00:00",1.5649665594101,"Normal",FALSE,2.34504
"2010-06-10 08:00:00",1.54934990406036,"Normal",FALSE,2.34504
"2010-06-10 09:00:00",1.55781424045563,"Normal",FALSE,2.34504
"2010-06-10 10:00:00",1.18012094497681,"Normal",FALSE,2.34504
"2010-06-10 11:00:00",1.30964303016663,"Normal",FALSE,2.34504
"2010-06-10 12:00:00",1.24288856983185,"Normal",FALSE,2.34504
"2010-06-10 13:00:00",1.22343385219574,"Normal",FALSE,2.34504
"2010-06-10 14:00:00",0.851124823093414,"Normal",FALSE,2.34504
"2010-06-10 15:00:00",0.406042456626892,"Normal",FALSE,2.34504
"2010-06-10 16:00:00",0.400795549154282,"Normal",FALSE,2.34504
"2010-06-10 17:00:00",0.537388503551483,"Normal",FALSE,2.34504
"2010-06-10 18:00:00",0.787507116794586,"Normal",FALSE,2.34504
"2010-06-10 19:00:00",1.17660450935364,"Normal",FALSE,2.34504
"2010-06-10 20:00:00",1.41397154331207,"Normal",FALSE,2.34504
"2010-06-10 21:00:00",1.65081822872162,"Normal",FALSE,2.34504
"2010-06-10 22:00:00",1.03512358665466,"Normal",FALSE,2.34504
"2010-06-10 23:00:00",0.478934794664383,"Normal",FALSE,2.34504
"2010-06-11 00:00:00",0.397473871707916,"Normal",FALSE,2.34504
"2010-06-11 01:00:00",0.41211074590683,"Normal",FALSE,2.34504
"2010-06-11 02:00:00",0.385166198015213,"Normal",FALSE,2.34504
"2010-06-11 03:00:00",0.364816665649414,"Normal",FALSE,2.34504
"2010-06-11 04:00:00",0.431799322366714,"Normal",FALSE,2.34504
"2010-06-11 05:00:00",0.577930331230164,"Normal",FALSE,2.34504
"2010-06-11 06:00:00",0.995959341526031,"Normal",FALSE,2.34504
"2010-06-11 07:00:00",1.82817494869232,"Normal",FALSE,2.34504
"2010-06-11 08:00:00",1.55376839637756,"Normal",FALSE,2.34504
"2010-06-11 09:00:00",1.61821782588959,"Normal",FALSE,2.34504
"2010-06-11 10:00:00",1.5644543170929,"Normal",FALSE,2.34504
"2010-06-11 11:00:00",1.27059233188629,"Normal",FALSE,2.34504
"2010-06-11 12:00:00",1.23616564273834,"Normal",FALSE,2.34504
"2010-06-11 13:00:00",1.65623021125793,"Normal",FALSE,2.34504
"2010-06-11 14:00:00",1.00946950912476,"Normal",FALSE,2.34504
"2010-06-11 15:00:00",0.519835352897644,"Normal",FALSE,2.34504
"2010-06-11 16:00:00",0.88763415813446,"Normal",FALSE,2.34504
"2010-06-11 17:00:00",0.934705972671509,"Normal",FALSE,2.34504
"2010-06-11 18:00:00",0.854462087154388,"Normal",FALSE,2.34504
"2010-06-11 19:00:00",1.00346755981445,"Normal",FALSE,2.34504
"2010-06-11 20:00:00",1.73765623569489,"Normal",FALSE,2.34504
"2010-06-11 21:00:00",1.32834959030151,"Normal",FALSE,2.34504
"2010-06-11 22:00:00",1.07346200942993,"Normal",FALSE,2.34504
"2010-06-11 23:00:00",0.865542232990265,"Normal",FALSE,2.34504
"2010-06-12 00:00:00",0.747530400753021,"Normal",FALSE,2.34504
"2010-06-12 01:00:00",0.640204668045044,"Normal",FALSE,2.34504
"2010-06-12 02:00:00",0.43586590886116,"Normal",FALSE,2.34504
"2010-06-12 03:00:00",0.552524089813232,"Normal",FALSE,2.34504
"2010-06-12 04:00:00",0.36744499206543,"Normal",FALSE,2.34504
"2010-06-12 05:00:00",0.352311134338379,"Normal",FALSE,2.34504
"2010-06-12 06:00:00",0.533710181713104,"Normal",FALSE,2.34504
"2010-06-12 07:00:00",1.49149262905121,"Normal",FALSE,2.34504
"2010-06-12 08:00:00",1.53741025924683,"Normal",FALSE,2.34504
"2010-06-12 09:00:00",1.49506855010986,"Normal",FALSE,2.34504
"2010-06-12 10:00:00",1.45104277133942,"Normal",FALSE,2.34504
"2010-06-12 11:00:00",1.44089269638062,"Normal",FALSE,2.34504
"2010-06-12 12:00:00",1.07472395896912,"Normal",FALSE,2.34504
"2010-06-12 13:00:00",1.79030609130859,"Normal",FALSE,2.34504
"2010-06-12 14:00:00",1.39434683322906,"Normal",FALSE,2.34504
"2010-06-12 15:00:00",0.986487746238708,"Normal",FALSE,2.34504
"2010-06-12 16:00:00",1.5128253698349,"Normal",FALSE,2.34504
"2010-06-12 17:00:00",1.42218387126923,"Normal",FALSE,2.34504
"2010-06-12 18:00:00",1.89153182506561,"Normal",FALSE,2.34504
"2010-06-12 19:00:00",2.0201723575592,"Normal",FALSE,2.34504
"2010-06-12 20:00:00",2.10746884346008,"Normal",FALSE,2.34504
"2010-06-12 21:00:00",1.85116028785706,"Normal",FALSE,2.34504
"2010-06-12 22:00:00",1.74039161205292,"Normal",FALSE,2.34504
"2010-06-12 23:00:00",1.76458406448364,"Normal",FALSE,2.34504
"2010-06-13 00:00:00",1.21086871623993,"Normal",FALSE,2.34504
"2010-06-13 01:00:00",0.712828814983368,"Normal",FALSE,2.34504
"2010-06-13 02:00:00",0.319126337766647,"Normal",FALSE,2.34504
"2010-06-13 03:00:00",0.537767589092255,"Normal",FALSE,2.34504
"2010-06-13 04:00:00",0.508011519908905,"Normal",FALSE,2.34504
"2010-06-13 05:00:00",0.637687265872955,"Normal",FALSE,2.34504
"2010-06-13 06:00:00",0.566287398338318,"Normal",FALSE,2.34504
"2010-06-13 07:00:00",0.624423444271088,"Normal",FALSE,2.34504
"2010-06-13 08:00:00",0.976978659629822,"Normal",FALSE,2.34504
"2010-06-13 09:00:00",1.08306539058685,"Normal",FALSE,2.34504
"2010-06-13 10:00:00",1.08619010448456,"Normal",FALSE,2.34504
"2010-06-13 11:00:00",2.08117294311523,"Normal",FALSE,2.34504
"2010-06-13 12:00:00",1.88723075389862,"Normal",FALSE,2.34504
"2010-06-13 13:00:00",1.2098799943924,"Normal",FALSE,2.34504
"2010-06-13 14:00:00",1.90908741950989,"Normal",FALSE,2.34504
"2010-06-13 15:00:00",1.49817299842834,"Normal",FALSE,2.34504
"2010-06-13 16:00:00",0.964659631252289,"Normal",FALSE,2.34504
"2010-06-13 17:00:00",0.760994911193848,"Normal",FALSE,2.34504
"2010-06-13 18:00:00",1.37529063224792,"Normal",FALSE,2.34504
"2010-06-13 19:00:00",1.60001611709595,"Normal",FALSE,2.34504
"2010-06-13 20:00:00",1.61307322978973,"Normal",FALSE,2.34504
"2010-06-13 21:00:00",1.71057021617889,"Normal",FALSE,2.34504
"2010-06-13 22:00:00",1.59183371067047,"Normal",FALSE,2.34504
"2010-06-13 23:00:00",1.01728177070618,"Normal",FALSE,2.34504
"2010-06-14 00:00:00",0.502717912197113,"Normal",FALSE,2.34504
"2010-06-14 01:00:00",0.483243554830551,"Normal",FALSE,2.34504
"2010-06-14 02:00:00",0.374620914459229,"Normal",FALSE,2.34504
"2010-06-14 03:00:00",0.550097167491913,"Normal",FALSE,2.34504
"2010-06-14 04:00:00",0.367092579603195,"Normal",FALSE,2.34504
"2010-06-14 05:00:00",0.406483352184296,"Normal",FALSE,2.34504
"2010-06-14 06:00:00",0.781225323677063,"Normal",FALSE,2.34504
"2010-06-14 07:00:00",1.63777458667755,"Normal",FALSE,2.34504
"2010-06-14 08:00:00",1.56031095981598,"Normal",FALSE,2.34504
"2010-06-14 09:00:00",1.31656587123871,"Normal",FALSE,2.34504
"2010-06-14 10:00:00",1.17670238018036,"Normal",FALSE,2.34504
"2010-06-14 11:00:00",1.04863142967224,"Normal",FALSE,2.34504
"2010-06-14 12:00:00",1.15544998645782,"Normal",FALSE,2.34504
"2010-06-14 13:00:00",1.41002345085144,"Normal",FALSE,2.34504
"2010-06-14 14:00:00",0.824898898601532,"Normal",FALSE,2.34504
"2010-06-14 15:00:00",0.438600569963455,"Normal",FALSE,2.34504
"2010-06-14 16:00:00",0.316358923912048,"Normal",FALSE,2.34504
"2010-06-14 17:00:00",0.56249463558197,"Normal",FALSE,2.34504
"2010-06-14 18:00:00",0.526998043060303,"Normal",FALSE,2.34504
"2010-06-14 19:00:00",1.17169868946075,"Normal",FALSE,2.34504
"2010-06-14 20:00:00",1.14331221580505,"Normal",FALSE,2.34504
"2010-06-14 21:00:00",1.73637104034424,"Normal",FALSE,2.34504
"2010-06-14 22:00:00",1.32626366615295,"Normal",FALSE,2.34504
"2010-06-14 23:00:00",0.473241865634918,"Normal",FALSE,2.34504
"2010-06-15 00:00:00",0.494895190000534,"Normal",FALSE,2.34504
"2010-06-15 01:00:00",0.423246741294861,"Normal",FALSE,2.34504
"2010-06-15 02:00:00",0.329036295413971,"Normal",FALSE,2.34504
"2010-06-15 03:00:00",0.315969884395599,"Normal",FALSE,2.34504
"2010-06-15 04:00:00",0.340852439403534,"Normal",FALSE,2.34504
"2010-06-15 05:00:00",0.425109654664993,"Normal",FALSE,2.34504
"2010-06-15 06:00:00",0.637988865375519,"Normal",FALSE,2.34504
"2010-06-15 07:00:00",1.50740122795105,"Normal",FALSE,2.34504
"2010-06-15 08:00:00",1.54039919376373,"Normal",FALSE,2.34504
"2010-06-15 09:00:00",1.2867648601532,"Normal",FALSE,2.34504
"2010-06-15 10:00:00",1.33601236343384,"Normal",FALSE,2.34504
"2010-06-15 11:00:00",0.799878776073456,"Normal",FALSE,2.34504
"2010-06-15 12:00:00",1.11513829231262,"Normal",FALSE,2.34504
"2010-06-15 13:00:00",1.1549299955368,"Normal",FALSE,2.34504
"2010-06-15 14:00:00",1.2984778881073,"Normal",FALSE,2.34504
"2010-06-15 15:00:00",1.14130830764771,"Normal",FALSE,2.34504
"2010-06-15 16:00:00",0.656270384788513,"Normal",FALSE,2.34504
"2010-06-15 17:00:00",0.403850018978119,"Normal",FALSE,2.34504
"2010-06-15 18:00:00",0.58348137140274,"Normal",FALSE,2.34504
"2010-06-15 19:00:00",0.69876766204834,"Normal",FALSE,2.34504
"2010-06-15 20:00:00",1.42026686668396,"Normal",FALSE,2.34504
"2010-06-15 21:00:00",1.75329852104187,"Normal",FALSE,2.34504
"2010-06-15 22:00:00",1.08388268947601,"Normal",FALSE,2.34504
"2010-06-15 23:00:00",0.670780539512634,"Normal",FALSE,2.34504
"2010-06-16 00:00:00",0.441675812005997,"Normal",FALSE,2.34504
"2010-06-16 01:00:00",0.510935127735138,"Normal",FALSE,2.34504
"2010-06-16 02:00:00",0.563056707382202,"Normal",FALSE,2.34504
"2010-06-16 03:00:00",0.942080974578857,"Normal",FALSE,2.34504
"2010-06-16 04:00:00",0.592860221862793,"Normal",FALSE,2.34504
"2010-06-16 05:00:00",0.585996448993683,"Normal",FALSE,2.34504
"2010-06-16 06:00:00",0.848222255706787,"Normal",FALSE,2.34504
"2010-06-16 07:00:00",1.5950984954834,"Normal",FALSE,2.34504
"2010-06-16 08:00:00",1.03736793994904,"Normal",FALSE,2.34504
"2010-06-16 09:00:00",1.49861657619476,"Normal",FALSE,2.34504
"2010-06-16 10:00:00",1.56819534301758,"Normal",FALSE,2.34504
"2010-06-16 11:00:00",1.49111104011536,"Normal",FALSE,2.34504
"2010-06-16 12:00:00",1.27491509914398,"Normal",FALSE,2.34504
"2010-06-16 13:00:00",1.30771541595459,"Normal",FALSE,2.34504
"2010-06-16 14:00:00",1.33847916126251,"Normal",FALSE,2.34504
"2010-06-16 15:00:00",0.758053839206696,"Normal",FALSE,2.34504
"2010-06-16 16:00:00",1.19368433952332,"Normal",FALSE,2.34504
"2010-06-16 17:00:00",1.15037059783936,"Normal",FALSE,2.34504
"2010-06-16 18:00:00",1.06263732910156,"Normal",FALSE,2.34504
"2010-06-16 19:00:00",1.20996010303497,"Normal",FALSE,2.34504
"2010-06-16 20:00:00",0.687525868415833,"Normal",FALSE,2.34504
"2010-06-16 21:00:00",1.51562511920929,"Normal",FALSE,2.34504
"2010-06-16 22:00:00",1.60678279399872,"Normal",FALSE,2.34504
"2010-06-16 23:00:00",0.807541608810425,"Normal",FALSE,2.34504
"2010-06-17 00:00:00",0.519631206989288,"Normal",FALSE,2.34504
"2010-06-17 01:00:00",0.369714587926865,"Normal",FALSE,2.34504
"2010-06-17 02:00:00",0.389498651027679,"Normal",FALSE,2.34504
"2010-06-17 03:00:00",0.38440927863121,"Normal",FALSE,2.34504
"2010-06-17 04:00:00",0.410505056381226,"Normal",FALSE,2.34504
"2010-06-17 05:00:00",0.509771168231964,"Normal",FALSE,2.34504
"2010-06-17 06:00:00",1.01864957809448,"Normal",FALSE,2.34504
"2010-06-17 07:00:00",1.69208383560181,"Normal",FALSE,2.34504
"2010-06-17 08:00:00",1.46853315830231,"Normal",FALSE,2.34504
"2010-06-17 09:00:00",1.0873202085495,"Normal",FALSE,2.34504
"2010-06-17 10:00:00",0.637097179889679,"Normal",FALSE,2.34504
"2010-06-17 11:00:00",1.00349152088165,"Normal",FALSE,2.34504
"2010-06-17 12:00:00",1.48450314998627,"Normal",FALSE,2.34504
"2010-06-17 13:00:00",1.2283239364624,"Normal",FALSE,2.34504
"2010-06-17 14:00:00",1.40290009975433,"Normal",FALSE,2.34504
"2010-06-17 15:00:00",0.561798632144928,"Normal",FALSE,2.34504
"2010-06-17 16:00:00",0.426320284605026,"Normal",FALSE,2.34504
"2010-06-17 17:00:00",0.394147604703903,"Normal",FALSE,2.34504
"2010-06-17 18:00:00",0.531201720237732,"Normal",FALSE,2.34504
"2010-06-17 19:00:00",0.531802177429199,"Normal",FALSE,2.34504
"2010-06-17 20:00:00",0.741935968399048,"Normal",FALSE,2.34504
"2010-06-17 21:00:00",1.86496090888977,"Normal",FALSE,2.34504
"2010-06-17 22:00:00",1.12486231327057,"Normal",FALSE,2.34504
"2010-06-17 23:00:00",0.503735601902008,"Normal",FALSE,2.34504
"2010-06-18 00:00:00",0.546686053276062,"Normal",FALSE,2.34504
"2010-06-18 01:00:00",0.544216930866241,"Normal",FALSE,2.34504
"2010-06-18 02:00:00",0.607430398464203,"Normal",FALSE,2.34504
"2010-06-18 03:00:00",0.328919172286987,"Normal",FALSE,2.34504
"2010-06-18 04:00:00",0.37262487411499,"Normal",FALSE,2.34504
"2010-06-18 05:00:00",0.339492678642273,"Normal",FALSE,2.34504
"2010-06-18 06:00:00",0.830852687358856,"Normal",FALSE,2.34504
"2010-06-18 07:00:00",1.14855575561523,"Normal",FALSE,2.34504
"2010-06-18 08:00:00",1.40807545185089,"Normal",FALSE,2.34504
"2010-06-18 09:00:00",1.48354291915894,"Normal",FALSE,2.34504
"2010-06-18 10:00:00",1.35592305660248,"Normal",FALSE,2.34504
"2010-06-18 11:00:00",1.55835843086243,"Normal",FALSE,2.34504
"2010-06-18 12:00:00",1.58916437625885,"Normal",FALSE,2.34504
"2010-06-18 13:00:00",1.31712055206299,"Normal",FALSE,2.34504
"2010-06-18 14:00:00",1.23569250106812,"Normal",FALSE,2.34504
"2010-06-18 15:00:00",0.775777220726013,"Normal",FALSE,2.34504
"2010-06-18 16:00:00",0.338001728057861,"Normal",FALSE,2.34504
"2010-06-18 17:00:00",0.589942395687103,"Normal",FALSE,2.34504
"2010-06-18 18:00:00",0.986950099468231,"Normal",FALSE,2.34504
"2010-06-18 19:00:00",0.882995009422302,"Normal",FALSE,2.34504
"2010-06-18 20:00:00",1.19094324111938,"Normal",FALSE,2.34504
"2010-06-18 21:00:00",1.8169572353363,"Normal",FALSE,2.34504
"2010-06-18 22:00:00",1.03180086612701,"Normal",FALSE,2.34504
"2010-06-18 23:00:00",0.534708380699158,"Normal",FALSE,2.34504
"2010-06-19 00:00:00",0.474078863859177,"Normal",FALSE,2.34504
"2010-06-19 01:00:00",0.552083909511566,"Normal",FALSE,2.34504
"2010-06-19 02:00:00",0.426510453224182,"Normal",FALSE,2.34504
"2010-06-19 03:00:00",0.476790606975555,"Normal",FALSE,2.34504
"2010-06-19 04:00:00",0.389331191778183,"Normal",FALSE,2.34504
"2010-06-19 05:00:00",0.357846647500992,"Normal",FALSE,2.34504
"2010-06-19 06:00:00",0.609649479389191,"Normal",FALSE,2.34504
"2010-06-19 07:00:00",0.835566699504852,"Normal",FALSE,2.34504
"2010-06-19 08:00:00",1.3741774559021,"Normal",FALSE,2.34504
"2010-06-19 09:00:00",1.17155706882477,"Normal",FALSE,2.34504
"2010-06-19 10:00:00",1.55633616447449,"Normal",FALSE,2.34504
"2010-06-19 11:00:00",1.57235491275787,"Normal",FALSE,2.34504
"2010-06-19 12:00:00",1.77432692050934,"Normal",FALSE,2.34504
"2010-06-19 13:00:00",0.954604268074036,"Normal",FALSE,2.34504
"2010-06-19 14:00:00",1.60961246490479,"Normal",FALSE,2.34504
"2010-06-19 15:00:00",1.01100659370422,"Normal",FALSE,2.34504
"2010-06-19 16:00:00",0.96717894077301,"Normal",FALSE,2.34504
"2010-06-19 17:00:00",1.7481015920639,"Normal",FALSE,2.34504
"2010-06-19 18:00:00",1.30163216590881,"Normal",FALSE,2.34504
"2010-06-19 19:00:00",0.713987350463867,"Normal",FALSE,2.34504
"2010-06-19 20:00:00",0.598183214664459,"Normal",FALSE,2.34504
"2010-06-19 21:00:00",1.33910858631134,"Normal",FALSE,2.34504
"2010-06-19 22:00:00",1.81900799274445,"Normal",FALSE,2.34504
"2010-06-19 23:00:00",1.48990631103516,"Normal",FALSE,2.34504
"2010-06-20 00:00:00",0.676229596138,"Normal",FALSE,2.34504
"2010-06-20 01:00:00",0.521027266979218,"Normal",FALSE,2.34504
"2010-06-20 02:00:00",0.424919098615646,"Normal",FALSE,2.34504
"2010-06-20 03:00:00",0.329220116138458,"Normal",FALSE,2.34504
"2010-06-20 04:00:00",0.394179344177246,"Normal",FALSE,2.34504
"2010-06-20 05:00:00",0.278794646263123,"Normal",FALSE,2.34504
"2010-06-20 06:00:00",0.54851895570755,"Normal",FALSE,2.34504
"2010-06-20 07:00:00",0.588557481765747,"Normal",FALSE,2.34504
"2010-06-20 08:00:00",0.732546865940094,"Normal",FALSE,2.34504
"2010-06-20 09:00:00",1.20851969718933,"Normal",FALSE,2.34504
"2010-06-20 10:00:00",1.27402353286743,"Normal",FALSE,2.34504
"2010-06-20 11:00:00",1.30356991291046,"Normal",FALSE,2.34504
"2010-06-20 12:00:00",1.44246995449066,"Normal",FALSE,2.34504
"2010-06-20 13:00:00",1.76529109477997,"Normal",FALSE,2.34504
"2010-06-20 14:00:00",1.55050647258759,"Normal",FALSE,2.34504
"2010-06-20 15:00:00",1.2413637638092,"Normal",FALSE,2.34504
"2010-06-20 16:00:00",0.519134998321533,"Normal",FALSE,2.34504
"2010-06-20 17:00:00",0.77418977022171,"Normal",FALSE,2.34504
"2010-06-20 18:00:00",1.582435131073,"Normal",FALSE,2.34504
"2010-06-20 19:00:00",2.1400294303894,"Normal",FALSE,2.34504
"2010-06-20 20:00:00",2.39033174514771,"High",TRUE,2.34504
"2010-06-20 21:00:00",2.04052805900574,"Normal",FALSE,2.34504
"2010-06-20 22:00:00",1.52668416500092,"Normal",FALSE,2.34504
"2010-06-20 23:00:00",1.02622199058533,"Normal",FALSE,2.34504
"2010-06-21 00:00:00",0.609056830406189,"Normal",FALSE,2.34504
"2010-06-21 01:00:00",0.331156045198441,"Normal",FALSE,2.34504
"2010-06-21 02:00:00",0.356464952230453,"Normal",FALSE,2.34504
"2010-06-21 03:00:00",0.311629682779312,"Normal",FALSE,2.34504
"2010-06-21 04:00:00",0.343521803617477,"Normal",FALSE,2.34504
"2010-06-21 05:00:00",0.319852709770203,"Normal",FALSE,2.34504
"2010-06-21 06:00:00",0.806459784507751,"Normal",FALSE,2.34504
"2010-06-21 07:00:00",0.646505057811737,"Normal",FALSE,2.34504
"2010-06-21 08:00:00",1.16598665714264,"Normal",FALSE,2.34504
"2010-06-21 09:00:00",1.40125155448914,"Normal",FALSE,2.34504
"2010-06-21 10:00:00",1.24886584281921,"Normal",FALSE,2.34504
"2010-06-21 11:00:00",1.02847754955292,"Normal",FALSE,2.34504
"2010-06-21 12:00:00",1.24921059608459,"Normal",FALSE,2.34504
"2010-06-21 13:00:00",0.879063427448273,"Normal",FALSE,2.34504
"2010-06-21 14:00:00",0.634618878364563,"Normal",FALSE,2.34504
"2010-06-21 15:00:00",1.14883637428284,"Normal",FALSE,2.34504
"2010-06-21 16:00:00",1.62256371974945,"Normal",FALSE,2.34504
"2010-06-21 17:00:00",0.577292144298553,"Normal",FALSE,2.34504
"2010-06-21 18:00:00",1.15255391597748,"Normal",FALSE,2.34504
"2010-06-21 19:00:00",2.09688782691956,"Normal",FALSE,2.34504
"2010-06-21 20:00:00",1.62631785869598,"Normal",FALSE,2.34504
"2010-06-21 21:00:00",1.93302285671234,"Normal",FALSE,2.34504
"2010-06-21 22:00:00",1.31716632843018,"Normal",FALSE,2.34504
"2010-06-21 23:00:00",1.1098290681839,"Normal",FALSE,2.34504
"2010-06-22 00:00:00",0.426181584596634,"Normal",FALSE,2.34504
"2010-06-22 01:00:00",0.390491127967834,"Normal",FALSE,2.34504
"2010-06-22 02:00:00",0.332943916320801,"Normal",FALSE,2.34504
"2010-06-22 03:00:00",0.345577359199524,"Normal",FALSE,2.34504
"2010-06-22 04:00:00",0.349057376384735,"Normal",FALSE,2.34504
"2010-06-22 05:00:00",0.472792536020279,"Normal",FALSE,2.34504
"2010-06-22 06:00:00",0.789689600467682,"Normal",FALSE,2.34504
"2010-06-22 07:00:00",1.32602822780609,"Normal",FALSE,2.34504
"2010-06-22 08:00:00",1.57032203674316,"Normal",FALSE,2.34504
"2010-06-22 09:00:00",1.4574226140976,"Normal",FALSE,2.34504
"2010-06-22 10:00:00",1.39167737960815,"Normal",FALSE,2.34504
"2010-06-22 11:00:00",1.51807284355164,"Normal",FALSE,2.34504
"2010-06-22 12:00:00",0.942859649658203,"Normal",FALSE,2.34504
"2010-06-22 13:00:00",0.710192859172821,"Normal",FALSE,2.34504
"2010-06-22 14:00:00",1.22373723983765,"Normal",FALSE,2.34504
"2010-06-22 15:00:00",0.976454138755798,"Normal",FALSE,2.34504
"2010-06-22 16:00:00",0.710553586483002,"Normal",FALSE,2.34504
"2010-06-22 17:00:00",0.603085517883301,"Normal",FALSE,2.34504
"2010-06-22 18:00:00",1.77961945533752,"Normal",FALSE,2.34504
"2010-06-22 19:00:00",1.63514399528503,"Normal",FALSE,2.34504
"2010-06-22 20:00:00",1.41883993148804,"Normal",FALSE,2.34504
"2010-06-22 21:00:00",1.35572123527527,"Normal",FALSE,2.34504
"2010-06-22 22:00:00",1.30576252937317,"Normal",FALSE,2.34504
"2010-06-22 23:00:00",1.1431177854538,"Normal",FALSE,2.34504
"2010-06-23 00:00:00",0.546252012252808,"Normal",FALSE,2.34504
"2010-06-23 01:00:00",0.347598731517792,"Normal",FALSE,2.34504
"2010-06-23 02:00:00",0.336680710315704,"Normal",FALSE,2.34504
"2010-06-23 03:00:00",0.337209612131119,"Normal",FALSE,2.34504
"2010-06-23 04:00:00",0.333476930856705,"Normal",FALSE,2.34504
"2010-06-23 05:00:00",0.42947256565094,"Normal",FALSE,2.34504
"2010-06-23 06:00:00",0.987281382083893,"Normal",FALSE,2.34504
"2010-06-23 07:00:00",1.31306409835815,"Normal",FALSE,2.34504
"2010-06-23 08:00:00",1.55077648162842,"Normal",FALSE,2.34504
"2010-06-23 09:00:00",1.29217743873596,"Normal",FALSE,2.34504
"2010-06-23 10:00:00",1.28891432285309,"Normal",FALSE,2.34504
"2010-06-23 11:00:00",1.74607300758362,"Normal",FALSE,2.34504
"2010-06-23 12:00:00",1.33315813541412,"Normal",FALSE,2.34504
"2010-06-23 13:00:00",0.976719260215759,"Normal",FALSE,2.34504
"2010-06-23 14:00:00",0.441250145435333,"Normal",FALSE,2.34504
"2010-06-23 15:00:00",0.461709260940552,"Normal",FALSE,2.34504
"2010-06-23 16:00:00",0.54673308134079,"Normal",FALSE,2.34504
"2010-06-23 17:00:00",0.603942513465881,"Normal",FALSE,2.34504
"2010-06-23 18:00:00",1.25664591789246,"Normal",FALSE,2.34504
"2010-06-23 19:00:00",1.71905815601349,"Normal",FALSE,2.34504
"2010-06-23 20:00:00",1.68005132675171,"Normal",FALSE,2.34504
"2010-06-23 21:00:00",1.57713449001312,"Normal",FALSE,2.34504
"2010-06-23 22:00:00",2.23111057281494,"Normal",FALSE,2.34504
"2010-06-23 23:00:00",0.645521581172943,"Normal",FALSE,2.34504
"2010-06-24 00:00:00",0.371187478303909,"Normal",FALSE,2.34504
"2010-06-24 01:00:00",0.34844908118248,"Normal",FALSE,2.34504
"2010-06-24 02:00:00",0.369542419910431,"Normal",FALSE,2.34504
"2010-06-24 03:00:00",0.403000056743622,"Normal",FALSE,2.34504
"2010-06-24 04:00:00",0.523381233215332,"Normal",FALSE,2.34504
"2010-06-24 05:00:00",0.629378736019135,"Normal",FALSE,2.34504
"2010-06-24 06:00:00",0.95938104391098,"Normal",FALSE,2.34504
"2010-06-24 07:00:00",1.05697500705719,"Normal",FALSE,2.34504
"2010-06-24 08:00:00",1.33882391452789,"Normal",FALSE,2.34504
"2010-06-24 09:00:00",1.45512926578522,"Normal",FALSE,2.34504
"2010-06-24 10:00:00",1.23645663261414,"Normal",FALSE,2.34504
"2010-06-24 11:00:00",0.671448290348053,"Normal",FALSE,2.34504
"2010-06-24 12:00:00",0.518828272819519,"Normal",FALSE,2.34504
"2010-06-24 13:00:00",0.537800490856171,"Normal",FALSE,2.34504
"2010-06-24 14:00:00",0.425605207681656,"Normal",FALSE,2.34504
"2010-06-24 15:00:00",0.380427658557892,"Normal",FALSE,2.34504
"2010-06-24 16:00:00",0.410171985626221,"Normal",FALSE,2.34504
"2010-06-24 17:00:00",0.633673846721649,"Normal",FALSE,2.34504
"2010-06-24 18:00:00",0.811511099338531,"Normal",FALSE,2.34504
"2010-06-24 19:00:00",1.3962916135788,"Normal",FALSE,2.34504
"2010-06-24 20:00:00",1.79917287826538,"Normal",FALSE,2.34504
"2010-06-24 21:00:00",1.46258330345154,"Normal",FALSE,2.34504
"2010-06-24 22:00:00",1.30683958530426,"Normal",FALSE,2.34504
"2010-06-24 23:00:00",1.01295721530914,"Normal",FALSE,2.34504
"2010-06-25 00:00:00",0.392430275678635,"Normal",FALSE,2.34504
"2010-06-25 01:00:00",0.332076877355576,"Normal",FALSE,2.34504
"2010-06-25 02:00:00",0.330800235271454,"Normal",FALSE,2.34504
"2010-06-25 03:00:00",0.32368591427803,"Normal",FALSE,2.34504
"2010-06-25 04:00:00",0.363620579242706,"Normal",FALSE,2.34504
"2010-06-25 05:00:00",0.533761084079742,"Normal",FALSE,2.34504
"2010-06-25 06:00:00",0.691593647003174,"Normal",FALSE,2.34504
"2010-06-25 07:00:00",1.53058552742004,"Normal",FALSE,2.34504
"2010-06-25 08:00:00",1.50428104400635,"Normal",FALSE,2.34504
"2010-06-25 09:00:00",1.0635005235672,"Normal",FALSE,2.34504
"2010-06-25 10:00:00",1.455894947052,"Normal",FALSE,2.34504
"2010-06-25 11:00:00",1.33799612522125,"Normal",FALSE,2.34504
"2010-06-25 12:00:00",1.44277191162109,"Normal",FALSE,2.34504
"2010-06-25 13:00:00",1.47278559207916,"Normal",FALSE,2.34504
"2010-06-25 14:00:00",0.793634712696075,"Normal",FALSE,2.34504
"2010-06-25 15:00:00",0.34615159034729,"Normal",FALSE,2.34504
"2010-06-25 16:00:00",0.338671416044235,"Normal",FALSE,2.34504
"2010-06-25 17:00:00",0.55511474609375,"Normal",FALSE,2.34504
"2010-06-25 18:00:00",0.798277378082275,"Normal",FALSE,2.34504
"2010-06-25 19:00:00",0.881975471973419,"Normal",FALSE,2.34504
"2010-06-25 20:00:00",0.835899710655212,"Normal",FALSE,2.34504
"2010-06-25 21:00:00",0.876185595989227,"Normal",FALSE,2.34504
"2010-06-25 22:00:00",1.52760410308838,"Normal",FALSE,2.34504
"2010-06-25 23:00:00",1.017911195755,"Normal",FALSE,2.34504
"2010-06-26 00:00:00",0.35005459189415,"Normal",FALSE,2.34504
"2010-06-26 01:00:00",0.386207491159439,"Normal",FALSE,2.34504
"2010-06-26 02:00:00",0.332145780324936,"Normal",FALSE,2.34504
"2010-06-26 03:00:00",0.322618126869202,"Normal",FALSE,2.34504
"2010-06-26 04:00:00",0.378070384263992,"Normal",FALSE,2.34504
"2010-06-26 05:00:00",0.460565537214279,"Normal",FALSE,2.34504
"2010-06-26 06:00:00",0.738512516021729,"Normal",FALSE,2.34504
"2010-06-26 07:00:00",0.772281229496002,"Normal",FALSE,2.34504
"2010-06-26 08:00:00",0.777514040470123,"Normal",FALSE,2.34504
"2010-06-26 09:00:00",0.695906698703766,"Normal",FALSE,2.34504
"2010-06-26 10:00:00",1.24900102615356,"Normal",FALSE,2.34504
"2010-06-26 11:00:00",1.71338164806366,"Normal",FALSE,2.34504
"2010-06-26 12:00:00",0.919797897338867,"Normal",FALSE,2.34504
"2010-06-26 13:00:00",1.52050244808197,"Normal",FALSE,2.34504
"2010-06-26 14:00:00",1.09542429447174,"Normal",FALSE,2.34504
"2010-06-26 15:00:00",0.575815856456757,"Normal",FALSE,2.34504
"2010-06-26 16:00:00",0.686466157436371,"Normal",FALSE,2.34504
"2010-06-26 17:00:00",0.968385100364685,"Normal",FALSE,2.34504
"2010-06-26 18:00:00",1.53892958164215,"Normal",FALSE,2.34504
"2010-06-26 19:00:00",1.58664262294769,"Normal",FALSE,2.34504
"2010-06-26 20:00:00",0.465225726366043,"Normal",FALSE,2.34504
"2010-06-26 21:00:00",0.887147128582001,"Normal",FALSE,2.34504
"2010-06-26 22:00:00",0.698310196399689,"Normal",FALSE,2.34504
"2010-06-26 23:00:00",0.441995769739151,"Normal",FALSE,2.34504
"2010-06-27 00:00:00",0.576061248779297,"Normal",FALSE,2.34504
"2010-06-27 01:00:00",0.487013071775436,"Normal",FALSE,2.34504
"2010-06-27 02:00:00",0.527363896369934,"Normal",FALSE,2.34504
"2010-06-27 03:00:00",0.384596616029739,"Normal",FALSE,2.34504
"2010-06-27 04:00:00",0.420741856098175,"Normal",FALSE,2.34504
"2010-06-27 05:00:00",0.314575225114822,"Normal",FALSE,2.34504
"2010-06-27 06:00:00",0.407769501209259,"Normal",FALSE,2.34504
"2010-06-27 07:00:00",0.449068337678909,"Normal",FALSE,2.34504
"2010-06-27 08:00:00",0.92452210187912,"Normal",FALSE,2.34504
"2010-06-27 09:00:00",0.544812560081482,"Normal",FALSE,2.34504
"2010-06-27 10:00:00",1.41959571838379,"Normal",FALSE,2.34504
"2010-06-27 11:00:00",1.09436416625977,"Normal",FALSE,2.34504
"2010-06-27 12:00:00",0.962121844291687,"Normal",FALSE,2.34504
"2010-06-27 13:00:00",1.11721217632294,"Normal",FALSE,2.34504
"2010-06-27 14:00:00",1.43982422351837,"Normal",FALSE,2.34504
"2010-06-27 15:00:00",1.33391296863556,"Normal",FALSE,2.34504
"2010-06-27 16:00:00",0.805047988891602,"Normal",FALSE,2.34504
"2010-06-27 17:00:00",1.11929678916931,"Normal",FALSE,2.34504
"2010-06-27 18:00:00",1.15070474147797,"Normal",FALSE,2.34504
"2010-06-27 19:00:00",1.43758869171143,"Normal",FALSE,2.34504
"2010-06-27 20:00:00",0.648566007614136,"Normal",FALSE,2.34504
"2010-06-27 21:00:00",0.737357378005981,"Normal",FALSE,2.34504
"2010-06-27 22:00:00",1.13056194782257,"Normal",FALSE,2.34504
"2010-06-27 23:00:00",0.939262330532074,"Normal",FALSE,2.34504
"2010-06-28 00:00:00",0.463017493486404,"Normal",FALSE,2.34504
"2010-06-28 01:00:00",0.321785062551498,"Normal",FALSE,2.34504
"2010-06-28 02:00:00",0.3753642141819,"Normal",FALSE,2.34504
"2010-06-28 03:00:00",0.609275579452515,"Normal",FALSE,2.34504
"2010-06-28 04:00:00",0.52502566576004,"Normal",FALSE,2.34504
"2010-06-28 05:00:00",0.38297438621521,"Normal",FALSE,2.34504
"2010-06-28 06:00:00",0.672263443470001,"Normal",FALSE,2.34504
"2010-06-28 07:00:00",1.37518978118896,"Normal",FALSE,2.34504
"2010-06-28 08:00:00",1.23077929019928,"Normal",FALSE,2.34504
"2010-06-28 09:00:00",1.3029910326004,"Normal",FALSE,2.34504
"2010-06-28 10:00:00",0.751619160175323,"Normal",FALSE,2.34504
"2010-06-28 11:00:00",0.477467000484467,"Normal",FALSE,2.34504
"2010-06-28 12:00:00",0.989072799682617,"Normal",FALSE,2.34504
"2010-06-28 13:00:00",0.852514445781708,"Normal",FALSE,2.34504
"2010-06-28 14:00:00",0.719199955463409,"Normal",FALSE,2.34504
"2010-06-28 15:00:00",0.903069734573364,"Normal",FALSE,2.34504
"2010-06-28 16:00:00",1.3817971944809,"Normal",FALSE,2.34504
"2010-06-28 17:00:00",0.818488359451294,"Normal",FALSE,2.34504
"2010-06-28 18:00:00",1.36596441268921,"Normal",FALSE,2.34504
"2010-06-28 19:00:00",1.43571150302887,"Normal",FALSE,2.34504
"2010-06-28 20:00:00",1.20624303817749,"Normal",FALSE,2.34504
"2010-06-28 21:00:00",0.979360997676849,"Normal",FALSE,2.34504
"2010-06-28 22:00:00",1.10395646095276,"Normal",FALSE,2.34504
"2010-06-28 23:00:00",0.971666276454926,"Normal",FALSE,2.34504
"2010-06-29 00:00:00",0.885270476341248,"Normal",FALSE,2.34504
"2010-06-29 01:00:00",0.451954692602158,"Normal",FALSE,2.34504
"2010-06-29 02:00:00",0.412887424230576,"Normal",FALSE,2.34504
"2010-06-29 03:00:00",0.381144374608994,"Normal",FALSE,2.34504
"2010-06-29 04:00:00",0.358542233705521,"Normal",FALSE,2.34504
"2010-06-29 05:00:00",0.481605768203735,"Normal",FALSE,2.34504
"2010-06-29 06:00:00",0.901485979557037,"Normal",FALSE,2.34504
"2010-06-29 07:00:00",1.00569832324982,"Normal",FALSE,2.34504
"2010-06-29 08:00:00",1.28528726100922,"Normal",FALSE,2.34504
"2010-06-29 09:00:00",1.50592184066772,"Normal",FALSE,2.34504
"2010-06-29 10:00:00",1.4848747253418,"Normal",FALSE,2.34504
"2010-06-29 11:00:00",1.62928748130798,"Normal",FALSE,2.34504
"2010-06-29 12:00:00",0.627744913101196,"Normal",FALSE,2.34504
"2010-06-29 13:00:00",0.640634894371033,"Normal",FALSE,2.34504
"2010-06-29 14:00:00",0.93837296962738,"Normal",FALSE,2.34504
"2010-06-29 15:00:00",1.04160952568054,"Normal",FALSE,2.34504
"2010-06-29 16:00:00",0.493397504091263,"Normal",FALSE,2.34504
"2010-06-29 17:00:00",1.16259920597076,"Normal",FALSE,2.34504
"2010-06-29 18:00:00",1.34481120109558,"Normal",FALSE,2.34504
"2010-06-29 19:00:00",1.14153957366943,"Normal",FALSE,2.34504
"2010-06-29 20:00:00",0.98887425661087,"Normal",FALSE,2.34504
"2010-06-29 21:00:00",1.17262077331543,"Normal",FALSE,2.34504
"2010-06-29 22:00:00",1.50765931606293,"Normal",FALSE,2.34504
"2010-06-29 23:00:00",1.16684556007385,"Normal",FALSE,2.34504
"2010-06-30 00:00:00",0.371421903371811,"Normal",FALSE,2.34504
"2010-06-30 01:00:00",0.373581677675247,"Normal",FALSE,2.34504
"2010-06-30 02:00:00",0.520560443401337,"Normal",FALSE,2.34504
"2010-06-30 03:00:00",0.411047220230103,"Normal",FALSE,2.34504
"2010-06-30 04:00:00",0.341279894113541,"Normal",FALSE,2.34504
"2010-06-30 05:00:00",0.371158927679062,"Normal",FALSE,2.34504
"2010-06-30 06:00:00",0.686764776706696,"Normal",FALSE,2.34504
"2010-06-30 07:00:00",1.14887261390686,"Normal",FALSE,2.34504
"2010-06-30 08:00:00",1.29757905006409,"Normal",FALSE,2.34504
"2010-06-30 09:00:00",1.33965742588043,"Normal",FALSE,2.34504
"2010-06-30 10:00:00",0.638889729976654,"Normal",FALSE,2.34504
"2010-06-30 11:00:00",0.491040766239166,"Normal",FALSE,2.34504
"2010-06-30 12:00:00",0.903847813606262,"Normal",FALSE,2.34504
"2010-06-30 13:00:00",1.04574608802795,"Normal",FALSE,2.34504
"2010-06-30 14:00:00",1.15114319324493,"Normal",FALSE,2.34504
"2010-06-30 15:00:00",1.13906133174896,"Normal",FALSE,2.34504
"2010-06-30 16:00:00",0.675985157489777,"Normal",FALSE,2.34504
"2010-06-30 17:00:00",0.797460198402405,"Normal",FALSE,2.34504
"2010-06-30 18:00:00",1.5031830072403,"Normal",FALSE,2.34504
"2010-06-30 19:00:00",1.45043981075287,"Normal",FALSE,2.34504
"2010-06-30 20:00:00",1.20423674583435,"Normal",FALSE,2.34504
"2010-06-30 21:00:00",1.40596640110016,"Normal",FALSE,2.34504
"2010-06-30 22:00:00",1.25068771839142,"Normal",FALSE,2.34504
"2010-06-30 23:00:00",1.0504709482193,"Normal",FALSE,2.34504
"2010-07-01 00:00:00",0.928974509239197,"Normal",FALSE,2.34504
"2010-07-01 01:00:00",1.56412374973297,"Normal",FALSE,2.34504
"2010-07-01 02:00:00",0.433032363653183,"Normal",FALSE,2.34504
"2010-07-01 03:00:00",0.35256427526474,"Normal",FALSE,2.34504
"2010-07-01 04:00:00",0.38144588470459,"Normal",FALSE,2.34504
"2010-07-01 05:00:00",0.422567099332809,"Normal",FALSE,2.34504
"2010-07-01 06:00:00",0.651421844959259,"Normal",FALSE,2.34504
"2010-07-01 07:00:00",0.959805369377136,"Normal",FALSE,2.34504
"2010-07-01 08:00:00",0.707294821739197,"Normal",FALSE,2.34504
"2010-07-01 09:00:00",0.751551628112793,"Normal",FALSE,2.34504
"2010-07-01 10:00:00",0.876437604427338,"Normal",FALSE,2.34504
"2010-07-01 11:00:00",1.24393260478973,"Normal",FALSE,2.34504
"2010-07-01 12:00:00",1.27746140956879,"Normal",FALSE,2.34504
"2010-07-01 13:00:00",1.23159849643707,"Normal",FALSE,2.34504
"2010-07-01 14:00:00",0.76080584526062,"Normal",FALSE,2.34504
"2010-07-01 15:00:00",0.829298377037048,"Normal",FALSE,2.34504
"2010-07-01 16:00:00",0.857097744941711,"Normal",FALSE,2.34504
"2010-07-01 17:00:00",1.13882982730865,"Normal",FALSE,2.34504
"2010-07-01 18:00:00",1.0789395570755,"Normal",FALSE,2.34504
"2010-07-01 19:00:00",1.44094920158386,"Normal",FALSE,2.34504
"2010-07-01 20:00:00",0.744448721408844,"Normal",FALSE,2.34504
"2010-07-01 21:00:00",0.688139975070953,"Normal",FALSE,2.34504
"2010-07-01 22:00:00",1.34336280822754,"Normal",FALSE,2.34504
"2010-07-01 23:00:00",1.0934134721756,"Normal",FALSE,2.34504
"2010-07-02 00:00:00",0.661864936351776,"Normal",FALSE,2.34504
"2010-07-02 01:00:00",0.875469446182251,"Normal",FALSE,2.34504
"2010-07-02 02:00:00",0.49650439620018,"Normal",FALSE,2.34504
"2010-07-02 03:00:00",0.425399988889694,"Normal",FALSE,2.34504
"2010-07-02 04:00:00",1.24119532108307,"Normal",FALSE,2.34504
"2010-07-02 05:00:00",0.575969636440277,"Normal",FALSE,2.34504
"2010-07-02 06:00:00",0.638749182224274,"Normal",FALSE,2.34504
"2010-07-02 07:00:00",0.651656150817871,"Normal",FALSE,2.34504
"2010-07-02 08:00:00",0.656874358654022,"Normal",FALSE,2.34504
"2010-07-02 09:00:00",0.630922377109528,"Normal",FALSE,2.34504
"2010-07-02 10:00:00",0.746653020381927,"Normal",FALSE,2.34504
"2010-07-02 11:00:00",0.765754520893097,"Normal",FALSE,2.34504
"2010-07-02 12:00:00",1.15166711807251,"Normal",FALSE,2.34504
"2010-07-02 13:00:00",0.806684911251068,"Normal",FALSE,2.34504
"2010-07-02 14:00:00",0.544289946556091,"Normal",FALSE,2.34504
"2010-07-02 15:00:00",0.876665472984314,"Normal",FALSE,2.34504
"2010-07-02 16:00:00",0.823588073253632,"Normal",FALSE,2.34504
"2010-07-02 17:00:00",1.02089810371399,"Normal",FALSE,2.34504
"2010-07-02 18:00:00",0.674307346343994,"Normal",FALSE,2.34504
"2010-07-02 19:00:00",0.833319127559662,"Normal",FALSE,2.34504
"2010-07-02 20:00:00",1.28484225273132,"Normal",FALSE,2.34504
"2010-07-02 21:00:00",1.4550746679306,"Normal",FALSE,2.34504
"2010-07-02 22:00:00",1.07624161243439,"Normal",FALSE,2.34504
"2010-07-02 23:00:00",0.502515316009521,"Normal",FALSE,2.34504
"2010-07-03 00:00:00",0.485248267650604,"Normal",FALSE,2.34504
"2010-07-03 01:00:00",0.480333238840103,"Normal",FALSE,2.34504
"2010-07-03 02:00:00",0.549982488155365,"Normal",FALSE,2.34504
"2010-07-03 03:00:00",1.18182981014252,"Normal",FALSE,2.34504
"2010-07-03 04:00:00",0.644558846950531,"Normal",FALSE,2.34504
"2010-07-03 05:00:00",0.412594050168991,"Normal",FALSE,2.34504
"2010-07-03 06:00:00",0.604414701461792,"Normal",FALSE,2.34504
"2010-07-03 07:00:00",0.767103016376495,"Normal",FALSE,2.34504
"2010-07-03 08:00:00",1.01373600959778,"Normal",FALSE,2.34504
"2010-07-03 09:00:00",0.616297006607056,"Normal",FALSE,2.34504
"2010-07-03 10:00:00",0.674587965011597,"Normal",FALSE,2.34504
"2010-07-03 11:00:00",0.752326905727386,"Normal",FALSE,2.34504
"2010-07-03 12:00:00",0.99018007516861,"Normal",FALSE,2.34504
"2010-07-03 13:00:00",0.984291017055511,"Normal",FALSE,2.34504
"2010-07-03 14:00:00",0.818842709064484,"Normal",FALSE,2.34504
"2010-07-03 15:00:00",0.664721131324768,"Normal",FALSE,2.34504
"2010-07-03 16:00:00",0.619846880435944,"Normal",FALSE,2.34504
"2010-07-03 17:00:00",0.647758722305298,"Normal",FALSE,2.34504
"2010-07-03 18:00:00",0.82830935716629,"Normal",FALSE,2.34504
"2010-07-03 19:00:00",1.09138226509094,"Normal",FALSE,2.34504
"2010-07-03 20:00:00",1.16760551929474,"Normal",FALSE,2.34504
"2010-07-03 21:00:00",1.24605858325958,"Normal",FALSE,2.34504
"2010-07-03 22:00:00",1.04823577404022,"Normal",FALSE,2.34504
"2010-07-03 23:00:00",1.18916666507721,"Normal",FALSE,2.34504
"2010-07-04 00:00:00",1.31914305686951,"Normal",FALSE,2.34504
"2010-07-04 01:00:00",1.01459383964539,"Normal",FALSE,2.34504
"2010-07-04 02:00:00",1.39661645889282,"Normal",FALSE,2.34504
"2010-07-04 03:00:00",1.54465520381927,"Normal",FALSE,2.34504
"2010-07-04 04:00:00",1.40257096290588,"Normal",FALSE,2.34504
"2010-07-04 05:00:00",1.42672395706177,"Normal",FALSE,2.34504
"2010-07-04 06:00:00",1.28302824497223,"Normal",FALSE,2.34504
"2010-07-04 07:00:00",1.26848149299622,"Normal",FALSE,2.34504
"2010-07-04 08:00:00",1.64663600921631,"Normal",FALSE,2.34504
"2010-07-04 09:00:00",1.15877187252045,"Normal",FALSE,2.34504
"2010-07-04 10:00:00",1.07637548446655,"Normal",FALSE,2.34504
"2010-07-04 11:00:00",1.35710084438324,"Normal",FALSE,2.34504
"2010-07-04 12:00:00",1.11236810684204,"Normal",FALSE,2.34504
"2010-07-04 13:00:00",0.51242458820343,"Normal",FALSE,2.34504
"2010-07-04 14:00:00",0.66359668970108,"Normal",FALSE,2.34504
"2010-07-04 15:00:00",0.560337245464325,"Normal",FALSE,2.34504
"2010-07-04 16:00:00",0.473004132509232,"Normal",FALSE,2.34504
"2010-07-04 17:00:00",0.557292580604553,"Normal",FALSE,2.34504
"2010-07-04 18:00:00",0.933540761470795,"Normal",FALSE,2.34504
"2010-07-04 19:00:00",0.919871509075165,"Normal",FALSE,2.34504
"2010-07-04 20:00:00",0.5787633061409,"Normal",FALSE,2.34504
"2010-07-04 21:00:00",0.925743520259857,"Normal",FALSE,2.34504
"2010-07-04 22:00:00",1.52744388580322,"Normal",FALSE,2.34504
"2010-07-04 23:00:00",0.996977031230927,"Normal",FALSE,2.34504
"2010-07-05 00:00:00",0.629777491092682,"Normal",FALSE,2.34504
"2010-07-05 01:00:00",0.4273641705513,"Normal",FALSE,2.34504
"2010-07-05 02:00:00",0.458175599575043,"Normal",FALSE,2.34504
"2010-07-05 03:00:00",0.388024151325226,"Normal",FALSE,2.34504
"2010-07-05 04:00:00",0.380122423171997,"Normal",FALSE,2.34504
"2010-07-05 05:00:00",0.39468514919281,"Normal",FALSE,2.34504
"2010-07-05 06:00:00",0.830836832523346,"Normal",FALSE,2.34504
"2010-07-05 07:00:00",0.716912746429443,"Normal",FALSE,2.34504
"2010-07-05 08:00:00",1.23937726020813,"Normal",FALSE,2.34504
"2010-07-05 09:00:00",1.08625149726868,"Normal",FALSE,2.34504
"2010-07-05 10:00:00",0.440049976110458,"Normal",FALSE,2.34504
"2010-07-05 11:00:00",0.481962651014328,"Normal",FALSE,2.34504
"2010-07-05 12:00:00",0.440993964672089,"Normal",FALSE,2.34504
"2010-07-05 13:00:00",0.760292530059814,"Normal",FALSE,2.34504
"2010-07-05 14:00:00",0.776202082633972,"Normal",FALSE,2.34504
"2010-07-05 15:00:00",0.977855145931244,"Normal",FALSE,2.34504
"2010-07-05 16:00:00",1.0808413028717,"Normal",FALSE,2.34504
"2010-07-05 17:00:00",0.930100500583649,"Normal",FALSE,2.34504
"2010-07-05 18:00:00",0.399630308151245,"Normal",FALSE,2.34504
"2010-07-05 19:00:00",0.506239116191864,"Normal",FALSE,2.34504
"2010-07-05 20:00:00",1.04072856903076,"Normal",FALSE,2.34504
"2010-07-05 21:00:00",1.48648405075073,"Normal",FALSE,2.34504
"2010-07-05 22:00:00",1.32036471366882,"Normal",FALSE,2.34504
"2010-07-05 23:00:00",0.973863244056702,"Normal",FALSE,2.34504
"2010-07-06 00:00:00",0.896278202533722,"Normal",FALSE,2.34504
"2010-07-06 01:00:00",0.402717083692551,"Normal",FALSE,2.34504
"2010-07-06 02:00:00",0.364662975072861,"Normal",FALSE,2.34504
"2010-07-06 03:00:00",0.414011627435684,"Normal",FALSE,2.34504
"2010-07-06 04:00:00",0.387420922517776,"Normal",FALSE,2.34504
"2010-07-06 05:00:00",0.360855758190155,"Normal",FALSE,2.34504
"2010-07-06 06:00:00",0.621656537055969,"Normal",FALSE,2.34504
"2010-07-06 07:00:00",1.05823230743408,"Normal",FALSE,2.34504
"2010-07-06 08:00:00",1.2232528924942,"Normal",FALSE,2.34504
"2010-07-06 09:00:00",1.25826740264893,"Normal",FALSE,2.34504
"2010-07-06 10:00:00",1.13470411300659,"Normal",FALSE,2.34504
"2010-07-06 11:00:00",1.05522418022156,"Normal",FALSE,2.34504
"2010-07-06 12:00:00",0.373155415058136,"Normal",FALSE,2.34504
"2010-07-06 13:00:00",0.462021350860596,"Normal",FALSE,2.34504
"2010-07-06 14:00:00",0.972434222698212,"Normal",FALSE,2.34504
"2010-07-06 15:00:00",0.807003319263458,"Normal",FALSE,2.34504
"2010-07-06 16:00:00",0.742530465126038,"Normal",FALSE,2.34504
"2010-07-06 17:00:00",0.856396377086639,"Normal",FALSE,2.34504
"2010-07-06 18:00:00",0.729951322078705,"Normal",FALSE,2.34504
"2010-07-06 19:00:00",0.949217200279236,"Normal",FALSE,2.34504
"2010-07-06 20:00:00",1.27117693424225,"Normal",FALSE,2.34504
"2010-07-06 21:00:00",1.65440797805786,"Normal",FALSE,2.34504
"2010-07-06 22:00:00",0.931633114814758,"Normal",FALSE,2.34504
"2010-07-06 23:00:00",0.340994775295258,"Normal",FALSE,2.34504
"2010-07-07 00:00:00",0.47021758556366,"Normal",FALSE,2.34504
"2010-07-07 01:00:00",0.498879611492157,"Normal",FALSE,2.34504
"2010-07-07 02:00:00",0.624568700790405,"Normal",FALSE,2.34504
"2010-07-07 03:00:00",0.348480850458145,"Normal",FALSE,2.34504
"2010-07-07 04:00:00",0.461233258247375,"Normal",FALSE,2.34504
"2010-07-07 05:00:00",0.466240048408508,"Normal",FALSE,2.34504
"2010-07-07 06:00:00",0.562331259250641,"Normal",FALSE,2.34504
"2010-07-07 07:00:00",1.39068365097046,"Normal",FALSE,2.34504
"2010-07-07 08:00:00",0.833454132080078,"Normal",FALSE,2.34504
"2010-07-07 09:00:00",0.997837066650391,"Normal",FALSE,2.34504
"2010-07-07 10:00:00",0.421829074621201,"Normal",FALSE,2.34504
"2010-07-07 11:00:00",0.389710307121277,"Normal",FALSE,2.34504
"2010-07-07 12:00:00",0.480809241533279,"Normal",FALSE,2.34504
"2010-07-07 13:00:00",0.801397442817688,"Normal",FALSE,2.34504
"2010-07-07 14:00:00",0.732437551021576,"Normal",FALSE,2.34504
"2010-07-07 15:00:00",1.20193409919739,"Normal",FALSE,2.34504
"2010-07-07 16:00:00",0.868183195590973,"Normal",FALSE,2.34504
"2010-07-07 17:00:00",0.439489483833313,"Normal",FALSE,2.34504
"2010-07-07 18:00:00",0.603665113449097,"Normal",FALSE,2.34504
"2010-07-07 19:00:00",0.592773497104645,"Normal",FALSE,2.34504
"2010-07-07 20:00:00",1.07448530197144,"Normal",FALSE,2.34504
"2010-07-07 21:00:00",1.51552081108093,"Normal",FALSE,2.34504
"2010-07-07 22:00:00",0.927392721176147,"Normal",FALSE,2.34504
"2010-07-07 23:00:00",0.806325495243073,"Normal",FALSE,2.34504
"2010-07-08 00:00:00",0.343169242143631,"Normal",FALSE,2.34504
"2010-07-08 01:00:00",0.423742055892944,"Normal",FALSE,2.34504
"2010-07-08 02:00:00",0.486458539962769,"Normal",FALSE,2.34504
"2010-07-08 03:00:00",0.375112444162369,"Normal",FALSE,2.34504
"2010-07-08 04:00:00",0.366771757602692,"Normal",FALSE,2.34504
"2010-07-08 05:00:00",0.491743385791779,"Normal",FALSE,2.34504
"2010-07-08 06:00:00",0.645645380020142,"Normal",FALSE,2.34504
"2010-07-08 07:00:00",0.883627355098724,"Normal",FALSE,2.34504
"2010-07-08 08:00:00",1.35182988643646,"Normal",FALSE,2.34504
"2010-07-08 09:00:00",0.928221762180328,"Normal",FALSE,2.34504
"2010-07-08 10:00:00",0.35108745098114,"Normal",FALSE,2.34504
"2010-07-08 11:00:00",0.682234346866608,"Normal",FALSE,2.34504
"2010-07-08 12:00:00",0.616952240467072,"Normal",FALSE,2.34504
"2010-07-08 13:00:00",0.395596563816071,"Normal",FALSE,2.34504
"2010-07-08 14:00:00",1.16675770282745,"Normal",FALSE,2.34504
"2010-07-08 15:00:00",1.50296819210052,"Normal",FALSE,2.34504
"2010-07-08 16:00:00",0.703957319259644,"Normal",FALSE,2.34504
"2010-07-08 17:00:00",1.3089097738266,"Normal",FALSE,2.34504
"2010-07-08 18:00:00",0.537318468093872,"Normal",FALSE,2.34504
"2010-07-08 19:00:00",0.934416234493256,"Normal",FALSE,2.34504
"2010-07-08 20:00:00",1.10936832427979,"Normal",FALSE,2.34504
"2010-07-08 21:00:00",1.66977310180664,"Normal",FALSE,2.34504
"2010-07-08 22:00:00",1.11931705474854,"Normal",FALSE,2.34504
"2010-07-08 23:00:00",0.92649632692337,"Normal",FALSE,2.34504
"2010-07-09 00:00:00",0.669759333133698,"Normal",FALSE,2.34504
"2010-07-09 01:00:00",0.776790022850037,"Normal",FALSE,2.34504
"2010-07-09 02:00:00",0.393626719713211,"Normal",FALSE,2.34504
"2010-07-09 03:00:00",0.489014893770218,"Normal",FALSE,2.34504
"2010-07-09 04:00:00",0.448109269142151,"Normal",FALSE,2.34504
"2010-07-09 05:00:00",0.538090348243713,"Normal",FALSE,2.34504
"2010-07-09 06:00:00",0.75077885389328,"Normal",FALSE,2.34504
"2010-07-09 07:00:00",1.21059834957123,"Normal",FALSE,2.34504
"2010-07-09 08:00:00",1.01725769042969,"Normal",FALSE,2.34504
"2010-07-09 09:00:00",0.731810808181763,"Normal",FALSE,2.34504
"2010-07-09 10:00:00",0.760916829109192,"Normal",FALSE,2.34504
"2010-07-09 11:00:00",0.952420711517334,"Normal",FALSE,2.34504
"2010-07-09 12:00:00",0.718351542949677,"Normal",FALSE,2.34504
"2010-07-09 13:00:00",0.750830888748169,"Normal",FALSE,2.34504
"2010-07-09 14:00:00",1.15975701808929,"Normal",FALSE,2.34504
"2010-07-09 15:00:00",0.770601630210876,"Normal",FALSE,2.34504
"2010-07-09 16:00:00",0.823009252548218,"Normal",FALSE,2.34504
"2010-07-09 17:00:00",0.743690252304077,"Normal",FALSE,2.34504
"2010-07-09 18:00:00",0.69577693939209,"Normal",FALSE,2.34504
"2010-07-09 19:00:00",0.928768932819366,"Normal",FALSE,2.34504
"2010-07-09 20:00:00",0.867640733718872,"Normal",FALSE,2.34504
"2010-07-09 21:00:00",1.15713822841644,"Normal",FALSE,2.34504
"2010-07-09 22:00:00",0.920774936676025,"Normal",FALSE,2.34504
"2010-07-09 23:00:00",0.804182291030884,"Normal",FALSE,2.34504
"2010-07-10 00:00:00",0.651197493076324,"Normal",FALSE,2.34504
"2010-07-10 01:00:00",0.382414013147354,"Normal",FALSE,2.34504
"2010-07-10 02:00:00",0.344368070363998,"Normal",FALSE,2.34504
"2010-07-10 03:00:00",0.39715588092804,"Normal",FALSE,2.34504
"2010-07-10 04:00:00",0.511083543300629,"Normal",FALSE,2.34504
"2010-07-10 05:00:00",0.384847402572632,"Normal",FALSE,2.34504
"2010-07-10 06:00:00",0.505557835102081,"Normal",FALSE,2.34504
"2010-07-10 07:00:00",0.695846617221832,"Normal",FALSE,2.34504
"2010-07-10 08:00:00",0.561650454998016,"Normal",FALSE,2.34504
"2010-07-10 09:00:00",0.75226753950119,"Normal",FALSE,2.34504
"2010-07-10 10:00:00",1.49860894680023,"Normal",FALSE,2.34504
"2010-07-10 11:00:00",0.882141947746277,"Normal",FALSE,2.34504
"2010-07-10 12:00:00",0.715472757816315,"Normal",FALSE,2.34504
"2010-07-10 13:00:00",0.658284068107605,"Normal",FALSE,2.34504
"2010-07-10 14:00:00",1.45425713062286,"Normal",FALSE,2.34504
"2010-07-10 15:00:00",1.36335837841034,"Normal",FALSE,2.34504
"2010-07-10 16:00:00",1.29739367961884,"Normal",FALSE,2.34504
"2010-07-10 17:00:00",0.770134150981903,"Normal",FALSE,2.34504
"2010-07-10 18:00:00",0.951949059963226,"Normal",FALSE,2.34504
"2010-07-10 19:00:00",0.802765548229218,"Normal",FALSE,2.34504
"2010-07-10 20:00:00",1.02716970443726,"Normal",FALSE,2.34504
"2010-07-10 21:00:00",1.19689786434174,"Normal",FALSE,2.34504
"2010-07-10 22:00:00",0.812865674495697,"Normal",FALSE,2.34504
"2010-07-10 23:00:00",0.862060904502869,"Normal",FALSE,2.34504
"2010-07-11 00:00:00",0.468654841184616,"Normal",FALSE,2.34504
"2010-07-11 01:00:00",0.406150221824646,"Normal",FALSE,2.34504
"2010-07-11 02:00:00",0.571217179298401,"Normal",FALSE,2.34504
"2010-07-11 03:00:00",0.577394425868988,"Normal",FALSE,2.34504
"2010-07-11 04:00:00",0.457541733980179,"Normal",FALSE,2.34504
"2010-07-11 05:00:00",0.554616153240204,"Normal",FALSE,2.34504
"2010-07-11 06:00:00",0.944460570812225,"Normal",FALSE,2.34504
"2010-07-11 07:00:00",0.970676779747009,"Normal",FALSE,2.34504
"2010-07-11 08:00:00",0.59030020236969,"Normal",FALSE,2.34504
"2010-07-11 09:00:00",0.771702945232391,"Normal",FALSE,2.34504
"2010-07-11 10:00:00",0.951206028461456,"Normal",FALSE,2.34504
"2010-07-11 11:00:00",1.3587052822113,"Normal",FALSE,2.34504
"2010-07-11 12:00:00",1.18014252185822,"Normal",FALSE,2.34504
"2010-07-11 13:00:00",0.754295408725739,"Normal",FALSE,2.34504
"2010-07-11 14:00:00",1.01374852657318,"Normal",FALSE,2.34504
"2010-07-11 15:00:00",0.666696667671204,"Normal",FALSE,2.34504
"2010-07-11 16:00:00",0.772063195705414,"Normal",FALSE,2.34504
"2010-07-11 17:00:00",0.870286345481873,"Normal",FALSE,2.34504
"2010-07-11 18:00:00",0.879091501235962,"Normal",FALSE,2.34504
"2010-07-11 19:00:00",1.05920159816742,"Normal",FALSE,2.34504
"2010-07-11 20:00:00",1.46858656406403,"Normal",FALSE,2.34504
"2010-07-11 21:00:00",0.94758814573288,"Normal",FALSE,2.34504
"2010-07-11 22:00:00",0.843473434448242,"Normal",FALSE,2.34504
"2010-07-11 23:00:00",1.00931656360626,"Normal",FALSE,2.34504
"2010-07-12 00:00:00",1.19901359081268,"Normal",FALSE,2.34504
"2010-07-12 01:00:00",0.531206727027893,"Normal",FALSE,2.34504
"2010-07-12 02:00:00",0.393146306276321,"Normal",FALSE,2.34504
"2010-07-12 03:00:00",0.453658193349838,"Normal",FALSE,2.34504
"2010-07-12 04:00:00",0.389297068119049,"Normal",FALSE,2.34504
"2010-07-12 05:00:00",0.403176665306091,"Normal",FALSE,2.34504
"2010-07-12 06:00:00",0.626522481441498,"Normal",FALSE,2.34504
"2010-07-12 07:00:00",1.03384518623352,"Normal",FALSE,2.34504
"2010-07-12 08:00:00",0.914276361465454,"Normal",FALSE,2.34504
"2010-07-12 09:00:00",0.843814074993134,"Normal",FALSE,2.34504
"2010-07-12 10:00:00",0.817329704761505,"Normal",FALSE,2.34504
"2010-07-12 11:00:00",0.788319110870361,"Normal",FALSE,2.34504
"2010-07-12 12:00:00",0.811380505561829,"Normal",FALSE,2.34504
"2010-07-12 13:00:00",0.728254377841949,"Normal",FALSE,2.34504
"2010-07-12 14:00:00",0.859479427337646,"Normal",FALSE,2.34504
"2010-07-12 15:00:00",0.690990149974823,"Normal",FALSE,2.34504
"2010-07-12 16:00:00",0.693684041500092,"Normal",FALSE,2.34504
"2010-07-12 17:00:00",0.518110394477844,"Normal",FALSE,2.34504
"2010-07-12 18:00:00",1.13747179508209,"Normal",FALSE,2.34504
"2010-07-12 19:00:00",1.18983519077301,"Normal",FALSE,2.34504
"2010-07-12 20:00:00",0.811964988708496,"Normal",FALSE,2.34504
"2010-07-12 21:00:00",1.58303904533386,"Normal",FALSE,2.34504
"2010-07-12 22:00:00",1.4037834405899,"Normal",FALSE,2.34504
"2010-07-12 23:00:00",0.950538635253906,"Normal",FALSE,2.34504
"2010-07-13 00:00:00",0.426603078842163,"Normal",FALSE,2.34504
"2010-07-13 01:00:00",0.378726810216904,"Normal",FALSE,2.34504
"2010-07-13 02:00:00",0.439493089914322,"Normal",FALSE,2.34504
"2010-07-13 03:00:00",0.377645373344421,"Normal",FALSE,2.34504
"2010-07-13 04:00:00",0.383568525314331,"Normal",FALSE,2.34504
"2010-07-13 05:00:00",0.464912921190262,"Normal",FALSE,2.34504
"2010-07-13 06:00:00",0.67155122756958,"Normal",FALSE,2.34504
"2010-07-13 07:00:00",0.927679240703583,"Normal",FALSE,2.34504
"2010-07-13 08:00:00",1.049729347229,"Normal",FALSE,2.34504
"2010-07-13 09:00:00",1.34064614772797,"Normal",FALSE,2.34504
"2010-07-13 10:00:00",1.34647500514984,"Normal",FALSE,2.34504
"2010-07-13 11:00:00",0.584094345569611,"Normal",FALSE,2.34504
"2010-07-13 12:00:00",0.688134431838989,"Normal",FALSE,2.34504
"2010-07-13 13:00:00",0.725880861282349,"Normal",FALSE,2.34504
"2010-07-13 14:00:00",1.17550313472748,"Normal",FALSE,2.34504
"2010-07-13 15:00:00",1.18724822998047,"Normal",FALSE,2.34504
"2010-07-13 16:00:00",0.80668318271637,"Normal",FALSE,2.34504
"2010-07-13 17:00:00",0.566352248191833,"Normal",FALSE,2.34504
"2010-07-13 18:00:00",0.730208873748779,"Normal",FALSE,2.34504
"2010-07-13 19:00:00",1.20974600315094,"Normal",FALSE,2.34504
"2010-07-13 20:00:00",1.3342376947403,"Normal",FALSE,2.34504
"2010-07-13 21:00:00",1.4345680475235,"Normal",FALSE,2.34504
"2010-07-13 22:00:00",1.47570049762726,"Normal",FALSE,2.34504
"2010-07-13 23:00:00",0.906146585941315,"Normal",FALSE,2.34504
"2010-07-14 00:00:00",0.548204779624939,"Normal",FALSE,2.34504
"2010-07-14 01:00:00",0.418141216039658,"Normal",FALSE,2.34504
"2010-07-14 02:00:00",0.507032454013824,"Normal",FALSE,2.34504
"2010-07-14 03:00:00",0.477424770593643,"Normal",FALSE,2.34504
"2010-07-14 04:00:00",0.365188241004944,"Normal",FALSE,2.34504
"2010-07-14 05:00:00",0.438918948173523,"Normal",FALSE,2.34504
"2010-07-14 06:00:00",0.691315174102783,"Normal",FALSE,2.34504
"2010-07-14 07:00:00",0.860498547554016,"Normal",FALSE,2.34504
"2010-07-14 08:00:00",1.25828850269318,"Normal",FALSE,2.34504
"2010-07-14 09:00:00",1.09009838104248,"Normal",FALSE,2.34504
"2010-07-14 10:00:00",0.88526064157486,"Normal",FALSE,2.34504
"2010-07-14 11:00:00",0.686186075210571,"Normal",FALSE,2.34504
"2010-07-14 12:00:00",0.935673296451569,"Normal",FALSE,2.34504
"2010-07-14 13:00:00",1.06478118896484,"Normal",FALSE,2.34504
"2010-07-14 14:00:00",1.14421451091766,"Normal",FALSE,2.34504
"2010-07-14 15:00:00",1.09528255462646,"Normal",FALSE,2.34504
"2010-07-14 16:00:00",0.809130311012268,"Normal",FALSE,2.34504
"2010-07-14 17:00:00",0.621910989284515,"Normal",FALSE,2.34504
"2010-07-14 18:00:00",0.707635641098022,"Normal",FALSE,2.34504
"2010-07-14 19:00:00",0.824094533920288,"Normal",FALSE,2.34504
"2010-07-14 20:00:00",1.34311711788177,"Normal",FALSE,2.34504
"2010-07-14 21:00:00",1.29340052604675,"Normal",FALSE,2.34504
"2010-07-14 22:00:00",1.4861695766449,"Normal",FALSE,2.34504
"2010-07-14 23:00:00",1.2824479341507,"Normal",FALSE,2.34504
"2010-07-15 00:00:00",1.75231862068176,"Normal",FALSE,2.34504
"2010-07-15 01:00:00",1.50232076644897,"Normal",FALSE,2.34504
"2010-07-15 02:00:00",0.984035015106201,"Normal",FALSE,2.34504
"2010-07-15 03:00:00",0.759474217891693,"Normal",FALSE,2.34504
"2010-07-15 04:00:00",0.386460661888123,"Normal",FALSE,2.34504
"2010-07-15 05:00:00",0.479158401489258,"Normal",FALSE,2.34504
"2010-07-15 06:00:00",0.693880975246429,"Normal",FALSE,2.34504
"2010-07-15 07:00:00",1.34185039997101,"Normal",FALSE,2.34504
"2010-07-15 08:00:00",0.845436453819275,"Normal",FALSE,2.34504
"2010-07-15 09:00:00",0.824628412723541,"Normal",FALSE,2.34504
"2010-07-15 10:00:00",1.1840740442276,"Normal",FALSE,2.34504
"2010-07-15 11:00:00",0.768361926078796,"Normal",FALSE,2.34504
"2010-07-15 12:00:00",0.744971573352814,"Normal",FALSE,2.34504
"2010-07-15 13:00:00",0.709416627883911,"Normal",FALSE,2.34504
"2010-07-15 14:00:00",0.648537456989288,"Normal",FALSE,2.34504
"2010-07-15 15:00:00",0.707903265953064,"Normal",FALSE,2.34504
"2010-07-15 16:00:00",1.2489937543869,"Normal",FALSE,2.34504
"2010-07-15 17:00:00",0.845716834068298,"Normal",FALSE,2.34504
"2010-07-15 18:00:00",0.607066869735718,"Normal",FALSE,2.34504
"2010-07-15 19:00:00",0.858681440353394,"Normal",FALSE,2.34504
"2010-07-15 20:00:00",0.956077635288239,"Normal",FALSE,2.34504
"2010-07-15 21:00:00",1.11797273159027,"Normal",FALSE,2.34504
"2010-07-15 22:00:00",1.53102171421051,"Normal",FALSE,2.34504
"2010-07-15 23:00:00",1.16813635826111,"Normal",FALSE,2.34504
"2010-07-16 00:00:00",0.69644296169281,"Normal",FALSE,2.34504
"2010-07-16 01:00:00",0.517827451229095,"Normal",FALSE,2.34504
"2010-07-16 02:00:00",0.45883384346962,"Normal",FALSE,2.34504
"2010-07-16 03:00:00",0.397291779518127,"Normal",FALSE,2.34504
"2010-07-16 04:00:00",0.446715950965881,"Normal",FALSE,2.34504
"2010-07-16 05:00:00",0.439708948135376,"Normal",FALSE,2.34504
"2010-07-16 06:00:00",0.895774841308594,"Normal",FALSE,2.34504
"2010-07-16 07:00:00",0.757923483848572,"Normal",FALSE,2.34504
"2010-07-16 08:00:00",0.614254713058472,"Normal",FALSE,2.34504
"2010-07-16 09:00:00",1.19932341575623,"Normal",FALSE,2.34504
"2010-07-16 10:00:00",0.866466045379639,"Normal",FALSE,2.34504
"2010-07-16 11:00:00",0.864936172962189,"Normal",FALSE,2.34504
"2010-07-16 12:00:00",0.476367086172104,"Normal",FALSE,2.34504
"2010-07-16 13:00:00",0.547796607017517,"Normal",FALSE,2.34504
"2010-07-16 14:00:00",0.845346808433533,"Normal",FALSE,2.34504
"2010-07-16 15:00:00",0.948867559432983,"Normal",FALSE,2.34504
"2010-07-16 16:00:00",1.21039855480194,"Normal",FALSE,2.34504
"2010-07-16 17:00:00",0.737541615962982,"Normal",FALSE,2.34504
"2010-07-16 18:00:00",0.511005699634552,"Normal",FALSE,2.34504
"2010-07-16 19:00:00",0.530575811862946,"Normal",FALSE,2.34504
"2010-07-16 20:00:00",0.61880624294281,"Normal",FALSE,2.34504
"2010-07-16 21:00:00",0.589470207691193,"Normal",FALSE,2.34504
"2010-07-16 22:00:00",1.35807752609253,"Normal",FALSE,2.34504
"2010-07-16 23:00:00",0.985645651817322,"Normal",FALSE,2.34504
"2010-07-17 00:00:00",0.603933870792389,"Normal",FALSE,2.34504
"2010-07-17 01:00:00",0.554651081562042,"Normal",FALSE,2.34504
"2010-07-17 02:00:00",0.651880443096161,"Normal",FALSE,2.34504
"2010-07-17 03:00:00",0.725644469261169,"Normal",FALSE,2.34504
"2010-07-17 04:00:00",0.364552170038223,"Normal",FALSE,2.34504
"2010-07-17 05:00:00",0.350523769855499,"Normal",FALSE,2.34504
"2010-07-17 06:00:00",0.375012218952179,"Normal",FALSE,2.34504
"2010-07-17 07:00:00",0.422354429960251,"Normal",FALSE,2.34504
"2010-07-17 08:00:00",0.489300668239594,"Normal",FALSE,2.34504
"2010-07-17 09:00:00",0.958046555519104,"Normal",FALSE,2.34504
"2010-07-17 10:00:00",1.26194715499878,"Normal",FALSE,2.34504
"2010-07-17 11:00:00",1.24647879600525,"Normal",FALSE,2.34504
"2010-07-17 12:00:00",0.549001276493073,"Normal",FALSE,2.34504
"2010-07-17 13:00:00",0.563707828521729,"Normal",FALSE,2.34504
"2010-07-17 14:00:00",0.605591595172882,"Normal",FALSE,2.34504
"2010-07-17 15:00:00",0.490677237510681,"Normal",FALSE,2.34504
"2010-07-17 16:00:00",0.44948336482048,"Normal",FALSE,2.34504
"2010-07-17 17:00:00",0.484325408935547,"Normal",FALSE,2.34504
"2010-07-17 18:00:00",0.457131117582321,"Normal",FALSE,2.34504
"2010-07-17 19:00:00",0.506176114082336,"Normal",FALSE,2.34504
"2010-07-17 20:00:00",0.517132639884949,"Normal",FALSE,2.34504
"2010-07-17 21:00:00",1.15957462787628,"Normal",FALSE,2.34504
"2010-07-17 22:00:00",1.1612583398819,"Normal",FALSE,2.34504
"2010-07-17 23:00:00",0.767021775245667,"Normal",FALSE,2.34504
"2010-07-18 00:00:00",0.638419151306152,"Normal",FALSE,2.34504
"2010-07-18 01:00:00",0.479898005723953,"Normal",FALSE,2.34504
"2010-07-18 02:00:00",0.444613188505173,"Normal",FALSE,2.34504
"2010-07-18 03:00:00",0.371562898159027,"Normal",FALSE,2.34504
"2010-07-18 04:00:00",0.60767650604248,"Normal",FALSE,2.34504
"2010-07-18 05:00:00",0.277888715267181,"Normal",FALSE,2.34504
"2010-07-18 06:00:00",0.370771765708923,"Normal",FALSE,2.34504
"2010-07-18 07:00:00",0.477236568927765,"Normal",FALSE,2.34504
"2010-07-18 08:00:00",0.758090019226074,"Normal",FALSE,2.34504
"2010-07-18 09:00:00",0.424477815628052,"Normal",FALSE,2.34504
"2010-07-18 10:00:00",0.565053582191467,"Normal",FALSE,2.34504
"2010-07-18 11:00:00",0.348051816225052,"Normal",FALSE,2.34504
"2010-07-18 12:00:00",0.35135817527771,"Normal",FALSE,2.34504
"2010-07-18 13:00:00",0.49375918507576,"Normal",FALSE,2.34504
"2010-07-18 14:00:00",0.424825698137283,"Normal",FALSE,2.34504
"2010-07-18 15:00:00",0.549199521541595,"Normal",FALSE,2.34504
"2010-07-18 16:00:00",0.289198249578476,"Normal",FALSE,2.34504
"2010-07-18 17:00:00",0.401915520429611,"Normal",FALSE,2.34504
"2010-07-18 18:00:00",0.410309731960297,"Normal",FALSE,2.34504
"2010-07-18 19:00:00",0.780839443206787,"Normal",FALSE,2.34504
"2010-07-18 20:00:00",1.09325540065765,"Normal",FALSE,2.34504
"2010-07-18 21:00:00",1.14550769329071,"Normal",FALSE,2.34504
"2010-07-18 22:00:00",1.22344648838043,"Normal",FALSE,2.34504
"2010-07-18 23:00:00",0.836650133132935,"Normal",FALSE,2.34504
"2010-07-19 00:00:00",0.837504148483276,"Normal",FALSE,2.34504
"2010-07-19 01:00:00",0.350135952234268,"Normal",FALSE,2.34504
"2010-07-19 02:00:00",0.339387685060501,"Normal",FALSE,2.34504
"2010-07-19 03:00:00",0.292707800865173,"Normal",FALSE,2.34504
"2010-07-19 04:00:00",0.294203847646713,"Normal",FALSE,2.34504
"2010-07-19 05:00:00",0.314924448728561,"Normal",FALSE,2.34504
"2010-07-19 06:00:00",0.563549697399139,"Normal",FALSE,2.34504
"2010-07-19 07:00:00",1.10068917274475,"Normal",FALSE,2.34504
"2010-07-19 08:00:00",0.755430221557617,"Normal",FALSE,2.34504
"2010-07-19 09:00:00",0.379963517189026,"Normal",FALSE,2.34504
"2010-07-19 10:00:00",0.401099354028702,"Normal",FALSE,2.34504
"2010-07-19 11:00:00",0.478316098451614,"Normal",FALSE,2.34504
"2010-07-19 12:00:00",0.409983992576599,"Normal",FALSE,2.34504
"2010-07-19 13:00:00",0.32375630736351,"Normal",FALSE,2.34504
"2010-07-19 14:00:00",0.527817904949188,"Normal",FALSE,2.34504
"2010-07-19 15:00:00",0.655133724212646,"Normal",FALSE,2.34504
"2010-07-19 16:00:00",0.716342091560364,"Normal",FALSE,2.34504
"2010-07-19 17:00:00",0.58126574754715,"Normal",FALSE,2.34504
"2010-07-19 18:00:00",1.13347041606903,"Normal",FALSE,2.34504
"2010-07-19 19:00:00",1.31037962436676,"Normal",FALSE,2.34504
"2010-07-19 20:00:00",1.28111886978149,"Normal",FALSE,2.34504
"2010-07-19 21:00:00",0.504662692546844,"Normal",FALSE,2.34504
"2010-07-19 22:00:00",0.545085787773132,"Normal",FALSE,2.34504
"2010-07-19 23:00:00",0.889841496944427,"Normal",FALSE,2.34504
"2010-07-20 00:00:00",0.344529032707214,"Normal",FALSE,2.34504
"2010-07-20 01:00:00",0.426741749048233,"Normal",FALSE,2.34504
"2010-07-20 02:00:00",0.364723384380341,"Normal",FALSE,2.34504
"2010-07-20 03:00:00",0.482128202915192,"Normal",FALSE,2.34504
"2010-07-20 04:00:00",0.454418331384659,"Normal",FALSE,2.34504
"2010-07-20 05:00:00",0.356665432453156,"Normal",FALSE,2.34504
"2010-07-20 06:00:00",0.69545578956604,"Normal",FALSE,2.34504
"2010-07-20 07:00:00",1.29274809360504,"Normal",FALSE,2.34504
"2010-07-20 08:00:00",0.495191216468811,"Normal",FALSE,2.34504
"2010-07-20 09:00:00",0.450356960296631,"Normal",FALSE,2.34504
"2010-07-20 10:00:00",0.487472385168076,"Normal",FALSE,2.34504
"2010-07-20 11:00:00",0.883889675140381,"Normal",FALSE,2.34504
"2010-07-20 12:00:00",0.775003671646118,"Normal",FALSE,2.34504
"2010-07-20 13:00:00",0.451054155826569,"Normal",FALSE,2.34504
"2010-07-20 14:00:00",0.492634415626526,"Normal",FALSE,2.34504
"2010-07-20 15:00:00",0.456457436084747,"Normal",FALSE,2.34504
"2010-07-20 16:00:00",0.350993633270264,"Normal",FALSE,2.34504
"2010-07-20 17:00:00",0.474853008985519,"Normal",FALSE,2.34504
"2010-07-20 18:00:00",0.986244797706604,"Normal",FALSE,2.34504
"2010-07-20 19:00:00",0.906496822834015,"Normal",FALSE,2.34504
"2010-07-20 20:00:00",1.02293145656586,"Normal",FALSE,2.34504
"2010-07-20 21:00:00",1.719522356987,"Normal",FALSE,2.34504
"2010-07-20 22:00:00",1.02177083492279,"Normal",FALSE,2.34504
"2010-07-20 23:00:00",0.635159611701965,"Normal",FALSE,2.34504
"2010-07-21 00:00:00",0.633077144622803,"Normal",FALSE,2.34504
"2010-07-21 01:00:00",0.579446077346802,"Normal",FALSE,2.34504
"2010-07-21 02:00:00",0.525410175323486,"Normal",FALSE,2.34504
"2010-07-21 03:00:00",0.358939826488495,"Normal",FALSE,2.34504
"2010-07-21 04:00:00",0.333825051784515,"Normal",FALSE,2.34504
"2010-07-21 05:00:00",0.364206731319427,"Normal",FALSE,2.34504
"2010-07-21 06:00:00",0.642482399940491,"Normal",FALSE,2.34504
"2010-07-21 07:00:00",0.626631081104279,"Normal",FALSE,2.34504
"2010-07-21 08:00:00",0.832467198371887,"Normal",FALSE,2.34504
"2010-07-21 09:00:00",0.757261753082275,"Normal",FALSE,2.34504
"2010-07-21 10:00:00",0.492177128791809,"Normal",FALSE,2.34504
"2010-07-21 11:00:00",0.485277384519577,"Normal",FALSE,2.34504
"2010-07-21 12:00:00",0.485982120037079,"Normal",FALSE,2.34504
"2010-07-21 13:00:00",0.386237949132919,"Normal",FALSE,2.34504
"2010-07-21 14:00:00",0.720137476921082,"Normal",FALSE,2.34504
"2010-07-21 15:00:00",0.767111778259277,"Normal",FALSE,2.34504
"2010-07-21 16:00:00",0.716754078865051,"Normal",FALSE,2.34504
"2010-07-21 17:00:00",1.01863241195679,"Normal",FALSE,2.34504
"2010-07-21 18:00:00",0.834317326545715,"Normal",FALSE,2.34504
"2010-07-21 19:00:00",0.651795983314514,"Normal",FALSE,2.34504
"2010-07-21 20:00:00",0.95536345243454,"Normal",FALSE,2.34504
"2010-07-21 21:00:00",1.44422888755798,"Normal",FALSE,2.34504
"2010-07-21 22:00:00",0.81242036819458,"Normal",FALSE,2.34504
"2010-07-21 23:00:00",1.24572050571442,"Normal",FALSE,2.34504
"2010-07-22 00:00:00",1.70242404937744,"Normal",FALSE,2.34504
"2010-07-22 01:00:00",1.4594304561615,"Normal",FALSE,2.34504
"2010-07-22 02:00:00",1.47620940208435,"Normal",FALSE,2.34504
"2010-07-22 03:00:00",1.14358174800873,"Normal",FALSE,2.34504
"2010-07-22 04:00:00",1.123779296875,"Normal",FALSE,2.34504
"2010-07-22 05:00:00",1.02828764915466,"Normal",FALSE,2.34504
"2010-07-22 06:00:00",0.626390218734741,"Normal",FALSE,2.34504
"2010-07-22 07:00:00",0.716826617717743,"Normal",FALSE,2.34504
"2010-07-22 08:00:00",0.762666761875153,"Normal",FALSE,2.34504
"2010-07-22 09:00:00",0.830418527126312,"Normal",FALSE,2.34504
"2010-07-22 10:00:00",0.565351545810699,"Normal",FALSE,2.34504
"2010-07-22 11:00:00",0.479364395141602,"Normal",FALSE,2.34504
"2010-07-22 12:00:00",0.48222616314888,"Normal",FALSE,2.34504
"2010-07-22 13:00:00",0.522654473781586,"Normal",FALSE,2.34504
"2010-07-22 14:00:00",0.540557265281677,"Normal",FALSE,2.34504
"2010-07-22 15:00:00",1.15946877002716,"Normal",FALSE,2.34504
"2010-07-22 16:00:00",0.556528806686401,"Normal",FALSE,2.34504
"2010-07-22 17:00:00",0.584446966648102,"Normal",FALSE,2.34504
"2010-07-22 18:00:00",0.577809154987335,"Normal",FALSE,2.34504
"2010-07-22 19:00:00",0.670296192169189,"Normal",FALSE,2.34504
"2010-07-22 20:00:00",0.659540355205536,"Normal",FALSE,2.34504
"2010-07-22 21:00:00",0.655201971530914,"Normal",FALSE,2.34504
"2010-07-22 22:00:00",1.2155305147171,"Normal",FALSE,2.34504
"2010-07-22 23:00:00",1.40681540966034,"Normal",FALSE,2.34504
"2010-07-23 00:00:00",0.542551517486572,"Normal",FALSE,2.34504
"2010-07-23 01:00:00",0.51705139875412,"Normal",FALSE,2.34504
"2010-07-23 02:00:00",0.83688098192215,"Normal",FALSE,2.34504
"2010-07-23 03:00:00",0.593737065792084,"Normal",FALSE,2.34504
"2010-07-23 04:00:00",0.870100200176239,"Normal",FALSE,2.34504
"2010-07-23 05:00:00",0.611923217773438,"Normal",FALSE,2.34504
"2010-07-23 06:00:00",0.637667715549469,"Normal",FALSE,2.34504
"2010-07-23 07:00:00",0.544311046600342,"Normal",FALSE,2.34504
"2010-07-23 08:00:00",0.578086197376251,"Normal",FALSE,2.34504
"2010-07-23 09:00:00",0.756307899951935,"Normal",FALSE,2.34504
"2010-07-23 10:00:00",1.17899298667908,"Normal",FALSE,2.34504
"2010-07-23 11:00:00",0.551706969738007,"Normal",FALSE,2.34504
"2010-07-23 12:00:00",0.437307417392731,"Normal",FALSE,2.34504
"2010-07-23 13:00:00",0.798755705356598,"Normal",FALSE,2.34504
"2010-07-23 14:00:00",0.904432654380798,"Normal",FALSE,2.34504
"2010-07-23 15:00:00",0.672678768634796,"Normal",FALSE,2.34504
"2010-07-23 16:00:00",0.849671423435211,"Normal",FALSE,2.34504
"2010-07-23 17:00:00",0.718785107135773,"Normal",FALSE,2.34504
"2010-07-23 18:00:00",0.492201864719391,"Normal",FALSE,2.34504
"2010-07-23 19:00:00",0.553737998008728,"Normal",FALSE,2.34504
"2010-07-23 20:00:00",1.43380963802338,"Normal",FALSE,2.34504
"2010-07-23 21:00:00",1.39426589012146,"Normal",FALSE,2.34504
"2010-07-23 22:00:00",1.52558672428131,"Normal",FALSE,2.34504
"2010-07-23 23:00:00",0.583519816398621,"Normal",FALSE,2.34504
"2010-07-24 00:00:00",0.465561330318451,"Normal",FALSE,2.34504
"2010-07-24 01:00:00",0.77922660112381,"Normal",FALSE,2.34504
"2010-07-24 02:00:00",0.650247693061829,"Normal",FALSE,2.34504
"2010-07-24 03:00:00",0.516626834869385,"Normal",FALSE,2.34504
"2010-07-24 04:00:00",0.412877917289734,"Normal",FALSE,2.34504
"2010-07-24 05:00:00",0.354235857725143,"Normal",FALSE,2.34504
"2010-07-24 06:00:00",0.398818761110306,"Normal",FALSE,2.34504
"2010-07-24 07:00:00",0.617918848991394,"Normal",FALSE,2.34504
"2010-07-24 08:00:00",0.897762835025787,"Normal",FALSE,2.34504
"2010-07-24 09:00:00",0.993330061435699,"Normal",FALSE,2.34504
"2010-07-24 10:00:00",0.558564841747284,"Normal",FALSE,2.34504
"2010-07-24 11:00:00",0.509449481964111,"Normal",FALSE,2.34504
"2010-07-24 12:00:00",0.591669380664825,"Normal",FALSE,2.34504
"2010-07-24 13:00:00",0.869461715221405,"Normal",FALSE,2.34504
"2010-07-24 14:00:00",0.878069519996643,"Normal",FALSE,2.34504
"2010-07-24 15:00:00",0.489128112792969,"Normal",FALSE,2.34504
"2010-07-24 16:00:00",0.487034618854523,"Normal",FALSE,2.34504
"2010-07-24 17:00:00",0.486595809459686,"Normal",FALSE,2.34504
"2010-07-24 18:00:00",0.488501578569412,"Normal",FALSE,2.34504
"2010-07-24 19:00:00",0.992711007595062,"Normal",FALSE,2.34504
"2010-07-24 20:00:00",1.20022654533386,"Normal",FALSE,2.34504
"2010-07-24 21:00:00",0.965117752552032,"Normal",FALSE,2.34504
"2010-07-24 22:00:00",1.47234737873077,"Normal",FALSE,2.34504
"2010-07-24 23:00:00",0.857508838176727,"Normal",FALSE,2.34504
"2010-07-25 00:00:00",0.697387278079987,"Normal",FALSE,2.34504
"2010-07-25 01:00:00",0.694646179676056,"Normal",FALSE,2.34504
"2010-07-25 02:00:00",0.550607919692993,"Normal",FALSE,2.34504
"2010-07-25 03:00:00",0.414021700620651,"Normal",FALSE,2.34504
"2010-07-25 04:00:00",0.375031709671021,"Normal",FALSE,2.34504
"2010-07-25 05:00:00",0.397115647792816,"Normal",FALSE,2.34504
"2010-07-25 06:00:00",0.405508309602737,"Normal",FALSE,2.34504
"2010-07-25 07:00:00",0.812578678131104,"Normal",FALSE,2.34504
"2010-07-25 08:00:00",0.880142390727997,"Normal",FALSE,2.34504
"2010-07-25 09:00:00",0.573955953121185,"Normal",FALSE,2.34504
"2010-07-25 10:00:00",0.528226852416992,"Normal",FALSE,2.34504
"2010-07-25 11:00:00",1.24400901794434,"Normal",FALSE,2.34504
"2010-07-25 12:00:00",1.32896256446838,"Normal",FALSE,2.34504
"2010-07-25 13:00:00",1.34707236289978,"Normal",FALSE,2.34504
"2010-07-25 14:00:00",0.792403280735016,"Normal",FALSE,2.34504
"2010-07-25 15:00:00",0.449963122606277,"Normal",FALSE,2.34504
"2010-07-25 16:00:00",0.470646411180496,"Normal",FALSE,2.34504
"2010-07-25 17:00:00",0.583197772502899,"Normal",FALSE,2.34504
"2010-07-25 18:00:00",0.625217497348785,"Normal",FALSE,2.34504
"2010-07-25 19:00:00",0.720815300941467,"Normal",FALSE,2.34504
"2010-07-25 20:00:00",1.03411793708801,"Normal",FALSE,2.34504
"2010-07-25 21:00:00",1.25439751148224,"Normal",FALSE,2.34504
"2010-07-25 22:00:00",0.90663343667984,"Normal",FALSE,2.34504
"2010-07-25 23:00:00",0.772830486297607,"Normal",FALSE,2.34504
"2010-07-26 00:00:00",1.52300226688385,"Normal",FALSE,2.34504
"2010-07-26 01:00:00",0.292186260223389,"Normal",FALSE,2.34504
"2010-07-26 02:00:00",0.425867587327957,"Normal",FALSE,2.34504
"2010-07-26 03:00:00",0.337954491376877,"Normal",FALSE,2.34504
"2010-07-26 04:00:00",0.400065153837204,"Normal",FALSE,2.34504
"2010-07-26 05:00:00",0.335473746061325,"Normal",FALSE,2.34504
"2010-07-26 06:00:00",0.756654381752014,"Normal",FALSE,2.34504
"2010-07-26 07:00:00",0.757605075836182,"Normal",FALSE,2.34504
"2010-07-26 08:00:00",0.670076906681061,"Normal",FALSE,2.34504
"2010-07-26 09:00:00",1.44348478317261,"Normal",FALSE,2.34504
"2010-07-26 10:00:00",0.507760167121887,"Normal",FALSE,2.34504
"2010-07-26 11:00:00",0.698124408721924,"Normal",FALSE,2.34504
"2010-07-26 12:00:00",1.12222874164581,"Normal",FALSE,2.34504
"2010-07-26 13:00:00",0.56414532661438,"Normal",FALSE,2.34504
"2010-07-26 14:00:00",0.370665460824966,"Normal",FALSE,2.34504
"2010-07-26 15:00:00",0.400838583707809,"Normal",FALSE,2.34504
"2010-07-26 16:00:00",0.318196296691895,"Normal",FALSE,2.34504
"2010-07-26 17:00:00",0.440962940454483,"Normal",FALSE,2.34504
"2010-07-26 18:00:00",0.413748383522034,"Normal",FALSE,2.34504
"2010-07-26 19:00:00",0.624531865119934,"Normal",FALSE,2.34504
"2010-07-26 20:00:00",0.632612645626068,"Normal",FALSE,2.34504
"2010-07-26 21:00:00",0.595756232738495,"Normal",FALSE,2.34504
"2010-07-26 22:00:00",1.20489764213562,"Normal",FALSE,2.34504
"2010-07-26 23:00:00",1.13848149776459,"Normal",FALSE,2.34504
"2010-07-27 00:00:00",0.95503842830658,"Normal",FALSE,2.34504
"2010-07-27 01:00:00",1.06767797470093,"Normal",FALSE,2.34504
"2010-07-27 02:00:00",1.39729690551758,"Normal",FALSE,2.34504
"2010-07-27 03:00:00",0.372893929481506,"Normal",FALSE,2.34504
"2010-07-27 04:00:00",0.346861094236374,"Normal",FALSE,2.34504
"2010-07-27 05:00:00",0.319220393896103,"Normal",FALSE,2.34504
"2010-07-27 06:00:00",0.486193150281906,"Normal",FALSE,2.34504
"2010-07-27 07:00:00",0.439807683229446,"Normal",FALSE,2.34504
"2010-07-27 08:00:00",0.459403932094574,"Normal",FALSE,2.34504
"2010-07-27 09:00:00",0.517385900020599,"Normal",FALSE,2.34504
"2010-07-27 10:00:00",1.04019904136658,"Normal",FALSE,2.34504
"2010-07-27 11:00:00",0.916408181190491,"Normal",FALSE,2.34504
"2010-07-27 12:00:00",0.678045868873596,"Normal",FALSE,2.34504
"2010-07-27 13:00:00",0.776597201824188,"Normal",FALSE,2.34504
"2010-07-27 14:00:00",0.544409275054932,"Normal",FALSE,2.34504
"2010-07-27 15:00:00",0.321105241775513,"Normal",FALSE,2.34504
"2010-07-27 16:00:00",0.848882079124451,"Normal",FALSE,2.34504
"2010-07-27 17:00:00",0.359294176101685,"Normal",FALSE,2.34504
"2010-07-27 18:00:00",0.39634570479393,"Normal",FALSE,2.34504
"2010-07-27 19:00:00",0.561908543109894,"Normal",FALSE,2.34504
"2010-07-27 20:00:00",0.398979693651199,"Normal",FALSE,2.34504
"2010-07-27 21:00:00",0.660806000232697,"Normal",FALSE,2.34504
"2010-07-27 22:00:00",1.07669913768768,"Normal",FALSE,2.34504
"2010-07-27 23:00:00",1.20366096496582,"Normal",FALSE,2.34504
"2010-07-28 00:00:00",0.828607141971588,"Normal",FALSE,2.34504
"2010-07-28 01:00:00",0.946024656295776,"Normal",FALSE,2.34504
"2010-07-28 02:00:00",1.16864681243896,"Normal",FALSE,2.34504
"2010-07-28 03:00:00",0.384639173746109,"Normal",FALSE,2.34504
"2010-07-28 04:00:00",0.346707195043564,"Normal",FALSE,2.34504
"2010-07-28 05:00:00",0.319181978702545,"Normal",FALSE,2.34504
"2010-07-28 06:00:00",0.397873371839523,"Normal",FALSE,2.34504
"2010-07-28 07:00:00",0.862951338291168,"Normal",FALSE,2.34504
"2010-07-28 08:00:00",1.31560015678406,"Normal",FALSE,2.34504
"2010-07-28 09:00:00",1.0487505197525,"Normal",FALSE,2.34504
"2010-07-28 10:00:00",0.87406325340271,"Normal",FALSE,2.34504
"2010-07-28 11:00:00",0.408384621143341,"Normal",FALSE,2.34504
"2010-07-28 12:00:00",0.416022330522537,"Normal",FALSE,2.34504
"2010-07-28 13:00:00",0.440407574176788,"Normal",FALSE,2.34504
"2010-07-28 14:00:00",0.380894273519516,"Normal",FALSE,2.34504
"2010-07-28 15:00:00",0.348247081041336,"Normal",FALSE,2.34504
"2010-07-28 16:00:00",0.469882428646088,"Normal",FALSE,2.34504
"2010-07-28 17:00:00",0.450218945741653,"Normal",FALSE,2.34504
"2010-07-28 18:00:00",0.520574748516083,"Normal",FALSE,2.34504
"2010-07-28 19:00:00",0.752106428146362,"Normal",FALSE,2.34504
"2010-07-28 20:00:00",0.969995617866516,"Normal",FALSE,2.34504
"2010-07-28 21:00:00",1.0228613615036,"Normal",FALSE,2.34504
"2010-07-28 22:00:00",0.471233904361725,"Normal",FALSE,2.34504
"2010-07-28 23:00:00",0.472974479198456,"Normal",FALSE,2.34504
"2010-07-29 00:00:00",0.25358459353447,"Normal",FALSE,2.34504
"2010-07-29 01:00:00",0.350613355636597,"Normal",FALSE,2.34504
"2010-07-29 02:00:00",0.352983921766281,"Normal",FALSE,2.34504
"2010-07-29 03:00:00",0.358019262552261,"Normal",FALSE,2.34504
"2010-07-29 04:00:00",0.403028160333633,"Normal",FALSE,2.34504
"2010-07-29 05:00:00",0.35860201716423,"Normal",FALSE,2.34504
"2010-07-29 06:00:00",0.564394176006317,"Normal",FALSE,2.34504
"2010-07-29 07:00:00",0.612122654914856,"Normal",FALSE,2.34504
"2010-07-29 08:00:00",1.03035235404968,"Normal",FALSE,2.34504
"2010-07-29 09:00:00",0.296674430370331,"Normal",FALSE,2.34504
"2010-07-29 10:00:00",0.403731673955917,"Normal",FALSE,2.34504
"2010-07-29 11:00:00",0.335161119699478,"Normal",FALSE,2.34504
"2010-07-29 12:00:00",0.329003721475601,"Normal",FALSE,2.34504
"2010-07-29 13:00:00",0.29712125658989,"Normal",FALSE,2.34504
"2010-07-29 14:00:00",0.38814651966095,"Normal",FALSE,2.34504
"2010-07-29 15:00:00",0.386750966310501,"Normal",FALSE,2.34504
"2010-07-29 16:00:00",0.344083577394485,"Normal",FALSE,2.34504
"2010-07-29 17:00:00",0.440390378236771,"Normal",FALSE,2.34504
"2010-07-29 18:00:00",0.443503618240356,"Normal",FALSE,2.34504
"2010-07-29 19:00:00",0.940156102180481,"Normal",FALSE,2.34504
"2010-07-29 20:00:00",0.49405100941658,"Normal",FALSE,2.34504
"2010-07-29 21:00:00",0.368622362613678,"Normal",FALSE,2.34504
"2010-07-29 22:00:00",0.272032111883163,"Normal",FALSE,2.34504
"2010-07-29 23:00:00",0.348499059677124,"Normal",FALSE,2.34504
"2010-07-30 00:00:00",0.366547882556915,"Normal",FALSE,2.34504
"2010-07-30 01:00:00",0.363663285970688,"Normal",FALSE,2.34504
"2010-07-30 02:00:00",0.396479189395905,"Normal",FALSE,2.34504
"2010-07-30 03:00:00",0.330602586269379,"Normal",FALSE,2.34504
"2010-07-30 04:00:00",0.365869253873825,"Normal",FALSE,2.34504
"2010-07-30 05:00:00",0.373595535755157,"Normal",FALSE,2.34504
"2010-07-30 06:00:00",0.508625388145447,"Normal",FALSE,2.34504
"2010-07-30 07:00:00",0.756585419178009,"Normal",FALSE,2.34504
"2010-07-30 08:00:00",0.459893524646759,"Normal",FALSE,2.34504
"2010-07-30 09:00:00",0.608895421028137,"Normal",FALSE,2.34504
"2010-07-30 10:00:00",0.371841341257095,"Normal",FALSE,2.34504
"2010-07-30 11:00:00",0.321698993444443,"Normal",FALSE,2.34504
"2010-07-30 12:00:00",0.337116897106171,"Normal",FALSE,2.34504
"2010-07-30 13:00:00",0.342748701572418,"Normal",FALSE,2.34504
"2010-07-30 14:00:00",0.353268146514893,"Normal",FALSE,2.34504
"2010-07-30 15:00:00",0.376666218042374,"Normal",FALSE,2.34504
"2010-07-30 16:00:00",0.34332600235939,"Normal",FALSE,2.34504
"2010-07-30 17:00:00",0.418593645095825,"Normal",FALSE,2.34504
"2010-07-30 18:00:00",0.740953624248505,"Normal",FALSE,2.34504
"2010-07-30 19:00:00",0.672859668731689,"Normal",FALSE,2.34504
"2010-07-30 20:00:00",0.266739040613174,"Normal",FALSE,2.34504
"2010-07-30 21:00:00",0.285292983055115,"Normal",FALSE,2.34504
"2010-07-30 22:00:00",0.288565635681152,"Normal",FALSE,2.34504
"2010-07-30 23:00:00",0.400909394025803,"Normal",FALSE,2.34504
"2010-07-31 00:00:00",0.343216478824615,"Normal",FALSE,2.34504
"2010-07-31 01:00:00",0.397343665361404,"Normal",FALSE,2.34504
"2010-07-31 02:00:00",0.345412224531174,"Normal",FALSE,2.34504
"2010-07-31 03:00:00",0.37293416261673,"Normal",FALSE,2.34504
"2010-07-31 04:00:00",0.35196179151535,"Normal",FALSE,2.34504
"2010-07-31 05:00:00",0.614226162433624,"Normal",FALSE,2.34504
"2010-07-31 06:00:00",0.498829483985901,"Normal",FALSE,2.34504
"2010-07-31 07:00:00",0.510421454906464,"Normal",FALSE,2.34504
"2010-07-31 08:00:00",0.426764667034149,"Normal",FALSE,2.34504
"2010-07-31 09:00:00",0.31975245475769,"Normal",FALSE,2.34504
"2010-07-31 10:00:00",0.366370260715485,"Normal",FALSE,2.34504
"2010-07-31 11:00:00",0.354657977819443,"Normal",FALSE,2.34504
"2010-07-31 12:00:00",0.465039163827896,"Normal",FALSE,2.34504
"2010-07-31 13:00:00",0.439163476228714,"Normal",FALSE,2.34504
"2010-07-31 14:00:00",0.526244282722473,"Normal",FALSE,2.34504
"2010-07-31 15:00:00",0.383402526378632,"Normal",FALSE,2.34504
"2010-07-31 16:00:00",0.593444168567657,"Normal",FALSE,2.34504
"2010-07-31 17:00:00",0.777570962905884,"Normal",FALSE,2.34504
"2010-07-31 18:00:00",0.578708231449127,"Normal",FALSE,2.34504
"2010-07-31 19:00:00",0.486356377601624,"Normal",FALSE,2.34504
"2010-07-31 20:00:00",0.468281328678131,"Normal",FALSE,2.34504
"2010-07-31 21:00:00",0.38815313577652,"Normal",FALSE,2.34504
"2010-07-31 22:00:00",0.338510721921921,"Normal",FALSE,2.34504
"2010-07-31 23:00:00",0.328455179929733,"Normal",FALSE,2.34504
"2010-08-01 00:00:00",0.334621727466583,"Normal",FALSE,2.34504
"2010-08-01 01:00:00",0.390725404024124,"Normal",FALSE,2.34504
"2010-08-01 02:00:00",0.353968977928162,"Normal",FALSE,2.34504
"2010-08-01 03:00:00",0.407305419445038,"Normal",FALSE,2.34504
"2010-08-01 04:00:00",0.417748779058456,"Normal",FALSE,2.34504
"2010-08-01 05:00:00",0.56743597984314,"Normal",FALSE,2.34504
"2010-08-01 06:00:00",0.337390661239624,"Normal",FALSE,2.34504
"2010-08-01 07:00:00",0.353982239961624,"Normal",FALSE,2.34504
"2010-08-01 08:00:00",0.330936789512634,"Normal",FALSE,2.34504
"2010-08-01 09:00:00",0.336576610803604,"Normal",FALSE,2.34504
"2010-08-01 10:00:00",0.355975419282913,"Normal",FALSE,2.34504
"2010-08-01 11:00:00",0.363149791955948,"Normal",FALSE,2.34504
"2010-08-01 12:00:00",0.492343306541443,"Normal",FALSE,2.34504
"2010-08-01 13:00:00",0.359819918870926,"Normal",FALSE,2.34504
"2010-08-01 14:00:00",0.478675335645676,"Normal",FALSE,2.34504
"2010-08-01 15:00:00",0.336036920547485,"Normal",FALSE,2.34504
"2010-08-01 16:00:00",0.561689615249634,"Normal",FALSE,2.34504
"2010-08-01 17:00:00",0.73474383354187,"Normal",FALSE,2.34504
"2010-08-01 18:00:00",0.528460144996643,"Normal",FALSE,2.34504
"2010-08-01 19:00:00",0.34017613530159,"Normal",FALSE,2.34504
"2010-08-01 20:00:00",0.327175915241241,"Normal",FALSE,2.34504
"2010-08-01 21:00:00",0.415264219045639,"Normal",FALSE,2.34504
"2010-08-01 22:00:00",0.318626493215561,"Normal",FALSE,2.34504
"2010-08-01 23:00:00",0.289556950330734,"Normal",FALSE,2.34504
"2010-08-02 00:00:00",0.368655920028687,"Normal",FALSE,2.34504
"2010-08-02 01:00:00",0.370824545621872,"Normal",FALSE,2.34504
"2010-08-02 02:00:00",0.328346073627472,"Normal",FALSE,2.34504
"2010-08-02 03:00:00",0.374230206012726,"Normal",FALSE,2.34504
"2010-08-02 04:00:00",0.452751576900482,"Normal",FALSE,2.34504
"2010-08-02 05:00:00",0.505293250083923,"Normal",FALSE,2.34504
"2010-08-02 06:00:00",0.376165360212326,"Normal",FALSE,2.34504
"2010-08-02 07:00:00",0.447320163249969,"Normal",FALSE,2.34504
"2010-08-02 08:00:00",0.349891662597656,"Normal",FALSE,2.34504
"2010-08-02 09:00:00",0.33980929851532,"Normal",FALSE,2.34504
"2010-08-02 10:00:00",0.355012118816376,"Normal",FALSE,2.34504
"2010-08-02 11:00:00",0.341291666030884,"Normal",FALSE,2.34504
"2010-08-02 12:00:00",0.453869760036469,"Normal",FALSE,2.34504
"2010-08-02 13:00:00",0.285084843635559,"Normal",FALSE,2.34504
"2010-08-02 14:00:00",0.395276188850403,"Normal",FALSE,2.34504
"2010-08-02 15:00:00",0.339762955904007,"Normal",FALSE,2.34504
"2010-08-02 16:00:00",0.60474044084549,"Normal",FALSE,2.34504
"2010-08-02 17:00:00",0.671754360198975,"Normal",FALSE,2.34504
"2010-08-02 18:00:00",0.593786120414734,"Normal",FALSE,2.34504
"2010-08-02 19:00:00",0.354237049818039,"Normal",FALSE,2.34504
"2010-08-02 20:00:00",0.302327811717987,"Normal",FALSE,2.34504
"2010-08-02 21:00:00",0.341207981109619,"Normal",FALSE,2.34504
"2010-08-02 22:00:00",0.276530683040619,"Normal",FALSE,2.34504
"2010-08-02 23:00:00",0.319383442401886,"Normal",FALSE,2.34504
"2010-08-03 00:00:00",0.329363286495209,"Normal",FALSE,2.34504
"2010-08-03 01:00:00",0.385778188705444,"Normal",FALSE,2.34504
"2010-08-03 02:00:00",0.346535056829453,"Normal",FALSE,2.34504
"2010-08-03 03:00:00",0.403083443641663,"Normal",FALSE,2.34504
"2010-08-03 04:00:00",0.491429537534714,"Normal",FALSE,2.34504
"2010-08-03 05:00:00",0.344677835702896,"Normal",FALSE,2.34504
"2010-08-03 06:00:00",0.523767352104187,"Normal",FALSE,2.34504
"2010-08-03 07:00:00",0.395141154527664,"Normal",FALSE,2.34504
"2010-08-03 08:00:00",0.383418262004852,"Normal",FALSE,2.34504
"2010-08-03 09:00:00",0.385482490062714,"Normal",FALSE,2.34504
"2010-08-03 10:00:00",0.600311040878296,"Normal",FALSE,2.34504
"2010-08-03 11:00:00",0.445871233940125,"Normal",FALSE,2.34504
"2010-08-03 12:00:00",0.518088638782501,"Normal",FALSE,2.34504
"2010-08-03 13:00:00",0.435576111078262,"Normal",FALSE,2.34504
"2010-08-03 14:00:00",0.483229219913483,"Normal",FALSE,2.34504
"2010-08-03 15:00:00",0.511525273323059,"Normal",FALSE,2.34504
"2010-08-03 16:00:00",0.61485880613327,"Normal",FALSE,2.34504
"2010-08-03 17:00:00",1.07775640487671,"Normal",FALSE,2.34504
"2010-08-03 18:00:00",0.668283462524414,"Normal",FALSE,2.34504
"2010-08-03 19:00:00",0.546548366546631,"Normal",FALSE,2.34504
"2010-08-03 20:00:00",0.605748176574707,"Normal",FALSE,2.34504
"2010-08-03 21:00:00",0.600519895553589,"Normal",FALSE,2.34504
"2010-08-03 22:00:00",0.412341386079788,"Normal",FALSE,2.34504
"2010-08-03 23:00:00",0.50572395324707,"Normal",FALSE,2.34504
"2010-08-04 00:00:00",0.374516278505325,"Normal",FALSE,2.34504
"2010-08-04 01:00:00",0.437165319919586,"Normal",FALSE,2.34504
"2010-08-04 02:00:00",0.402600198984146,"Normal",FALSE,2.34504
"2010-08-04 03:00:00",0.488337934017181,"Normal",FALSE,2.34504
"2010-08-04 04:00:00",0.696612358093262,"Normal",FALSE,2.34504
"2010-08-04 05:00:00",0.274430155754089,"Normal",FALSE,2.34504
"2010-08-04 06:00:00",0.374887228012085,"Normal",FALSE,2.34504
"2010-08-04 07:00:00",0.34709906578064,"Normal",FALSE,2.34504
"2010-08-04 08:00:00",0.417770028114319,"Normal",FALSE,2.34504
"2010-08-04 09:00:00",0.349426358938217,"Normal",FALSE,2.34504
"2010-08-04 10:00:00",0.323332935571671,"Normal",FALSE,2.34504
"2010-08-04 11:00:00",0.37776580452919,"Normal",FALSE,2.34504
"2010-08-04 12:00:00",0.487603306770325,"Normal",FALSE,2.34504
"2010-08-04 13:00:00",0.327077001333237,"Normal",FALSE,2.34504
"2010-08-04 14:00:00",0.374454438686371,"Normal",FALSE,2.34504
"2010-08-04 15:00:00",0.376771777868271,"Normal",FALSE,2.34504
"2010-08-04 16:00:00",0.868743002414703,"Normal",FALSE,2.34504
"2010-08-04 17:00:00",0.451142072677612,"Normal",FALSE,2.34504
"2010-08-04 18:00:00",0.385511875152588,"Normal",FALSE,2.34504
"2010-08-04 19:00:00",0.346717268228531,"Normal",FALSE,2.34504
"2010-08-04 20:00:00",0.318825542926788,"Normal",FALSE,2.34504
"2010-08-04 21:00:00",0.40271407365799,"Normal",FALSE,2.34504
"2010-08-04 22:00:00",0.289746910333633,"Normal",FALSE,2.34504
"2010-08-04 23:00:00",0.375450313091278,"Normal",FALSE,2.34504
"2010-08-05 00:00:00",0.311543166637421,"Normal",FALSE,2.34504
"2010-08-05 01:00:00",0.365574717521667,"Normal",FALSE,2.34504
"2010-08-05 02:00:00",0.350612133741379,"Normal",FALSE,2.34504
"2010-08-05 03:00:00",0.517326951026917,"Normal",FALSE,2.34504
"2010-08-05 04:00:00",0.634513676166534,"Normal",FALSE,2.34504
"2010-08-05 05:00:00",0.257718473672867,"Normal",FALSE,2.34504
"2010-08-05 06:00:00",0.347471117973328,"Normal",FALSE,2.34504
"2010-08-05 07:00:00",0.336340636014938,"Normal",FALSE,2.34504
"2010-08-05 08:00:00",0.404456377029419,"Normal",FALSE,2.34504
"2010-08-05 09:00:00",0.325261175632477,"Normal",FALSE,2.34504
"2010-08-05 10:00:00",0.380547195672989,"Normal",FALSE,2.34504
"2010-08-05 11:00:00",0.337365955114365,"Normal",FALSE,2.34504
"2010-08-05 12:00:00",0.36823582649231,"Normal",FALSE,2.34504
"2010-08-05 13:00:00",0.350570321083069,"Normal",FALSE,2.34504
"2010-08-05 14:00:00",0.411074161529541,"Normal",FALSE,2.34504
"2010-08-05 15:00:00",0.515993356704712,"Normal",FALSE,2.34504
"2010-08-05 16:00:00",0.487377911806107,"Normal",FALSE,2.34504
"2010-08-05 17:00:00",0.52358216047287,"Normal",FALSE,2.34504
"2010-08-05 18:00:00",0.288424134254456,"Normal",FALSE,2.34504
"2010-08-05 19:00:00",0.362692594528198,"Normal",FALSE,2.34504
"2010-08-05 20:00:00",0.310604691505432,"Normal",FALSE,2.34504
"2010-08-05 21:00:00",0.393925100564957,"Normal",FALSE,2.34504
"2010-08-05 22:00:00",0.324012666940689,"Normal",FALSE,2.34504
"2010-08-05 23:00:00",0.38099205493927,"Normal",FALSE,2.34504
"2010-08-06 00:00:00",0.351246863603592,"Normal",FALSE,2.34504
"2010-08-06 01:00:00",0.361879348754883,"Normal",FALSE,2.34504
"2010-08-06 02:00:00",0.351196855306625,"Normal",FALSE,2.34504
"2010-08-06 03:00:00",0.461056351661682,"Normal",FALSE,2.34504
"2010-08-06 04:00:00",0.315021336078644,"Normal",FALSE,2.34504
"2010-08-06 05:00:00",0.280368387699127,"Normal",FALSE,2.34504
"2010-08-06 06:00:00",0.34065169095993,"Normal",FALSE,2.34504
"2010-08-06 07:00:00",0.378728806972504,"Normal",FALSE,2.34504
"2010-08-06 08:00:00",0.366047471761703,"Normal",FALSE,2.34504
"2010-08-06 09:00:00",0.304792702198029,"Normal",FALSE,2.34504
"2010-08-06 10:00:00",0.38145712018013,"Normal",FALSE,2.34504
"2010-08-06 11:00:00",0.365310698747635,"Normal",FALSE,2.34504
"2010-08-06 12:00:00",0.371360659599304,"Normal",FALSE,2.34504
"2010-08-06 13:00:00",0.326283544301987,"Normal",FALSE,2.34504
"2010-08-06 14:00:00",0.436856329441071,"Normal",FALSE,2.34504
"2010-08-06 15:00:00",0.770736336708069,"Normal",FALSE,2.34504
"2010-08-06 16:00:00",0.408631205558777,"Normal",FALSE,2.34504
"2010-08-06 17:00:00",0.320160001516342,"Normal",FALSE,2.34504
"2010-08-06 18:00:00",0.323059320449829,"Normal",FALSE,2.34504
"2010-08-06 19:00:00",0.344029426574707,"Normal",FALSE,2.34504
"2010-08-06 20:00:00",0.32653072476387,"Normal",FALSE,2.34504
"2010-08-06 21:00:00",0.318719923496246,"Normal",FALSE,2.34504
"2010-08-06 22:00:00",0.361372381448746,"Normal",FALSE,2.34504
"2010-08-06 23:00:00",0.429417759180069,"Normal",FALSE,2.34504
"2010-08-07 00:00:00",0.285719811916351,"Normal",FALSE,2.34504
"2010-08-07 01:00:00",0.378555476665497,"Normal",FALSE,2.34504
"2010-08-07 02:00:00",0.383667081594467,"Normal",FALSE,2.34504
"2010-08-07 03:00:00",0.398852407932281,"Normal",FALSE,2.34504
"2010-08-07 04:00:00",0.266641020774841,"Normal",FALSE,2.34504
"2010-08-07 05:00:00",0.327606707811356,"Normal",FALSE,2.34504
"2010-08-07 06:00:00",0.307188630104065,"Normal",FALSE,2.34504
"2010-08-07 07:00:00",0.319550454616547,"Normal",FALSE,2.34504
"2010-08-07 08:00:00",0.360107004642487,"Normal",FALSE,2.34504
"2010-08-07 09:00:00",0.37732145190239,"Normal",FALSE,2.34504
"2010-08-07 10:00:00",0.405319929122925,"Normal",FALSE,2.34504
"2010-08-07 11:00:00",0.329890549182892,"Normal",FALSE,2.34504
"2010-08-07 12:00:00",0.384687691926956,"Normal",FALSE,2.34504
"2010-08-07 13:00:00",0.278470039367676,"Normal",FALSE,2.34504
"2010-08-07 14:00:00",0.672587752342224,"Normal",FALSE,2.34504
"2010-08-07 15:00:00",0.581820785999298,"Normal",FALSE,2.34504
"2010-08-07 16:00:00",0.708288908004761,"Normal",FALSE,2.34504
"2010-08-07 17:00:00",0.320445537567139,"Normal",FALSE,2.34504
"2010-08-07 18:00:00",0.311861723661423,"Normal",FALSE,2.34504
"2010-08-07 19:00:00",0.357468366622925,"Normal",FALSE,2.34504
"2010-08-07 20:00:00",0.414363622665405,"Normal",FALSE,2.34504
"2010-08-07 21:00:00",0.313730984926224,"Normal",FALSE,2.34504
"2010-08-07 22:00:00",0.31076517701149,"Normal",FALSE,2.34504
"2010-08-07 23:00:00",0.433769643306732,"Normal",FALSE,2.34504
"2010-08-08 00:00:00",0.309581905603409,"Normal",FALSE,2.34504
"2010-08-08 01:00:00",0.406874358654022,"Normal",FALSE,2.34504
"2010-08-08 02:00:00",0.455898493528366,"Normal",FALSE,2.34504
"2010-08-08 03:00:00",0.227158948779106,"Normal",FALSE,2.34504
"2010-08-08 04:00:00",0.257571309804916,"Normal",FALSE,2.34504
"2010-08-08 05:00:00",0.300751686096191,"Normal",FALSE,2.34504
"2010-08-08 06:00:00",0.269202321767807,"Normal",FALSE,2.34504
"2010-08-08 07:00:00",0.362696468830109,"Normal",FALSE,2.34504
"2010-08-08 08:00:00",0.292846739292145,"Normal",FALSE,2.34504
"2010-08-08 09:00:00",0.363646447658539,"Normal",FALSE,2.34504
"2010-08-08 10:00:00",0.382756441831589,"Normal",FALSE,2.34504
"2010-08-08 11:00:00",0.422853201627731,"Normal",FALSE,2.34504
"2010-08-08 12:00:00",0.378653287887573,"Normal",FALSE,2.34504
"2010-08-08 13:00:00",0.311374068260193,"Normal",FALSE,2.34504
"2010-08-08 14:00:00",0.910722076892853,"Normal",FALSE,2.34504
"2010-08-08 15:00:00",0.465128809213638,"Normal",FALSE,2.34504
"2010-08-08 16:00:00",0.328372925519943,"Normal",FALSE,2.34504
"2010-08-08 17:00:00",0.320748835802078,"Normal",FALSE,2.34504
"2010-08-08 18:00:00",0.338552504777908,"Normal",FALSE,2.34504
"2010-08-08 19:00:00",0.345165610313416,"Normal",FALSE,2.34504
"2010-08-08 20:00:00",0.426273375749588,"Normal",FALSE,2.34504
"2010-08-08 21:00:00",0.304912716150284,"Normal",FALSE,2.34504
"2010-08-08 22:00:00",0.484512835741043,"Normal",FALSE,2.34504
"2010-08-08 23:00:00",0.338681399822235,"Normal",FALSE,2.34504
"2010-08-09 00:00:00",0.307648569345474,"Normal",FALSE,2.34504
"2010-08-09 01:00:00",0.433296710252762,"Normal",FALSE,2.34504
"2010-08-09 02:00:00",0.485711485147476,"Normal",FALSE,2.34504
"2010-08-09 03:00:00",0.302690923213959,"Normal",FALSE,2.34504
"2010-08-09 04:00:00",0.287833154201508,"Normal",FALSE,2.34504
"2010-08-09 05:00:00",0.330005139112473,"Normal",FALSE,2.34504
"2010-08-09 06:00:00",0.37114280462265,"Normal",FALSE,2.34504
"2010-08-09 07:00:00",0.381911545991898,"Normal",FALSE,2.34504
"2010-08-09 08:00:00",0.34687814116478,"Normal",FALSE,2.34504
"2010-08-09 09:00:00",0.34798127412796,"Normal",FALSE,2.34504
"2010-08-09 10:00:00",0.363804310560226,"Normal",FALSE,2.34504
"2010-08-09 11:00:00",0.378226786851883,"Normal",FALSE,2.34504
"2010-08-09 12:00:00",0.342043608427048,"Normal",FALSE,2.34504
"2010-08-09 13:00:00",0.618132352828979,"Normal",FALSE,2.34504
"2010-08-09 14:00:00",0.616798222064972,"Normal",FALSE,2.34504
"2010-08-09 15:00:00",0.413362264633179,"Normal",FALSE,2.34504
"2010-08-09 16:00:00",0.300036668777466,"Normal",FALSE,2.34504
"2010-08-09 17:00:00",0.362299889326096,"Normal",FALSE,2.34504
"2010-08-09 18:00:00",0.340518981218338,"Normal",FALSE,2.34504
"2010-08-09 19:00:00",0.346040964126587,"Normal",FALSE,2.34504
"2010-08-09 20:00:00",0.271283835172653,"Normal",FALSE,2.34504
"2010-08-09 21:00:00",0.386288374662399,"Normal",FALSE,2.34504
"2010-08-09 22:00:00",0.339043796062469,"Normal",FALSE,2.34504
"2010-08-09 23:00:00",0.409549236297607,"Normal",FALSE,2.34504
"2010-08-10 00:00:00",0.372772574424744,"Normal",FALSE,2.34504
"2010-08-10 01:00:00",0.547856628894806,"Normal",FALSE,2.34504
"2010-08-10 02:00:00",0.417544394731522,"Normal",FALSE,2.34504
"2010-08-10 03:00:00",0.275164514780045,"Normal",FALSE,2.34504
"2010-08-10 04:00:00",0.280204266309738,"Normal",FALSE,2.34504
"2010-08-10 05:00:00",0.31443777680397,"Normal",FALSE,2.34504
"2010-08-10 06:00:00",0.394891709089279,"Normal",FALSE,2.34504
"2010-08-10 07:00:00",0.346660822629929,"Normal",FALSE,2.34504
"2010-08-10 08:00:00",0.522283256053925,"Normal",FALSE,2.34504
"2010-08-10 09:00:00",0.351209044456482,"Normal",FALSE,2.34504
"2010-08-10 10:00:00",0.451431274414062,"Normal",FALSE,2.34504
"2010-08-10 11:00:00",0.340959668159485,"Normal",FALSE,2.34504
"2010-08-10 12:00:00",0.420005023479462,"Normal",FALSE,2.34504
"2010-08-10 13:00:00",0.822094082832336,"Normal",FALSE,2.34504
"2010-08-10 14:00:00",0.452589452266693,"Normal",FALSE,2.34504
"2010-08-10 15:00:00",0.275607913732529,"Normal",FALSE,2.34504
"2010-08-10 16:00:00",0.272154837846756,"Normal",FALSE,2.34504
"2010-08-10 17:00:00",0.430981487035751,"Normal",FALSE,2.34504
"2010-08-10 18:00:00",0.345760136842728,"Normal",FALSE,2.34504
"2010-08-10 19:00:00",0.404559314250946,"Normal",FALSE,2.34504
"2010-08-10 20:00:00",0.306107044219971,"Normal",FALSE,2.34504
"2010-08-10 21:00:00",0.397730499505997,"Normal",FALSE,2.34504
"2010-08-10 22:00:00",0.300164759159088,"Normal",FALSE,2.34504
"2010-08-10 23:00:00",0.433014035224915,"Normal",FALSE,2.34504
"2010-08-11 00:00:00",0.449096083641052,"Normal",FALSE,2.34504
"2010-08-11 01:00:00",0.907479584217072,"Normal",FALSE,2.34504
"2010-08-11 02:00:00",0.285310447216034,"Normal",FALSE,2.34504
"2010-08-11 03:00:00",0.288019508123398,"Normal",FALSE,2.34504
"2010-08-11 04:00:00",0.279161393642426,"Normal",FALSE,2.34504
"2010-08-11 05:00:00",0.349755704402924,"Normal",FALSE,2.34504
"2010-08-11 06:00:00",0.330142915248871,"Normal",FALSE,2.34504
"2010-08-11 07:00:00",0.351124584674835,"Normal",FALSE,2.34504
"2010-08-11 08:00:00",0.571136653423309,"Normal",FALSE,2.34504
"2010-08-11 09:00:00",0.363766700029373,"Normal",FALSE,2.34504
"2010-08-11 10:00:00",0.456979721784592,"Normal",FALSE,2.34504
"2010-08-11 11:00:00",0.354757964611053,"Normal",FALSE,2.34504
"2010-08-11 12:00:00",0.574008941650391,"Normal",FALSE,2.34504
"2010-08-11 13:00:00",0.948212742805481,"Normal",FALSE,2.34504
"2010-08-11 14:00:00",0.467334777116776,"Normal",FALSE,2.34504
"2010-08-11 15:00:00",0.280449986457825,"Normal",FALSE,2.34504
"2010-08-11 16:00:00",0.333048611879349,"Normal",FALSE,2.34504
"2010-08-11 17:00:00",0.308948397636414,"Normal",FALSE,2.34504
"2010-08-11 18:00:00",0.420308738946915,"Normal",FALSE,2.34504
"2010-08-11 19:00:00",0.350183248519897,"Normal",FALSE,2.34504
"2010-08-11 20:00:00",0.388346701860428,"Normal",FALSE,2.34504
"2010-08-11 21:00:00",0.350523918867111,"Normal",FALSE,2.34504
"2010-08-11 22:00:00",0.349062561988831,"Normal",FALSE,2.34504
"2010-08-11 23:00:00",0.407912909984589,"Normal",FALSE,2.34504
"2010-08-12 00:00:00",0.458459287881851,"Normal",FALSE,2.34504
"2010-08-12 01:00:00",0.701613366603851,"Normal",FALSE,2.34504
"2010-08-12 02:00:00",0.155270531773567,"Normal",FALSE,2.34504
"2010-08-12 03:00:00",0.263988614082336,"Normal",FALSE,2.34504
"2010-08-12 04:00:00",0.282252103090286,"Normal",FALSE,2.34504
"2010-08-12 05:00:00",0.314998775720596,"Normal",FALSE,2.34504
"2010-08-12 06:00:00",0.363074719905853,"Normal",FALSE,2.34504
"2010-08-12 07:00:00",0.425260424613953,"Normal",FALSE,2.34504
"2010-08-12 08:00:00",0.358068764209747,"Normal",FALSE,2.34504
"2010-08-12 09:00:00",0.36953592300415,"Normal",FALSE,2.34504
"2010-08-12 10:00:00",0.381393909454346,"Normal",FALSE,2.34504
"2010-08-12 11:00:00",0.359587609767914,"Normal",FALSE,2.34504
"2010-08-12 12:00:00",0.593292355537415,"Normal",FALSE,2.34504
"2010-08-12 13:00:00",0.755017280578613,"Normal",FALSE,2.34504
"2010-08-12 14:00:00",0.510625302791595,"Normal",FALSE,2.34504
"2010-08-12 15:00:00",0.304833263158798,"Normal",FALSE,2.34504
"2010-08-12 16:00:00",0.331319212913513,"Normal",FALSE,2.34504
"2010-08-12 17:00:00",0.327980816364288,"Normal",FALSE,2.34504
"2010-08-12 18:00:00",0.342138439416885,"Normal",FALSE,2.34504
"2010-08-12 19:00:00",0.303133815526962,"Normal",FALSE,2.34504
"2010-08-12 20:00:00",0.358144462108612,"Normal",FALSE,2.34504
"2010-08-12 21:00:00",0.35154527425766,"Normal",FALSE,2.34504
"2010-08-12 22:00:00",0.431052058935165,"Normal",FALSE,2.34504
"2010-08-12 23:00:00",0.353539645671844,"Normal",FALSE,2.34504
"2010-08-13 00:00:00",0.450870603322983,"Normal",FALSE,2.34504
"2010-08-13 01:00:00",0.260482966899872,"Normal",FALSE,2.34504
"2010-08-13 02:00:00",0.420855283737183,"Normal",FALSE,2.34504
"2010-08-13 03:00:00",0.268380731344223,"Normal",FALSE,2.34504
"2010-08-13 04:00:00",0.298937648534775,"Normal",FALSE,2.34504
"2010-08-13 05:00:00",0.341195493936539,"Normal",FALSE,2.34504
"2010-08-13 06:00:00",0.342716753482819,"Normal",FALSE,2.34504
"2010-08-13 07:00:00",0.49583688378334,"Normal",FALSE,2.34504
"2010-08-13 08:00:00",0.409274071455002,"Normal",FALSE,2.34504
"2010-08-13 09:00:00",0.364171892404556,"Normal",FALSE,2.34504
"2010-08-13 10:00:00",0.386822730302811,"Normal",FALSE,2.34504
"2010-08-13 11:00:00",0.341989547014236,"Normal",FALSE,2.34504
"2010-08-13 12:00:00",0.57539576292038,"Normal",FALSE,2.34504
"2010-08-13 13:00:00",0.576463162899017,"Normal",FALSE,2.34504
"2010-08-13 14:00:00",0.357809066772461,"Normal",FALSE,2.34504
"2010-08-13 15:00:00",0.277678310871124,"Normal",FALSE,2.34504
"2010-08-13 16:00:00",0.375517159700394,"Normal",FALSE,2.34504
"2010-08-13 17:00:00",0.329847663640976,"Normal",FALSE,2.34504
"2010-08-13 18:00:00",0.317265838384628,"Normal",FALSE,2.34504
"2010-08-13 19:00:00",0.385419309139252,"Normal",FALSE,2.34504
"2010-08-13 20:00:00",0.314767807722092,"Normal",FALSE,2.34504
"2010-08-13 21:00:00",0.362842410802841,"Normal",FALSE,2.34504
"2010-08-13 22:00:00",0.325110703706741,"Normal",FALSE,2.34504
"2010-08-13 23:00:00",0.362003028392792,"Normal",FALSE,2.34504
"2010-08-14 00:00:00",1.035684466362,"Normal",FALSE,2.34504
"2010-08-14 01:00:00",0.254231184720993,"Normal",FALSE,2.34504
"2010-08-14 02:00:00",0.265455275774002,"Normal",FALSE,2.34504
"2010-08-14 03:00:00",0.291094422340393,"Normal",FALSE,2.34504
"2010-08-14 04:00:00",0.28279972076416,"Normal",FALSE,2.34504
"2010-08-14 05:00:00",0.305242091417313,"Normal",FALSE,2.34504
"2010-08-14 06:00:00",0.260424554347992,"Normal",FALSE,2.34504
"2010-08-14 07:00:00",0.442435443401337,"Normal",FALSE,2.34504
"2010-08-14 08:00:00",0.383137464523315,"Normal",FALSE,2.34504
"2010-08-14 09:00:00",0.34380704164505,"Normal",FALSE,2.34504
"2010-08-14 10:00:00",0.312553346157074,"Normal",FALSE,2.34504
"2010-08-14 11:00:00",0.547819674015045,"Normal",FALSE,2.34504
"2010-08-14 12:00:00",0.849397242069244,"Normal",FALSE,2.34504
"2010-08-14 13:00:00",0.654410302639008,"Normal",FALSE,2.34504
"2010-08-14 14:00:00",0.3141168653965,"Normal",FALSE,2.34504
"2010-08-14 15:00:00",0.300169140100479,"Normal",FALSE,2.34504
"2010-08-14 16:00:00",0.301601350307465,"Normal",FALSE,2.34504
"2010-08-14 17:00:00",0.261252790689468,"Normal",FALSE,2.34504
"2010-08-14 18:00:00",0.337544471025467,"Normal",FALSE,2.34504
"2010-08-14 19:00:00",0.350739806890488,"Normal",FALSE,2.34504
"2010-08-14 20:00:00",0.349269300699234,"Normal",FALSE,2.34504
"2010-08-14 21:00:00",0.278040915727615,"Normal",FALSE,2.34504
"2010-08-14 22:00:00",0.346355646848679,"Normal",FALSE,2.34504
"2010-08-14 23:00:00",0.436454474925995,"Normal",FALSE,2.34504
"2010-08-15 00:00:00",0.402943909168243,"Normal",FALSE,2.34504
"2010-08-15 01:00:00",0.41350907087326,"Normal",FALSE,2.34504
"2010-08-15 02:00:00",0.337419986724854,"Normal",FALSE,2.34504
"2010-08-15 03:00:00",0.277900904417038,"Normal",FALSE,2.34504
"2010-08-15 04:00:00",0.250453621149063,"Normal",FALSE,2.34504
"2010-08-15 05:00:00",0.279787093400955,"Normal",FALSE,2.34504
"2010-08-15 06:00:00",0.383108139038086,"Normal",FALSE,2.34504
"2010-08-15 07:00:00",0.357496857643127,"Normal",FALSE,2.34504
"2010-08-15 08:00:00",0.357102900743484,"Normal",FALSE,2.34504
"2010-08-15 09:00:00",0.368838965892792,"Normal",FALSE,2.34504
"2010-08-15 10:00:00",0.37897777557373,"Normal",FALSE,2.34504
"2010-08-15 11:00:00",0.725495040416718,"Normal",FALSE,2.34504
"2010-08-15 12:00:00",0.638302147388458,"Normal",FALSE,2.34504
"2010-08-15 13:00:00",0.295572757720947,"Normal",FALSE,2.34504
"2010-08-15 14:00:00",0.334290742874146,"Normal",FALSE,2.34504
"2010-08-15 15:00:00",0.679151058197021,"Normal",FALSE,2.34504
"2010-08-15 16:00:00",0.541925549507141,"Normal",FALSE,2.34504
"2010-08-15 17:00:00",1.66699981689453,"Normal",FALSE,2.34504
"2010-08-15 18:00:00",2.04530358314514,"Normal",FALSE,2.34504
"2010-08-15 19:00:00",1.98703765869141,"Normal",FALSE,2.34504
"2010-08-15 20:00:00",0.93317037820816,"Normal",FALSE,2.34504
"2010-08-15 21:00:00",1.40290451049805,"Normal",FALSE,2.34504
"2010-08-15 22:00:00",1.02678787708282,"Normal",FALSE,2.34504
"2010-08-15 23:00:00",0.902834475040436,"Normal",FALSE,2.34504
"2010-08-16 00:00:00",0.482060343027115,"Normal",FALSE,2.34504
"2010-08-16 01:00:00",0.307360202074051,"Normal",FALSE,2.34504
"2010-08-16 02:00:00",0.352502048015594,"Normal",FALSE,2.34504
"2010-08-16 03:00:00",0.288587868213654,"Normal",FALSE,2.34504
"2010-08-16 04:00:00",0.326812624931335,"Normal",FALSE,2.34504
"2010-08-16 05:00:00",0.498806595802307,"Normal",FALSE,2.34504
"2010-08-16 06:00:00",0.602049112319946,"Normal",FALSE,2.34504
"2010-08-16 07:00:00",0.548340380191803,"Normal",FALSE,2.34504
"2010-08-16 08:00:00",0.836191833019257,"Normal",FALSE,2.34504
"2010-08-16 09:00:00",1.19895589351654,"Normal",FALSE,2.34504
"2010-08-16 10:00:00",0.998797655105591,"Normal",FALSE,2.34504
"2010-08-16 11:00:00",1.10266697406769,"Normal",FALSE,2.34504
"2010-08-16 12:00:00",0.298397421836853,"Normal",FALSE,2.34504
"2010-08-16 13:00:00",0.657494246959686,"Normal",FALSE,2.34504
"2010-08-16 14:00:00",0.670019507408142,"Normal",FALSE,2.34504
"2010-08-16 15:00:00",0.739222049713135,"Normal",FALSE,2.34504
"2010-08-16 16:00:00",0.301583170890808,"Normal",FALSE,2.34504
"2010-08-16 17:00:00",0.90868729352951,"Normal",FALSE,2.34504
"2010-08-16 18:00:00",1.04708242416382,"Normal",FALSE,2.34504
"2010-08-16 19:00:00",0.937252104282379,"Normal",FALSE,2.34504
"2010-08-16 20:00:00",1.09711074829102,"Normal",FALSE,2.34504
"2010-08-16 21:00:00",1.27006876468658,"Normal",FALSE,2.34504
"2010-08-16 22:00:00",1.2333128452301,"Normal",FALSE,2.34504
"2010-08-16 23:00:00",0.782147347927094,"Normal",FALSE,2.34504
"2010-08-17 00:00:00",0.652212738990784,"Normal",FALSE,2.34504
"2010-08-17 01:00:00",0.482008904218674,"Normal",FALSE,2.34504
"2010-08-17 02:00:00",0.702321112155914,"Normal",FALSE,2.34504
"2010-08-17 03:00:00",0.472915381193161,"Normal",FALSE,2.34504
"2010-08-17 04:00:00",0.494417101144791,"Normal",FALSE,2.34504
"2010-08-17 05:00:00",0.584574818611145,"Normal",FALSE,2.34504
"2010-08-17 06:00:00",0.734824359416962,"Normal",FALSE,2.34504
"2010-08-17 07:00:00",1.09154903888702,"Normal",FALSE,2.34504
"2010-08-17 08:00:00",1.15981590747833,"Normal",FALSE,2.34504
"2010-08-17 09:00:00",0.994770407676697,"Normal",FALSE,2.34504
"2010-08-17 10:00:00",1.37576627731323,"Normal",FALSE,2.34504
"2010-08-17 11:00:00",1.04682087898254,"Normal",FALSE,2.34504
"2010-08-17 12:00:00",0.595803260803223,"Normal",FALSE,2.34504
"2010-08-17 13:00:00",0.405661165714264,"Normal",FALSE,2.34504
"2010-08-17 14:00:00",0.454318672418594,"Normal",FALSE,2.34504
"2010-08-17 15:00:00",0.373639553785324,"Normal",FALSE,2.34504
"2010-08-17 16:00:00",0.460656851530075,"Normal",FALSE,2.34504
"2010-08-17 17:00:00",0.745225429534912,"Normal",FALSE,2.34504
"2010-08-17 18:00:00",0.554560661315918,"Normal",FALSE,2.34504
"2010-08-17 19:00:00",0.508469820022583,"Normal",FALSE,2.34504
"2010-08-17 20:00:00",0.683708786964417,"Normal",FALSE,2.34504
"2010-08-17 21:00:00",1.12010300159454,"Normal",FALSE,2.34504
"2010-08-29 21:00:00",1.89783179759979,"Normal",FALSE,2.34504
"2010-08-29 22:00:00",1.65183877944946,"Normal",FALSE,2.34504
"2010-08-29 23:00:00",1.17589294910431,"Normal",FALSE,2.34504
"2010-08-30 00:00:00",0.51718682050705,"Normal",FALSE,2.34504
"2010-08-30 01:00:00",0.428963750600815,"Normal",FALSE,2.34504
"2010-08-30 02:00:00",0.508382141590118,"Normal",FALSE,2.34504
"2010-08-30 03:00:00",0.361918479204178,"Normal",FALSE,2.34504
"2010-08-30 04:00:00",0.324122965335846,"Normal",FALSE,2.34504
"2010-08-30 05:00:00",0.365770548582077,"Normal",FALSE,2.34504
"2010-08-30 06:00:00",0.689809739589691,"Normal",FALSE,2.34504
"2010-08-30 07:00:00",0.847677409648895,"Normal",FALSE,2.34504
"2010-08-30 08:00:00",1.01636290550232,"Normal",FALSE,2.34504
"2010-08-30 09:00:00",1.29776000976562,"Normal",FALSE,2.34504
"2010-08-30 10:00:00",0.858491837978363,"Normal",FALSE,2.34504
"2010-08-30 11:00:00",0.664019227027893,"Normal",FALSE,2.34504
"2010-08-30 12:00:00",1.48734450340271,"Normal",FALSE,2.34504
"2010-08-30 13:00:00",1.620232462883,"Normal",FALSE,2.34504
"2010-08-30 14:00:00",1.76455068588257,"Normal",FALSE,2.34504
"2010-08-30 15:00:00",1.85821354389191,"Normal",FALSE,2.34504
"2010-08-30 16:00:00",1.49634528160095,"Normal",FALSE,2.34504
"2010-08-30 17:00:00",1.5525496006012,"Normal",FALSE,2.34504
"2010-08-30 18:00:00",0.512888848781586,"Normal",FALSE,2.34504
"2010-08-30 19:00:00",0.623108267784119,"Normal",FALSE,2.34504
"2010-08-30 20:00:00",1.49277341365814,"Normal",FALSE,2.34504
"2010-08-30 21:00:00",1.24936485290527,"Normal",FALSE,2.34504
"2010-08-30 22:00:00",1.46294748783112,"Normal",FALSE,2.34504
"2010-08-30 23:00:00",0.583900213241577,"Normal",FALSE,2.34504
"2010-08-31 00:00:00",0.459659785032272,"Normal",FALSE,2.34504
"2010-08-31 01:00:00",0.410590440034866,"Normal",FALSE,2.34504
"2010-08-31 02:00:00",0.367992073297501,"Normal",FALSE,2.34504
"2010-08-31 03:00:00",0.324322611093521,"Normal",FALSE,2.34504
"2010-08-31 04:00:00",0.305463463068008,"Normal",FALSE,2.34504
"2010-08-31 05:00:00",0.562567412853241,"Normal",FALSE,2.34504
"2010-08-31 06:00:00",0.699346363544464,"Normal",FALSE,2.34504
"2010-08-31 07:00:00",0.736091196537018,"Normal",FALSE,2.34504
"2010-08-31 08:00:00",1.00929963588715,"Normal",FALSE,2.34504
"2010-08-31 09:00:00",1.40067601203918,"Normal",FALSE,2.34504
"2010-08-31 10:00:00",1.25768005847931,"Normal",FALSE,2.34504
"2010-08-31 11:00:00",0.960229694843292,"Normal",FALSE,2.34504
"2010-08-31 12:00:00",1.41210806369781,"Normal",FALSE,2.34504
"2010-08-31 13:00:00",1.11278605461121,"Normal",FALSE,2.34504
"2010-08-31 14:00:00",0.752071380615234,"Normal",FALSE,2.34504
"2010-08-31 15:00:00",0.737442374229431,"Normal",FALSE,2.34504
"2010-08-31 16:00:00",0.799585163593292,"Normal",FALSE,2.34504
"2010-08-31 17:00:00",0.685093283653259,"Normal",FALSE,2.34504
"2010-08-31 18:00:00",1.35943400859833,"Normal",FALSE,2.34504
"2010-08-31 19:00:00",1.76950705051422,"Normal",FALSE,2.34504
"2010-08-31 20:00:00",1.50387799739838,"Normal",FALSE,2.34504
"2010-08-31 21:00:00",1.897500872612,"Normal",FALSE,2.34504
"2010-08-31 22:00:00",1.02575886249542,"Normal",FALSE,2.34504
"2010-08-31 23:00:00",0.512078523635864,"Normal",FALSE,2.34504
"2010-09-01 00:00:00",0.497127324342728,"Normal",FALSE,2.34504
"2010-09-01 01:00:00",0.371733129024506,"Normal",FALSE,2.34504
"2010-09-01 02:00:00",0.324920296669006,"Normal",FALSE,2.34504
"2010-09-01 03:00:00",0.364917278289795,"Normal",FALSE,2.34504
"2010-09-01 04:00:00",0.384188771247864,"Normal",FALSE,2.34504
"2010-09-01 05:00:00",0.426456421613693,"Normal",FALSE,2.34504
"2010-09-01 06:00:00",0.784269094467163,"Normal",FALSE,2.34504
"2010-09-01 07:00:00",1.02689373493195,"Normal",FALSE,2.34504
"2010-09-01 08:00:00",1.40647053718567,"Normal",FALSE,2.34504
"2010-09-01 09:00:00",1.34405553340912,"Normal",FALSE,2.34504
"2010-09-01 10:00:00",0.81751275062561,"Normal",FALSE,2.34504
"2010-09-01 11:00:00",1.60339713096619,"Normal",FALSE,2.34504
"2010-09-01 12:00:00",1.74246895313263,"Normal",FALSE,2.34504
"2010-09-01 13:00:00",1.30161738395691,"Normal",FALSE,2.34504
"2010-09-01 14:00:00",1.56345748901367,"Normal",FALSE,2.34504
"2010-09-01 15:00:00",1.36619567871094,"Normal",FALSE,2.34504
"2010-09-01 16:00:00",1.22130417823792,"Normal",FALSE,2.34504
"2010-09-01 17:00:00",1.24442315101624,"Normal",FALSE,2.34504
"2010-09-01 18:00:00",1.35948741436005,"Normal",FALSE,2.34504
"2010-09-01 19:00:00",1.09937715530396,"Normal",FALSE,2.34504
"2010-09-01 20:00:00",0.969479560852051,"Normal",FALSE,2.34504
"2010-09-01 21:00:00",1.84385228157043,"Normal",FALSE,2.34504
"2010-09-01 22:00:00",1.40866267681122,"Normal",FALSE,2.34504
"2010-09-01 23:00:00",0.556649506092072,"Normal",FALSE,2.34504
"2010-09-02 00:00:00",0.390279859304428,"Normal",FALSE,2.34504
"2010-09-02 01:00:00",0.382895141839981,"Normal",FALSE,2.34504
"2010-09-02 02:00:00",0.360836446285248,"Normal",FALSE,2.34504
"2010-09-02 03:00:00",0.388191312551498,"Normal",FALSE,2.34504
"2010-09-02 04:00:00",0.376839846372604,"Normal",FALSE,2.34504
"2010-09-02 05:00:00",0.562690556049347,"Normal",FALSE,2.34504
"2010-09-02 06:00:00",0.864484846591949,"Normal",FALSE,2.34504
"2010-09-02 07:00:00",1.45610666275024,"Normal",FALSE,2.34504
"2010-09-02 08:00:00",1.24413633346558,"Normal",FALSE,2.34504
"2010-09-02 09:00:00",1.36026573181152,"Normal",FALSE,2.34504
"2010-09-02 10:00:00",1.44275414943695,"Normal",FALSE,2.34504
"2010-09-02 11:00:00",1.48168396949768,"Normal",FALSE,2.34504
"2010-09-02 12:00:00",1.43171536922455,"Normal",FALSE,2.34504
"2010-09-02 13:00:00",1.26398515701294,"Normal",FALSE,2.34504
"2010-09-02 14:00:00",1.06085216999054,"Normal",FALSE,2.34504
"2010-09-02 15:00:00",1.16140711307526,"Normal",FALSE,2.34504
"2010-09-02 16:00:00",0.649561703205109,"Normal",FALSE,2.34504
"2010-09-02 17:00:00",0.455338984727859,"Normal",FALSE,2.34504
"2010-09-02 18:00:00",0.869090676307678,"Normal",FALSE,2.34504
"2010-09-02 19:00:00",1.06072402000427,"Normal",FALSE,2.34504
"2010-09-02 20:00:00",1.35891163349152,"Normal",FALSE,2.34504
"2010-09-02 21:00:00",2.10767030715942,"Normal",FALSE,2.34504
"2010-09-02 22:00:00",1.13314235210419,"Normal",FALSE,2.34504
"2010-09-02 23:00:00",0.608945190906525,"Normal",FALSE,2.34504
"2010-09-03 00:00:00",0.483049005270004,"Normal",FALSE,2.34504
"2010-09-03 01:00:00",0.414573192596436,"Normal",FALSE,2.34504
"2010-09-03 02:00:00",0.363206475973129,"Normal",FALSE,2.34504
"2010-09-03 03:00:00",0.362660974264145,"Normal",FALSE,2.34504
"2010-09-03 04:00:00",0.700633764266968,"Normal",FALSE,2.34504
"2010-09-03 05:00:00",0.482346087694168,"Normal",FALSE,2.34504
"2010-09-03 06:00:00",0.896164298057556,"Normal",FALSE,2.34504
"2010-09-03 07:00:00",1.16472387313843,"Normal",FALSE,2.34504
"2010-09-03 08:00:00",1.51634037494659,"Normal",FALSE,2.34504
"2010-09-03 09:00:00",1.4022331237793,"Normal",FALSE,2.34504
"2010-09-03 10:00:00",1.36828398704529,"Normal",FALSE,2.34504
"2010-09-03 11:00:00",1.28413343429565,"Normal",FALSE,2.34504
"2010-09-03 12:00:00",1.32754898071289,"Normal",FALSE,2.34504
"2010-09-03 13:00:00",1.47780573368073,"Normal",FALSE,2.34504
"2010-09-03 14:00:00",0.709332644939423,"Normal",FALSE,2.34504
"2010-09-03 15:00:00",0.461083233356476,"Normal",FALSE,2.34504
"2010-09-03 16:00:00",0.483035832643509,"Normal",FALSE,2.34504
"2010-09-03 17:00:00",0.661548316478729,"Normal",FALSE,2.34504
"2010-09-03 18:00:00",0.716160774230957,"Normal",FALSE,2.34504
"2010-09-03 19:00:00",0.965727031230927,"Normal",FALSE,2.34504
"2010-09-03 20:00:00",1.79142141342163,"Normal",FALSE,2.34504
"2010-09-03 21:00:00",2.2408607006073,"Normal",FALSE,2.34504
"2010-09-03 22:00:00",1.11241769790649,"Normal",FALSE,2.34504
"2010-09-03 23:00:00",0.901627421379089,"Normal",FALSE,2.34504
"2010-09-04 00:00:00",0.525991261005402,"Normal",FALSE,2.34504
"2010-09-04 01:00:00",0.466331213712692,"Normal",FALSE,2.34504
"2010-09-04 02:00:00",0.402625799179077,"Normal",FALSE,2.34504
"2010-09-04 03:00:00",0.341717839241028,"Normal",FALSE,2.34504
"2010-09-04 04:00:00",0.376393795013428,"Normal",FALSE,2.34504
"2010-09-04 05:00:00",0.654892265796661,"Normal",FALSE,2.34504
"2010-09-04 06:00:00",0.486236393451691,"Normal",FALSE,2.34504
"2010-09-04 07:00:00",0.944058239459991,"Normal",FALSE,2.34504
"2010-09-04 08:00:00",1.66350090503693,"Normal",FALSE,2.34504
"2010-09-04 09:00:00",1.40535128116608,"Normal",FALSE,2.34504
"2010-09-04 10:00:00",0.992126405239105,"Normal",FALSE,2.34504
"2010-09-04 11:00:00",1.17725670337677,"Normal",FALSE,2.34504
"2010-09-04 12:00:00",1.87955021858215,"Normal",FALSE,2.34504
"2010-09-04 13:00:00",1.28176259994507,"Normal",FALSE,2.34504
"2010-09-04 14:00:00",1.21269357204437,"Normal",FALSE,2.34504
"2010-09-04 15:00:00",1.91465294361115,"Normal",FALSE,2.34504
"2010-09-04 16:00:00",1.54675924777985,"Normal",FALSE,2.34504
"2010-09-04 17:00:00",1.29547023773193,"Normal",FALSE,2.34504
"2010-09-04 18:00:00",0.905428647994995,"Normal",FALSE,2.34504
"2010-09-04 19:00:00",1.57085275650024,"Normal",FALSE,2.34504
"2010-09-04 20:00:00",1.80884325504303,"Normal",FALSE,2.34504
"2010-09-04 21:00:00",2.02629899978638,"Normal",FALSE,2.34504
"2010-09-04 22:00:00",2.03483843803406,"Normal",FALSE,2.34504
"2010-09-04 23:00:00",1.67567145824432,"Normal",FALSE,2.34504
"2010-09-05 00:00:00",0.553975760936737,"Normal",FALSE,2.34504
"2010-09-05 01:00:00",0.49636697769165,"Normal",FALSE,2.34504
"2010-09-05 02:00:00",0.490131288766861,"Normal",FALSE,2.34504
"2010-09-05 03:00:00",0.492867588996887,"Normal",FALSE,2.34504
"2010-09-05 04:00:00",0.35731366276741,"Normal",FALSE,2.34504
"2010-09-05 05:00:00",0.462104171514511,"Normal",FALSE,2.34504
"2010-09-05 06:00:00",0.526159703731537,"Normal",FALSE,2.34504
"2010-09-05 07:00:00",0.708115756511688,"Normal",FALSE,2.34504
"2010-09-05 08:00:00",0.688972175121307,"Normal",FALSE,2.34504
"2010-09-05 09:00:00",1.28610682487488,"Normal",FALSE,2.34504
"2010-09-05 10:00:00",1.10432934761047,"Normal",FALSE,2.34504
"2010-09-05 11:00:00",1.41219103336334,"Normal",FALSE,2.34504
"2010-09-05 12:00:00",1.78777003288269,"Normal",FALSE,2.34504
"2010-09-05 13:00:00",1.32866382598877,"Normal",FALSE,2.34504
"2010-09-05 14:00:00",1.06514060497284,"Normal",FALSE,2.34504
"2010-09-05 15:00:00",1.234210729599,"Normal",FALSE,2.34504
"2010-09-05 16:00:00",1.67745459079742,"Normal",FALSE,2.34504
"2010-09-05 17:00:00",0.948326230049133,"Normal",FALSE,2.34504
"2010-09-05 18:00:00",1.01184904575348,"Normal",FALSE,2.34504
"2010-09-05 19:00:00",1.29478132724762,"Normal",FALSE,2.34504
"2010-09-05 20:00:00",2.24480032920837,"Normal",FALSE,2.34504
"2010-09-05 21:00:00",1.84819984436035,"Normal",FALSE,2.34504
"2010-09-05 22:00:00",1.46465182304382,"Normal",FALSE,2.34504
"2010-09-05 23:00:00",0.816968262195587,"Normal",FALSE,2.34504
"2010-09-06 00:00:00",0.399614959955215,"Normal",FALSE,2.34504
"2010-09-06 01:00:00",0.374686151742935,"Normal",FALSE,2.34504
"2010-09-06 02:00:00",0.379509061574936,"Normal",FALSE,2.34504
"2010-09-06 03:00:00",0.388102799654007,"Normal",FALSE,2.34504
"2010-09-06 04:00:00",0.392127901315689,"Normal",FALSE,2.34504
"2010-09-06 05:00:00",0.578785717487335,"Normal",FALSE,2.34504
"2010-09-06 06:00:00",0.706975519657135,"Normal",FALSE,2.34504
"2010-09-06 07:00:00",1.77362084388733,"Normal",FALSE,2.34504
"2010-09-06 08:00:00",1.57203805446625,"Normal",FALSE,2.34504
"2010-09-06 09:00:00",1.32934677600861,"Normal",FALSE,2.34504
"2010-09-06 10:00:00",1.24543905258179,"Normal",FALSE,2.34504
"2010-09-06 11:00:00",0.612067341804504,"Normal",FALSE,2.34504
"2010-09-06 12:00:00",0.47878959774971,"Normal",FALSE,2.34504
"2010-09-06 13:00:00",1.19606161117554,"Normal",FALSE,2.34504
"2010-09-06 14:00:00",1.29508888721466,"Normal",FALSE,2.34504
"2010-09-06 15:00:00",0.439042717218399,"Normal",FALSE,2.34504
"2010-09-06 16:00:00",1.01813936233521,"Normal",FALSE,2.34504
"2010-09-06 17:00:00",1.24383282661438,"Normal",FALSE,2.34504
"2010-09-06 18:00:00",1.99145948886871,"Normal",FALSE,2.34504
"2010-09-06 19:00:00",1.16150641441345,"Normal",FALSE,2.34504
"2010-09-06 20:00:00",1.54454290866852,"Normal",FALSE,2.34504
"2010-09-06 21:00:00",1.91024148464203,"Normal",FALSE,2.34504
"2010-09-06 22:00:00",1.40411710739136,"Normal",FALSE,2.34504
"2010-09-06 23:00:00",0.611290693283081,"Normal",FALSE,2.34504
"2010-09-07 00:00:00",0.367784947156906,"Normal",FALSE,2.34504
"2010-09-07 01:00:00",0.495157688856125,"Normal",FALSE,2.34504
"2010-09-07 02:00:00",0.567571818828583,"Normal",FALSE,2.34504
"2010-09-07 03:00:00",0.324697464704514,"Normal",FALSE,2.34504
"2010-09-07 04:00:00",0.421711832284927,"Normal",FALSE,2.34504
"2010-09-07 05:00:00",0.3862124979496,"Normal",FALSE,2.34504
"2010-09-07 06:00:00",0.753173053264618,"Normal",FALSE,2.34504
"2010-09-07 07:00:00",1.39400219917297,"Normal",FALSE,2.34504
"2010-09-07 08:00:00",1.60681700706482,"Normal",FALSE,2.34504
"2010-09-07 09:00:00",1.22717344760895,"Normal",FALSE,2.34504
"2010-09-07 10:00:00",1.24237751960754,"Normal",FALSE,2.34504
"2010-09-07 11:00:00",0.808958232402802,"Normal",FALSE,2.34504
"2010-09-07 12:00:00",1.17488396167755,"Normal",FALSE,2.34504
"2010-09-07 13:00:00",0.741354405879974,"Normal",FALSE,2.34504
"2010-09-07 14:00:00",0.62858784198761,"Normal",FALSE,2.34504
"2010-09-07 15:00:00",0.44367977976799,"Normal",FALSE,2.34504
"2010-09-07 16:00:00",0.450176298618317,"Normal",FALSE,2.34504
"2010-09-07 17:00:00",1.1142795085907,"Normal",FALSE,2.34504
"2010-09-07 18:00:00",0.706515252590179,"Normal",FALSE,2.34504
"2010-09-07 19:00:00",1.66334450244904,"Normal",FALSE,2.34504
"2010-09-07 20:00:00",2.4030077457428,"High",TRUE,2.34504
"2010-09-07 21:00:00",2.06275987625122,"Normal",FALSE,2.34504
"2010-09-07 22:00:00",1.49096655845642,"Normal",FALSE,2.34504
"2010-09-07 23:00:00",1.38591063022614,"Normal",FALSE,2.34504
"2010-09-08 00:00:00",0.553088247776031,"Normal",FALSE,2.34504
"2010-09-08 01:00:00",0.381794005632401,"Normal",FALSE,2.34504
"2010-09-08 02:00:00",0.354053348302841,"Normal",FALSE,2.34504
"2010-09-08 03:00:00",0.518521904945374,"Normal",FALSE,2.34504
"2010-09-08 04:00:00",0.363631218671799,"Normal",FALSE,2.34504
"2010-09-08 05:00:00",0.411750882863998,"Normal",FALSE,2.34504
"2010-09-08 06:00:00",0.992340683937073,"Normal",FALSE,2.34504
"2010-09-08 07:00:00",1.58654582500458,"Normal",FALSE,2.34504
"2010-09-08 08:00:00",1.62416803836823,"Normal",FALSE,2.34504
"2010-09-08 09:00:00",1.43302309513092,"Normal",FALSE,2.34504
"2010-09-08 10:00:00",1.36551082134247,"Normal",FALSE,2.34504
"2010-09-08 11:00:00",0.724701642990112,"Normal",FALSE,2.34504
"2010-09-08 12:00:00",0.510306537151337,"Normal",FALSE,2.34504
"2010-09-08 13:00:00",0.991719186306,"Normal",FALSE,2.34504
"2010-09-08 14:00:00",0.827627241611481,"Normal",FALSE,2.34504
"2010-09-08 15:00:00",0.813724756240845,"Normal",FALSE,2.34504
"2010-09-08 16:00:00",0.748352468013763,"Normal",FALSE,2.34504
"2010-09-08 17:00:00",0.941598534584045,"Normal",FALSE,2.34504
"2010-09-08 18:00:00",0.974880576133728,"Normal",FALSE,2.34504
"2010-09-08 19:00:00",1.96944415569305,"Normal",FALSE,2.34504
"2010-09-08 20:00:00",1.46486520767212,"Normal",FALSE,2.34504
"2010-09-08 21:00:00",2.1575334072113,"Normal",FALSE,2.34504
"2010-09-08 22:00:00",1.49729359149933,"Normal",FALSE,2.34504
"2010-09-08 23:00:00",0.808561503887177,"Normal",FALSE,2.34504
"2010-09-09 00:00:00",0.495160609483719,"Normal",FALSE,2.34504
"2010-09-09 01:00:00",0.478647083044052,"Normal",FALSE,2.34504
"2010-09-09 02:00:00",0.461161226034164,"Normal",FALSE,2.34504
"2010-09-09 03:00:00",0.369331419467926,"Normal",FALSE,2.34504
"2010-09-09 04:00:00",0.346415430307388,"Normal",FALSE,2.34504
"2010-09-09 05:00:00",0.345515817403793,"Normal",FALSE,2.34504
"2010-09-09 06:00:00",0.892275333404541,"Normal",FALSE,2.34504
"2010-09-09 07:00:00",1.31181633472443,"Normal",FALSE,2.34504
"2010-09-09 08:00:00",1.60589301586151,"Normal",FALSE,2.34504
"2010-09-09 09:00:00",1.32325291633606,"Normal",FALSE,2.34504
"2010-09-09 10:00:00",0.827134251594543,"Normal",FALSE,2.34504
"2010-09-09 11:00:00",0.613194346427917,"Normal",FALSE,2.34504
"2010-09-09 12:00:00",0.976218461990356,"Normal",FALSE,2.34504
"2010-09-09 13:00:00",0.914544105529785,"Normal",FALSE,2.34504
"2010-09-09 14:00:00",0.853434860706329,"Normal",FALSE,2.34504
"2010-09-09 15:00:00",0.540902972221375,"Normal",FALSE,2.34504
"2010-09-09 16:00:00",0.820651054382324,"Normal",FALSE,2.34504
"2010-09-09 17:00:00",0.551647901535034,"Normal",FALSE,2.34504
"2010-09-09 18:00:00",0.959297895431519,"Normal",FALSE,2.34504
"2010-09-09 19:00:00",1.20924496650696,"Normal",FALSE,2.34504
"2010-09-09 20:00:00",2.02726101875305,"Normal",FALSE,2.34504
"2010-09-09 21:00:00",2.34797334671021,"High",TRUE,2.34504
"2010-09-09 22:00:00",1.11037373542786,"Normal",FALSE,2.34504
"2010-09-09 23:00:00",0.548252940177917,"Normal",FALSE,2.34504
"2010-09-10 00:00:00",0.450842171907425,"Normal",FALSE,2.34504
"2010-09-10 01:00:00",0.367437541484833,"Normal",FALSE,2.34504
"2010-09-10 02:00:00",0.382307976484299,"Normal",FALSE,2.34504
"2010-09-10 03:00:00",0.485377103090286,"Normal",FALSE,2.34504
"2010-09-10 04:00:00",0.399734854698181,"Normal",FALSE,2.34504
"2010-09-10 05:00:00",0.510113596916199,"Normal",FALSE,2.34504
"2010-09-10 06:00:00",0.936754822731018,"Normal",FALSE,2.34504
"2010-09-10 07:00:00",1.65183043479919,"Normal",FALSE,2.34504
"2010-09-10 08:00:00",1.54187881946564,"Normal",FALSE,2.34504
"2010-09-10 09:00:00",0.631284713745117,"Normal",FALSE,2.34504
"2010-09-10 10:00:00",0.440412998199463,"Normal",FALSE,2.34504
"2010-09-10 11:00:00",0.568301320075989,"Normal",FALSE,2.34504
"2010-09-10 12:00:00",0.911268174648285,"Normal",FALSE,2.34504
"2010-09-10 13:00:00",0.46474289894104,"Normal",FALSE,2.34504
"2010-09-10 14:00:00",0.576529860496521,"Normal",FALSE,2.34504
"2010-09-10 15:00:00",0.59910774230957,"Normal",FALSE,2.34504
"2010-09-10 16:00:00",0.480696529150009,"Normal",FALSE,2.34504
"2010-09-10 17:00:00",0.794709026813507,"Normal",FALSE,2.34504
"2010-09-10 18:00:00",1.15198588371277,"Normal",FALSE,2.34504
"2010-09-10 19:00:00",2.17001152038574,"Normal",FALSE,2.34504
"2010-09-10 20:00:00",2.21143078804016,"Normal",FALSE,2.34504
"2010-09-10 21:00:00",2.34145593643188,"Normal",FALSE,2.34504
"2010-09-10 22:00:00",1.4097957611084,"Normal",FALSE,2.34504
"2010-09-10 23:00:00",1.38536560535431,"Normal",FALSE,2.34504
"2010-09-11 00:00:00",1.00939893722534,"Normal",FALSE,2.34504
"2010-09-11 01:00:00",0.570037484169006,"Normal",FALSE,2.34504
"2010-09-11 02:00:00",0.448486655950546,"Normal",FALSE,2.34504
"2010-09-11 03:00:00",0.358835697174072,"Normal",FALSE,2.34504
"2010-09-11 04:00:00",0.36931985616684,"Normal",FALSE,2.34504
"2010-09-11 05:00:00",0.353452533483505,"Normal",FALSE,2.34504
"2010-09-11 06:00:00",0.626175940036774,"Normal",FALSE,2.34504
"2010-09-11 07:00:00",1.61999273300171,"Normal",FALSE,2.34504
"2010-09-11 08:00:00",1.58532285690308,"Normal",FALSE,2.34504
"2010-09-11 09:00:00",1.28009796142578,"Normal",FALSE,2.34504
"2010-09-11 10:00:00",0.807984352111816,"Normal",FALSE,2.34504
"2010-09-11 11:00:00",1.34254813194275,"Normal",FALSE,2.34504
"2010-09-11 12:00:00",0.728638768196106,"Normal",FALSE,2.34504
"2010-09-11 13:00:00",1.12743604183197,"Normal",FALSE,2.34504
"2010-09-11 14:00:00",1.65341365337372,"Normal",FALSE,2.34504
"2010-09-11 15:00:00",1.55665016174316,"Normal",FALSE,2.34504
"2010-09-11 16:00:00",0.904513597488403,"Normal",FALSE,2.34504
"2010-09-11 17:00:00",0.6971475481987,"Normal",FALSE,2.34504
"2010-09-11 18:00:00",1.51178073883057,"Normal",FALSE,2.34504
"2010-09-11 19:00:00",1.45724880695343,"Normal",FALSE,2.34504
"2010-09-11 20:00:00",0.947282612323761,"Normal",FALSE,2.34504
"2010-09-11 21:00:00",1.73554265499115,"Normal",FALSE,2.34504
"2010-09-11 22:00:00",1.49358904361725,"Normal",FALSE,2.34504
"2010-09-11 23:00:00",0.854734778404236,"Normal",FALSE,2.34504
"2010-09-12 00:00:00",1.07577693462372,"Normal",FALSE,2.34504
"2010-09-12 01:00:00",1.09417426586151,"Normal",FALSE,2.34504
"2010-09-12 02:00:00",1.41498124599457,"Normal",FALSE,2.34504
"2010-09-12 03:00:00",1.80455195903778,"Normal",FALSE,2.34504
"2010-09-12 04:00:00",1.89168035984039,"Normal",FALSE,2.34504
"2010-09-12 05:00:00",1.38542342185974,"Normal",FALSE,2.34504
"2010-09-12 06:00:00",0.633531630039215,"Normal",FALSE,2.34504
"2010-09-12 07:00:00",0.716076970100403,"Normal",FALSE,2.34504
"2010-09-12 08:00:00",0.71163022518158,"Normal",FALSE,2.34504
"2010-09-12 09:00:00",0.621178865432739,"Normal",FALSE,2.34504
"2010-09-12 10:00:00",0.935161292552948,"Normal",FALSE,2.34504
"2010-09-12 11:00:00",0.643543720245361,"Normal",FALSE,2.34504
"2010-09-12 12:00:00",1.01908946037292,"Normal",FALSE,2.34504
"2010-09-12 13:00:00",1.40412199497223,"Normal",FALSE,2.34504
"2010-09-12 14:00:00",1.5817734003067,"Normal",FALSE,2.34504
"2010-09-12 15:00:00",1.60179376602173,"Normal",FALSE,2.34504
"2010-09-12 16:00:00",1.30774319171906,"Normal",FALSE,2.34504
"2010-09-12 17:00:00",1.12713062763214,"Normal",FALSE,2.34504
"2010-09-12 18:00:00",0.85955548286438,"Normal",FALSE,2.34504
"2010-09-12 19:00:00",0.843162715435028,"Normal",FALSE,2.34504
"2010-09-12 20:00:00",0.645784199237823,"Normal",FALSE,2.34504
"2010-09-12 21:00:00",1.84405314922333,"Normal",FALSE,2.34504
"2010-09-12 22:00:00",1.25388097763062,"Normal",FALSE,2.34504
"2010-09-12 23:00:00",0.882711470127106,"Normal",FALSE,2.34504
"2010-09-13 00:00:00",0.807296216487885,"Normal",FALSE,2.34504
"2010-09-13 01:00:00",0.444265902042389,"Normal",FALSE,2.34504
"2010-09-13 02:00:00",0.392860800027847,"Normal",FALSE,2.34504
"2010-09-13 03:00:00",0.807104587554932,"Normal",FALSE,2.34504
"2010-09-13 04:00:00",0.340667188167572,"Normal",FALSE,2.34504
"2010-09-13 05:00:00",0.310459047555923,"Normal",FALSE,2.34504
"2010-09-13 06:00:00",0.749383330345154,"Normal",FALSE,2.34504
"2010-09-13 07:00:00",1.5813661813736,"Normal",FALSE,2.34504
"2010-09-13 08:00:00",1.66010320186615,"Normal",FALSE,2.34504
"2010-09-13 09:00:00",1.13599801063538,"Normal",FALSE,2.34504
"2010-09-13 10:00:00",0.63804429769516,"Normal",FALSE,2.34504
"2010-09-13 11:00:00",0.50120997428894,"Normal",FALSE,2.34504
"2010-09-13 12:00:00",0.566330432891846,"Normal",FALSE,2.34504
"2010-09-13 13:00:00",0.396171480417252,"Normal",FALSE,2.34504
"2010-09-13 14:00:00",1.22967875003815,"Normal",FALSE,2.34504
"2010-09-13 15:00:00",0.522920846939087,"Normal",FALSE,2.34504
"2010-09-13 16:00:00",0.421349942684174,"Normal",FALSE,2.34504
"2010-09-13 17:00:00",0.625761806964874,"Normal",FALSE,2.34504
"2010-09-13 18:00:00",0.692059218883514,"Normal",FALSE,2.34504
"2010-09-13 19:00:00",1.2791314125061,"Normal",FALSE,2.34504
"2010-09-13 20:00:00",1.69093859195709,"Normal",FALSE,2.34504
"2010-09-13 21:00:00",1.69894182682037,"Normal",FALSE,2.34504
"2010-09-13 22:00:00",1.47715258598328,"Normal",FALSE,2.34504
"2010-09-13 23:00:00",0.764450967311859,"Normal",FALSE,2.34504
"2010-09-14 00:00:00",0.360415905714035,"Normal",FALSE,2.34504
"2010-09-14 01:00:00",0.405994802713394,"Normal",FALSE,2.34504
"2010-09-14 02:00:00",0.371302574872971,"Normal",FALSE,2.34504
"2010-09-14 03:00:00",0.374055534601212,"Normal",FALSE,2.34504
"2010-09-14 04:00:00",0.357747286558151,"Normal",FALSE,2.34504
"2010-09-14 05:00:00",0.41463702917099,"Normal",FALSE,2.34504
"2010-09-14 06:00:00",0.890974998474121,"Normal",FALSE,2.34504
"2010-09-14 07:00:00",1.7698917388916,"Normal",FALSE,2.34504
"2010-09-14 08:00:00",1.58165693283081,"Normal",FALSE,2.34504
"2010-09-14 09:00:00",1.19317078590393,"Normal",FALSE,2.34504
"2010-09-14 10:00:00",1.64505231380463,"Normal",FALSE,2.34504
"2010-09-14 11:00:00",0.826163589954376,"Normal",FALSE,2.34504
"2010-09-14 12:00:00",1.48234331607819,"Normal",FALSE,2.34504
"2010-09-14 13:00:00",0.658194363117218,"Normal",FALSE,2.34504
"2010-09-14 14:00:00",0.551595211029053,"Normal",FALSE,2.34504
"2010-09-14 15:00:00",0.764601647853851,"Normal",FALSE,2.34504
"2010-09-14 16:00:00",0.448091208934784,"Normal",FALSE,2.34504
"2010-09-14 17:00:00",0.53107088804245,"Normal",FALSE,2.34504
"2010-09-14 18:00:00",0.909649670124054,"Normal",FALSE,2.34504
"2010-09-14 19:00:00",1.70877206325531,"Normal",FALSE,2.34504
"2010-09-14 20:00:00",2.06706094741821,"Normal",FALSE,2.34504
"2010-09-14 21:00:00",2.06553769111633,"Normal",FALSE,2.34504
"2010-09-14 22:00:00",1.57680571079254,"Normal",FALSE,2.34504
"2010-09-14 23:00:00",0.62639844417572,"Normal",FALSE,2.34504
"2010-09-15 00:00:00",0.483707904815674,"Normal",FALSE,2.34504
"2010-09-15 01:00:00",0.423305064439774,"Normal",FALSE,2.34504
"2010-09-15 02:00:00",0.429985970258713,"Normal",FALSE,2.34504
"2010-09-15 03:00:00",0.413906574249268,"Normal",FALSE,2.34504
"2010-09-15 04:00:00",0.394098252058029,"Normal",FALSE,2.34504
"2010-09-15 05:00:00",0.325589150190353,"Normal",FALSE,2.34504
"2010-09-15 06:00:00",1.05336713790894,"Normal",FALSE,2.34504
"2010-09-15 07:00:00",1.71915626525879,"Normal",FALSE,2.34504
"2010-09-15 08:00:00",1.65836465358734,"Normal",FALSE,2.34504
"2010-09-15 09:00:00",1.29245543479919,"Normal",FALSE,2.34504
"2010-09-15 10:00:00",0.872398674488068,"Normal",FALSE,2.34504
"2010-09-15 11:00:00",0.443208485841751,"Normal",FALSE,2.34504
"2010-09-15 12:00:00",0.41033673286438,"Normal",FALSE,2.34504
"2010-09-15 13:00:00",0.587354302406311,"Normal",FALSE,2.34504
"2010-09-15 14:00:00",0.395431458950043,"Normal",FALSE,2.34504
"2010-09-15 15:00:00",0.431508183479309,"Normal",FALSE,2.34504
"2010-09-15 16:00:00",0.671407580375671,"Normal",FALSE,2.34504
"2010-09-15 17:00:00",0.696424126625061,"Normal",FALSE,2.34504
"2010-09-15 18:00:00",0.735116839408875,"Normal",FALSE,2.34504
"2010-09-15 19:00:00",1.47407007217407,"Normal",FALSE,2.34504
"2010-09-15 20:00:00",0.983084499835968,"Normal",FALSE,2.34504
"2010-09-15 21:00:00",1.38664126396179,"Normal",FALSE,2.34504
"2010-09-15 22:00:00",1.3531459569931,"Normal",FALSE,2.34504
"2010-09-15 23:00:00",0.885332524776459,"Normal",FALSE,2.34504
"2010-09-16 00:00:00",0.459669411182404,"Normal",FALSE,2.34504
"2010-09-16 01:00:00",0.390137642621994,"Normal",FALSE,2.34504
"2010-09-16 02:00:00",0.334609299898148,"Normal",FALSE,2.34504
"2010-09-16 03:00:00",0.321261137723923,"Normal",FALSE,2.34504
"2010-09-16 04:00:00",0.387621521949768,"Normal",FALSE,2.34504
"2010-09-16 05:00:00",0.391885071992874,"Normal",FALSE,2.34504
"2010-09-16 06:00:00",0.88660591840744,"Normal",FALSE,2.34504
"2010-09-16 07:00:00",1.67298400402069,"Normal",FALSE,2.34504
"2010-09-16 08:00:00",1.56173849105835,"Normal",FALSE,2.34504
"2010-09-16 09:00:00",1.26101219654083,"Normal",FALSE,2.34504
"2010-09-16 10:00:00",0.599646329879761,"Normal",FALSE,2.34504
"2010-09-16 11:00:00",0.621277451515198,"Normal",FALSE,2.34504
"2010-09-16 12:00:00",1.11602056026459,"Normal",FALSE,2.34504
"2010-09-16 13:00:00",1.18478906154633,"Normal",FALSE,2.34504
"2010-09-16 14:00:00",1.16103577613831,"Normal",FALSE,2.34504
"2010-09-16 15:00:00",0.637841999530792,"Normal",FALSE,2.34504
"2010-09-16 16:00:00",0.339258193969727,"Normal",FALSE,2.34504
"2010-09-16 17:00:00",0.362232267856598,"Normal",FALSE,2.34504
"2010-09-16 18:00:00",0.581176161766052,"Normal",FALSE,2.34504
"2010-09-16 19:00:00",1.30339896678925,"Normal",FALSE,2.34504
"2010-09-16 20:00:00",1.89412474632263,"Normal",FALSE,2.34504
"2010-09-16 21:00:00",2.14793491363525,"Normal",FALSE,2.34504
"2010-09-16 22:00:00",1.33637428283691,"Normal",FALSE,2.34504
"2010-09-16 23:00:00",0.890398323535919,"Normal",FALSE,2.34504
"2010-09-17 00:00:00",0.409886211156845,"Normal",FALSE,2.34504
"2010-09-17 01:00:00",0.437647730112076,"Normal",FALSE,2.34504
"2010-09-17 02:00:00",0.322719067335129,"Normal",FALSE,2.34504
"2010-09-17 03:00:00",0.543016314506531,"Normal",FALSE,2.34504
"2010-09-17 04:00:00",0.409837275743484,"Normal",FALSE,2.34504
"2010-09-17 05:00:00",0.296192526817322,"Normal",FALSE,2.34504
"2010-09-17 06:00:00",0.924525916576385,"Normal",FALSE,2.34504
"2010-09-17 07:00:00",1.80146849155426,"Normal",FALSE,2.34504
"2010-09-17 08:00:00",1.72189974784851,"Normal",FALSE,2.34504
"2010-09-17 09:00:00",1.2130218744278,"Normal",FALSE,2.34504
"2010-09-17 10:00:00",0.581098139286041,"Normal",FALSE,2.34504
"2010-09-17 11:00:00",0.400471121072769,"Normal",FALSE,2.34504
"2010-09-17 12:00:00",0.374778509140015,"Normal",FALSE,2.34504
"2010-09-17 13:00:00",0.715276718139648,"Normal",FALSE,2.34504
"2010-09-17 14:00:00",0.576268672943115,"Normal",FALSE,2.34504
"2010-09-17 15:00:00",0.794117331504822,"Normal",FALSE,2.34504
"2010-09-17 16:00:00",1.4154109954834,"Normal",FALSE,2.34504
"2010-09-17 17:00:00",1.90034055709839,"Normal",FALSE,2.34504
"2010-09-17 18:00:00",1.60736393928528,"Normal",FALSE,2.34504
"2010-09-17 19:00:00",1.89406859874725,"Normal",FALSE,2.34504
"2010-09-17 20:00:00",2.30818104743958,"Normal",FALSE,2.34504
"2010-09-17 21:00:00",2.16114568710327,"Normal",FALSE,2.34504
"2010-09-17 22:00:00",0.973892331123352,"Normal",FALSE,2.34504
"2010-09-17 23:00:00",0.594440817832947,"Normal",FALSE,2.34504
"2010-09-18 00:00:00",0.487432271242142,"Normal",FALSE,2.34504
"2010-09-18 01:00:00",0.310914993286133,"Normal",FALSE,2.34504
"2010-09-18 02:00:00",0.369590014219284,"Normal",FALSE,2.34504
"2010-09-18 03:00:00",0.361887753009796,"Normal",FALSE,2.34504
"2010-09-18 04:00:00",0.339959323406219,"Normal",FALSE,2.34504
"2010-09-18 05:00:00",0.36615663766861,"Normal",FALSE,2.34504
"2010-09-18 06:00:00",0.663253426551819,"Normal",FALSE,2.34504
"2010-09-18 07:00:00",1.49818074703217,"Normal",FALSE,2.34504
"2010-09-18 08:00:00",1.6071834564209,"Normal",FALSE,2.34504
"2010-09-18 09:00:00",1.28628098964691,"Normal",FALSE,2.34504
"2010-09-18 10:00:00",0.859365284442902,"Normal",FALSE,2.34504
"2010-09-18 11:00:00",0.651553571224213,"Normal",FALSE,2.34504
"2010-09-18 12:00:00",0.690306782722473,"Normal",FALSE,2.34504
"2010-09-18 13:00:00",0.540832102298737,"Normal",FALSE,2.34504
"2010-09-18 14:00:00",1.05790233612061,"Normal",FALSE,2.34504
"2010-09-18 15:00:00",1.13799691200256,"Normal",FALSE,2.34504
"2010-09-18 16:00:00",0.866527020931244,"Normal",FALSE,2.34504
"2010-09-18 17:00:00",1.02281415462494,"Normal",FALSE,2.34504
"2010-09-18 18:00:00",1.46163296699524,"Normal",FALSE,2.34504
"2010-09-18 19:00:00",1.21310889720917,"Normal",FALSE,2.34504
"2010-09-18 20:00:00",1.72017514705658,"Normal",FALSE,2.34504
"2010-09-18 21:00:00",1.67069864273071,"Normal",FALSE,2.34504
"2010-09-18 22:00:00",1.37665474414825,"Normal",FALSE,2.34504
"2010-09-18 23:00:00",1.13757276535034,"Normal",FALSE,2.34504
"2010-09-19 00:00:00",0.441974461078644,"Normal",FALSE,2.34504
"2010-09-19 01:00:00",0.414144307374954,"Normal",FALSE,2.34504
"2010-09-19 02:00:00",0.411323755979538,"Normal",FALSE,2.34504
"2010-09-19 03:00:00",0.508852005004883,"Normal",FALSE,2.34504
"2010-09-19 04:00:00",0.63736230134964,"Normal",FALSE,2.34504
"2010-09-19 05:00:00",0.320025056600571,"Normal",FALSE,2.34504
"2010-09-19 06:00:00",0.512473046779633,"Normal",FALSE,2.34504
"2010-09-19 07:00:00",0.635528445243835,"Normal",FALSE,2.34504
"2010-09-19 08:00:00",0.924007713794708,"Normal",FALSE,2.34504
"2010-09-19 09:00:00",0.833464562892914,"Normal",FALSE,2.34504
"2010-09-19 10:00:00",0.922005236148834,"Normal",FALSE,2.34504
"2010-09-19 11:00:00",0.940622270107269,"Normal",FALSE,2.34504
"2010-09-19 12:00:00",0.513285517692566,"Normal",FALSE,2.34504
"2010-09-19 13:00:00",0.556272327899933,"Normal",FALSE,2.34504
"2010-09-19 14:00:00",0.951998293399811,"Normal",FALSE,2.34504
"2010-09-19 15:00:00",0.557290256023407,"Normal",FALSE,2.34504
"2010-09-19 16:00:00",0.473016202449799,"Normal",FALSE,2.34504
"2010-09-19 17:00:00",0.483887612819672,"Normal",FALSE,2.34504
"2010-09-19 18:00:00",0.607714295387268,"Normal",FALSE,2.34504
"2010-09-19 19:00:00",2.05114221572876,"Normal",FALSE,2.34504
"2010-09-19 20:00:00",1.62017774581909,"Normal",FALSE,2.34504
"2010-09-19 21:00:00",2.00956869125366,"Normal",FALSE,2.34504
"2010-09-19 22:00:00",1.27948343753815,"Normal",FALSE,2.34504
"2010-09-19 23:00:00",0.876836121082306,"Normal",FALSE,2.34504
"2010-09-20 00:00:00",0.261877626180649,"Normal",FALSE,2.34504
"2010-09-20 01:00:00",0.348630666732788,"Normal",FALSE,2.34504
"2010-09-20 02:00:00",0.535171985626221,"Normal",FALSE,2.34504
"2010-09-20 03:00:00",0.333763480186462,"Normal",FALSE,2.34504
"2010-09-20 04:00:00",0.292516589164734,"Normal",FALSE,2.34504
"2010-09-20 05:00:00",0.343310207128525,"Normal",FALSE,2.34504
"2010-09-20 06:00:00",0.69823807477951,"Normal",FALSE,2.34504
"2010-09-20 07:00:00",1.64722442626953,"Normal",FALSE,2.34504
"2010-09-20 08:00:00",1.76513040065765,"Normal",FALSE,2.34504
"2010-09-20 09:00:00",1.17114531993866,"Normal",FALSE,2.34504
"2010-09-20 10:00:00",1.25896418094635,"Normal",FALSE,2.34504
"2010-09-20 11:00:00",1.13922584056854,"Normal",FALSE,2.34504
"2010-09-20 12:00:00",0.590206861495972,"Normal",FALSE,2.34504
"2010-09-20 13:00:00",1.53260791301727,"Normal",FALSE,2.34504
"2010-09-20 14:00:00",0.812291026115417,"Normal",FALSE,2.34504
"2010-09-20 15:00:00",0.765357851982117,"Normal",FALSE,2.34504
"2010-09-20 16:00:00",1.01952612400055,"Normal",FALSE,2.34504
"2010-09-20 17:00:00",1.0875791311264,"Normal",FALSE,2.34504
"2010-09-20 18:00:00",1.42624151706696,"Normal",FALSE,2.34504
"2010-09-20 19:00:00",1.41179835796356,"Normal",FALSE,2.34504
"2010-09-20 20:00:00",1.60133326053619,"Normal",FALSE,2.34504
"2010-09-20 21:00:00",1.83796739578247,"Normal",FALSE,2.34504
"2010-09-20 22:00:00",1.28362452983856,"Normal",FALSE,2.34504
"2010-09-20 23:00:00",0.718854427337646,"Normal",FALSE,2.34504
"2010-09-21 00:00:00",0.446520894765854,"Normal",FALSE,2.34504
"2010-09-21 01:00:00",0.425961524248123,"Normal",FALSE,2.34504
"2010-09-21 02:00:00",0.329488337039948,"Normal",FALSE,2.34504
"2010-09-21 03:00:00",0.297444373369217,"Normal",FALSE,2.34504
"2010-09-21 04:00:00",0.312045067548752,"Normal",FALSE,2.34504
"2010-09-21 05:00:00",0.436047852039337,"Normal",FALSE,2.34504
"2010-09-21 06:00:00",0.733699977397919,"Normal",FALSE,2.34504
"2010-09-21 07:00:00",1.50476312637329,"Normal",FALSE,2.34504
"2010-09-21 08:00:00",1.42289090156555,"Normal",FALSE,2.34504
"2010-09-21 09:00:00",1.2228000164032,"Normal",FALSE,2.34504
"2010-09-21 10:00:00",1.12540006637573,"Normal",FALSE,2.34504
"2010-09-21 11:00:00",0.821392416954041,"Normal",FALSE,2.34504
"2010-09-21 12:00:00",0.72635817527771,"Normal",FALSE,2.34504
"2010-09-21 13:00:00",0.821351706981659,"Normal",FALSE,2.34504
"2010-09-21 14:00:00",0.857693016529083,"Normal",FALSE,2.34504
"2010-09-21 15:00:00",0.36784029006958,"Normal",FALSE,2.34504
"2010-09-21 16:00:00",0.491124987602234,"Normal",FALSE,2.34504
"2010-09-21 17:00:00",0.686159193515778,"Normal",FALSE,2.34504
"2010-09-21 18:00:00",0.631869673728943,"Normal",FALSE,2.34504
"2010-09-21 19:00:00",1.12752044200897,"Normal",FALSE,2.34504
"2010-09-21 20:00:00",1.78287446498871,"Normal",FALSE,2.34504
"2010-09-21 21:00:00",2.25382208824158,"Normal",FALSE,2.34504
"2010-09-21 22:00:00",1.39063119888306,"Normal",FALSE,2.34504
"2010-09-21 23:00:00",0.590870261192322,"Normal",FALSE,2.34504
"2010-09-22 00:00:00",0.307640999555588,"Normal",FALSE,2.34504
"2010-09-22 01:00:00",0.32060232758522,"Normal",FALSE,2.34504
"2010-09-22 02:00:00",0.331810504198074,"Normal",FALSE,2.34504
"2010-09-22 03:00:00",0.362398266792297,"Normal",FALSE,2.34504
"2010-09-22 04:00:00",0.323878347873688,"Normal",FALSE,2.34504
"2010-09-22 05:00:00",0.448142856359482,"Normal",FALSE,2.34504
"2010-09-22 06:00:00",0.778549075126648,"Normal",FALSE,2.34504
"2010-09-22 07:00:00",1.64534986019135,"Normal",FALSE,2.34504
"2010-09-22 08:00:00",1.67615032196045,"Normal",FALSE,2.34504
"2010-09-22 09:00:00",1.4934219121933,"Normal",FALSE,2.34504
"2010-09-22 10:00:00",1.44147753715515,"Normal",FALSE,2.34504
"2010-09-22 11:00:00",1.31097006797791,"Normal",FALSE,2.34504
"2010-09-22 12:00:00",0.562508523464203,"Normal",FALSE,2.34504
"2010-09-22 13:00:00",0.710920035839081,"Normal",FALSE,2.34504
"2010-09-22 14:00:00",1.11473107337952,"Normal",FALSE,2.34504
"2010-09-22 15:00:00",0.320416450500488,"Normal",FALSE,2.34504
"2010-09-22 16:00:00",0.796754896640778,"Normal",FALSE,2.34504
"2010-09-22 17:00:00",1.20583379268646,"Normal",FALSE,2.34504
"2010-09-22 18:00:00",1.35681819915771,"Normal",FALSE,2.34504
"2010-09-22 19:00:00",1.55883228778839,"Normal",FALSE,2.34504
"2010-09-22 20:00:00",1.82626283168793,"Normal",FALSE,2.34504
"2010-09-22 21:00:00",2.05655837059021,"Normal",FALSE,2.34504
"2010-09-22 22:00:00",1.31794929504395,"Normal",FALSE,2.34504
"2010-09-22 23:00:00",0.723716080188751,"Normal",FALSE,2.34504
"2010-09-23 00:00:00",0.358028203248978,"Normal",FALSE,2.34504
"2010-09-23 01:00:00",0.355213820934296,"Normal",FALSE,2.34504
"2010-09-23 02:00:00",0.532788217067719,"Normal",FALSE,2.34504
"2010-09-23 03:00:00",0.443777829408646,"Normal",FALSE,2.34504
"2010-09-23 04:00:00",0.337451189756393,"Normal",FALSE,2.34504
"2010-09-23 05:00:00",0.394555658102036,"Normal",FALSE,2.34504
"2010-09-23 06:00:00",0.953905880451202,"Normal",FALSE,2.34504
"2010-09-23 07:00:00",1.8910813331604,"Normal",FALSE,2.34504
"2010-09-23 08:00:00",1.98412263393402,"Normal",FALSE,2.34504
"2010-09-23 09:00:00",1.49206697940826,"Normal",FALSE,2.34504
"2010-09-23 10:00:00",1.31610953807831,"Normal",FALSE,2.34504
"2010-09-23 11:00:00",1.46777141094208,"Normal",FALSE,2.34504
"2010-09-23 12:00:00",0.67022031545639,"Normal",FALSE,2.34504
"2010-09-23 13:00:00",1.28957045078278,"Normal",FALSE,2.34504
"2010-09-23 14:00:00",1.1770613193512,"Normal",FALSE,2.34504
"2010-09-23 15:00:00",1.17030882835388,"Normal",FALSE,2.34504
"2010-09-23 16:00:00",0.596942543983459,"Normal",FALSE,2.34504
"2010-09-23 17:00:00",0.534148097038269,"Normal",FALSE,2.34504
"2010-09-23 18:00:00",0.628895580768585,"Normal",FALSE,2.34504
"2010-09-23 19:00:00",1.43942713737488,"Normal",FALSE,2.34504
"2010-09-23 20:00:00",2.14124131202698,"Normal",FALSE,2.34504
"2010-09-23 21:00:00",1.61215484142303,"Normal",FALSE,2.34504
"2010-09-23 22:00:00",1.34622132778168,"Normal",FALSE,2.34504
"2010-09-23 23:00:00",0.602689623832703,"Normal",FALSE,2.34504
"2010-09-24 00:00:00",0.416139900684357,"Normal",FALSE,2.34504
"2010-09-24 01:00:00",0.45398536324501,"Normal",FALSE,2.34504
"2010-09-24 02:00:00",0.354169458150864,"Normal",FALSE,2.34504
"2010-09-24 03:00:00",0.332403689622879,"Normal",FALSE,2.34504
"2010-09-24 04:00:00",0.326341301202774,"Normal",FALSE,2.34504
"2010-09-24 05:00:00",0.335353493690491,"Normal",FALSE,2.34504
"2010-09-24 06:00:00",0.688999831676483,"Normal",FALSE,2.34504
"2010-09-24 07:00:00",1.81601083278656,"Normal",FALSE,2.34504
"2010-09-24 08:00:00",1.54693222045898,"Normal",FALSE,2.34504
"2010-09-24 09:00:00",1.32099866867065,"Normal",FALSE,2.34504
"2010-09-24 10:00:00",1.2378762960434,"Normal",FALSE,2.34504
"2010-09-24 11:00:00",1.0589245557785,"Normal",FALSE,2.34504
"2010-09-24 12:00:00",0.543121457099915,"Normal",FALSE,2.34504
"2010-09-24 13:00:00",0.739111542701721,"Normal",FALSE,2.34504
"2010-09-24 14:00:00",0.875236511230469,"Normal",FALSE,2.34504
"2010-09-24 15:00:00",0.985423684120178,"Normal",FALSE,2.34504
"2010-09-24 16:00:00",0.422262996435165,"Normal",FALSE,2.34504
"2010-09-24 17:00:00",1.04215848445892,"Normal",FALSE,2.34504
"2010-09-24 18:00:00",1.1497905254364,"Normal",FALSE,2.34504
"2010-09-24 19:00:00",1.61765956878662,"Normal",FALSE,2.34504
"2010-09-24 20:00:00",2.06665658950806,"Normal",FALSE,2.34504
"2010-09-24 21:00:00",1.83198857307434,"Normal",FALSE,2.34504
"2010-09-24 22:00:00",1.25305879116058,"Normal",FALSE,2.34504
"2010-09-24 23:00:00",0.615681529045105,"Normal",FALSE,2.34504
"2010-09-25 00:00:00",0.409133940935135,"Normal",FALSE,2.34504
"2010-09-25 01:00:00",0.368287652730942,"Normal",FALSE,2.34504
"2010-09-25 02:00:00",0.341176420450211,"Normal",FALSE,2.34504
"2010-09-25 03:00:00",0.287367224693298,"Normal",FALSE,2.34504
"2010-10-01 19:00:00",1.42544066905975,"Normal",FALSE,2.34504
"2010-10-01 20:00:00",1.6471198797226,"Normal",FALSE,2.34504
"2010-10-01 21:00:00",1.33033585548401,"Normal",FALSE,2.34504
"2010-10-01 22:00:00",1.44995152950287,"Normal",FALSE,2.34504
"2010-10-01 23:00:00",0.548023879528046,"Normal",FALSE,2.34504
"2010-10-02 00:00:00",0.524521470069885,"Normal",FALSE,2.34504
"2010-10-02 01:00:00",0.416284710168839,"Normal",FALSE,2.34504
"2010-10-02 02:00:00",0.627045154571533,"Normal",FALSE,2.34504
"2010-10-02 03:00:00",0.354313999414444,"Normal",FALSE,2.34504
"2010-10-05 19:00:00",1.63226640224457,"Normal",FALSE,2.34504
"2010-10-05 20:00:00",2.320148229599,"Normal",FALSE,2.34504
"2010-10-05 21:00:00",2.24318170547485,"Normal",FALSE,2.34504
"2010-10-05 22:00:00",1.43587136268616,"Normal",FALSE,2.34504
"2010-10-05 23:00:00",0.781007528305054,"Normal",FALSE,2.34504
"2010-10-06 00:00:00",0.472113400697708,"Normal",FALSE,2.34504
"2010-10-06 01:00:00",0.532863736152649,"Normal",FALSE,2.34504
"2010-10-06 02:00:00",0.527726948261261,"Normal",FALSE,2.34504
"2010-10-06 03:00:00",0.703838407993317,"Normal",FALSE,2.34504
"2010-10-06 04:00:00",0.494475454092026,"Normal",FALSE,2.34504
"2010-10-06 05:00:00",0.441587001085281,"Normal",FALSE,2.34504
"2010-10-06 06:00:00",0.911817312240601,"Normal",FALSE,2.34504
"2010-10-06 07:00:00",2.13436317443848,"Normal",FALSE,2.34504
"2010-10-06 08:00:00",1.91168963909149,"Normal",FALSE,2.34504
"2010-10-06 09:00:00",1.71592998504639,"Normal",FALSE,2.34504
"2010-10-06 10:00:00",1.55440104007721,"Normal",FALSE,2.34504
"2010-10-06 11:00:00",1.00578463077545,"Normal",FALSE,2.34504
"2010-10-06 12:00:00",0.895991265773773,"Normal",FALSE,2.34504
"2010-10-06 13:00:00",0.810847580432892,"Normal",FALSE,2.34504
"2010-10-06 14:00:00",0.81990921497345,"Normal",FALSE,2.34504
"2010-10-06 15:00:00",1.00301122665405,"Normal",FALSE,2.34504
"2010-10-06 16:00:00",0.500270128250122,"Normal",FALSE,2.34504
"2010-10-06 17:00:00",1.0017204284668,"Normal",FALSE,2.34504
"2010-10-06 18:00:00",0.996813893318176,"Normal",FALSE,2.34504
"2010-10-06 19:00:00",1.66283464431763,"Normal",FALSE,2.34504
"2010-10-06 20:00:00",1.64735472202301,"Normal",FALSE,2.34504
"2010-10-06 21:00:00",1.02855896949768,"Normal",FALSE,2.34504
"2010-10-06 22:00:00",0.978100776672363,"Normal",FALSE,2.34504
"2010-10-06 23:00:00",1.03956067562103,"Normal",FALSE,2.34504
"2010-10-07 00:00:00",0.61266028881073,"Normal",FALSE,2.34504
"2010-10-07 01:00:00",0.522805988788605,"Normal",FALSE,2.34504
"2010-10-07 02:00:00",0.458007663488388,"Normal",FALSE,2.34504
"2010-10-07 03:00:00",0.433518707752228,"Normal",FALSE,2.34504
"2010-10-07 04:00:00",0.420680403709412,"Normal",FALSE,2.34504
"2010-10-07 05:00:00",0.401401579380035,"Normal",FALSE,2.34504
"2010-10-07 06:00:00",0.978557050228119,"Normal",FALSE,2.34504
"2010-10-07 07:00:00",2.2165060043335,"Normal",FALSE,2.34504
"2010-10-07 08:00:00",1.66895604133606,"Normal",FALSE,2.34504
"2010-10-07 09:00:00",1.50627541542053,"Normal",FALSE,2.34504
"2010-10-07 10:00:00",1.28390920162201,"Normal",FALSE,2.34504
"2010-10-07 11:00:00",0.495188862085342,"Normal",FALSE,2.34504
"2010-10-07 12:00:00",1.73436522483826,"Normal",FALSE,2.34504
"2010-10-07 13:00:00",2.18051218986511,"Normal",FALSE,2.34504
"2010-10-07 14:00:00",1.40846729278564,"Normal",FALSE,2.34504
"2010-10-07 15:00:00",1.34142363071442,"Normal",FALSE,2.34504
"2010-10-07 16:00:00",1.2869086265564,"Normal",FALSE,2.34504
"2010-10-07 17:00:00",0.799054741859436,"Normal",FALSE,2.34504
"2010-10-07 18:00:00",0.725792586803436,"Normal",FALSE,2.34504
"2010-10-07 19:00:00",1.57153022289276,"Normal",FALSE,2.34504
"2010-10-07 20:00:00",1.79316854476929,"Normal",FALSE,2.34504
"2010-10-07 21:00:00",2.05755662918091,"Normal",FALSE,2.34504
"2010-10-07 22:00:00",1.39569926261902,"Normal",FALSE,2.34504
"2010-10-07 23:00:00",0.513189613819122,"Normal",FALSE,2.34504
"2010-10-08 00:00:00",0.511338829994202,"Normal",FALSE,2.34504
"2010-10-08 01:00:00",0.504638850688934,"Normal",FALSE,2.34504
"2010-10-08 02:00:00",0.378087073564529,"Normal",FALSE,2.34504
"2010-10-08 03:00:00",0.387838244438171,"Normal",FALSE,2.34504
"2010-10-08 04:00:00",0.45121768116951,"Normal",FALSE,2.34504
"2010-10-08 05:00:00",0.422187030315399,"Normal",FALSE,2.34504
"2010-10-08 06:00:00",0.904476404190063,"Normal",FALSE,2.34504
"2010-10-08 07:00:00",2.40501523017883,"High",TRUE,2.34504
"2010-10-08 08:00:00",1.81558740139008,"Normal",FALSE,2.34504
"2010-10-08 09:00:00",1.34053003787994,"Normal",FALSE,2.34504
"2010-10-08 10:00:00",1.28822886943817,"Normal",FALSE,2.34504
"2010-10-08 11:00:00",0.927602052688599,"Normal",FALSE,2.34504
"2010-10-08 12:00:00",0.85018253326416,"Normal",FALSE,2.34504
"2010-10-08 13:00:00",1.42914509773254,"Normal",FALSE,2.34504
"2010-10-08 14:00:00",1.00713634490967,"Normal",FALSE,2.34504
"2010-10-08 15:00:00",0.830241084098816,"Normal",FALSE,2.34504
"2010-10-08 16:00:00",0.853543043136597,"Normal",FALSE,2.34504
"2010-10-08 17:00:00",0.64860862493515,"Normal",FALSE,2.34504
"2010-10-08 18:00:00",1.24221181869507,"Normal",FALSE,2.34504
"2010-10-08 19:00:00",1.60003995895386,"Normal",FALSE,2.34504
"2010-10-08 20:00:00",1.92503571510315,"Normal",FALSE,2.34504
"2010-10-08 21:00:00",2.26395225524902,"Normal",FALSE,2.34504
"2010-10-08 22:00:00",1.49734318256378,"Normal",FALSE,2.34504
"2010-10-08 23:00:00",0.605861008167267,"Normal",FALSE,2.34504
"2010-10-09 00:00:00",0.525289416313171,"Normal",FALSE,2.34504
"2010-10-09 01:00:00",0.50461333990097,"Normal",FALSE,2.34504
"2010-10-09 02:00:00",0.526985883712769,"Normal",FALSE,2.34504
"2010-10-09 03:00:00",0.511281847953796,"Normal",FALSE,2.34504
"2010-10-09 04:00:00",0.551122665405273,"Normal",FALSE,2.34504
"2010-10-09 05:00:00",0.437582522630692,"Normal",FALSE,2.34504
"2010-10-09 06:00:00",0.904128432273865,"Normal",FALSE,2.34504
"2010-10-09 07:00:00",2.02835822105408,"Normal",FALSE,2.34504
"2010-10-09 08:00:00",1.83486664295197,"Normal",FALSE,2.34504
"2010-10-09 09:00:00",1.62870609760284,"Normal",FALSE,2.34504
"2010-10-09 10:00:00",1.10808897018433,"Normal",FALSE,2.34504
"2010-10-09 11:00:00",0.726918935775757,"Normal",FALSE,2.34504
"2010-10-09 12:00:00",0.977687478065491,"Normal",FALSE,2.34504
"2010-10-09 13:00:00",0.775761425495148,"Normal",FALSE,2.34504
"2010-10-09 14:00:00",1.7142128944397,"Normal",FALSE,2.34504
"2010-10-09 15:00:00",1.20861995220184,"Normal",FALSE,2.34504
"2010-10-09 16:00:00",1.82303142547607,"Normal",FALSE,2.34504
"2010-10-09 17:00:00",2.02266097068787,"Normal",FALSE,2.34504
"2010-10-09 18:00:00",1.3850177526474,"Normal",FALSE,2.34504
"2010-10-09 19:00:00",1.85363459587097,"Normal",FALSE,2.34504
"2010-10-09 20:00:00",2.35068964958191,"High",TRUE,2.34504
"2010-10-09 21:00:00",1.94205141067505,"Normal",FALSE,2.34504
"2010-10-09 22:00:00",1.59500432014465,"Normal",FALSE,2.34504
"2010-10-09 23:00:00",1.02612447738647,"Normal",FALSE,2.34504
"2010-10-10 00:00:00",0.484293282032013,"Normal",FALSE,2.34504
"2010-10-10 01:00:00",0.58646035194397,"Normal",FALSE,2.34504
"2010-10-10 02:00:00",0.508761823177338,"Normal",FALSE,2.34504
"2010-10-10 03:00:00",0.51535838842392,"Normal",FALSE,2.34504
"2010-10-10 04:00:00",0.483835071325302,"Normal",FALSE,2.34504
"2010-10-10 05:00:00",0.55083441734314,"Normal",FALSE,2.34504
"2010-10-10 06:00:00",0.672998249530792,"Normal",FALSE,2.34504
"2010-10-10 07:00:00",1.04477620124817,"Normal",FALSE,2.34504
"2010-10-10 08:00:00",1.34726500511169,"Normal",FALSE,2.34504
"2010-10-10 09:00:00",1.1454610824585,"Normal",FALSE,2.34504
"2010-10-10 10:00:00",1.09237706661224,"Normal",FALSE,2.34504
"2010-10-10 11:00:00",1.19971823692322,"Normal",FALSE,2.34504
"2010-10-10 12:00:00",2.04544639587402,"Normal",FALSE,2.34504
"2010-10-10 13:00:00",1.78330755233765,"Normal",FALSE,2.34504
"2010-10-10 14:00:00",1.6536853313446,"Normal",FALSE,2.34504
"2010-10-10 15:00:00",1.22681629657745,"Normal",FALSE,2.34504
"2010-10-10 16:00:00",0.711177468299866,"Normal",FALSE,2.34504
"2010-10-10 17:00:00",1.05288910865784,"Normal",FALSE,2.34504
"2010-10-10 18:00:00",2.04125142097473,"Normal",FALSE,2.34504
"2010-10-10 19:00:00",2.44678854942322,"High",TRUE,2.34504
"2010-10-10 20:00:00",3.05139255523682,"High",TRUE,2.34504
"2010-10-10 21:00:00",2.42752647399902,"High",TRUE,2.34504
"2010-10-10 22:00:00",1.91868770122528,"Normal",FALSE,2.34504
"2010-10-10 23:00:00",1.00009226799011,"Normal",FALSE,2.34504
"2010-10-11 00:00:00",0.45531490445137,"Normal",FALSE,2.34504
"2010-10-11 01:00:00",0.373511344194412,"Normal",FALSE,2.34504
"2010-10-11 02:00:00",0.420014232397079,"Normal",FALSE,2.34504
"2010-10-11 03:00:00",0.556152760982513,"Normal",FALSE,2.34504
"2010-10-11 04:00:00",0.475892454385757,"Normal",FALSE,2.34504
"2010-10-11 05:00:00",0.607666432857513,"Normal",FALSE,2.34504
"2010-10-11 06:00:00",0.83585798740387,"Normal",FALSE,2.34504
"2010-10-11 07:00:00",2.10802865028381,"Normal",FALSE,2.34504
"2010-10-11 08:00:00",1.89197707176208,"Normal",FALSE,2.34504
"2010-10-11 09:00:00",1.60973906517029,"Normal",FALSE,2.34504
"2010-10-11 10:00:00",1.414106965065,"Normal",FALSE,2.34504
"2010-10-11 11:00:00",0.802313446998596,"Normal",FALSE,2.34504
"2010-10-11 12:00:00",0.628800690174103,"Normal",FALSE,2.34504
"2010-10-11 13:00:00",0.683343052864075,"Normal",FALSE,2.34504
"2010-10-11 14:00:00",0.549782633781433,"Normal",FALSE,2.34504
"2010-10-11 15:00:00",0.79752242565155,"Normal",FALSE,2.34504
"2010-10-11 16:00:00",0.644843757152557,"Normal",FALSE,2.34504
"2010-10-11 17:00:00",0.626023948192596,"Normal",FALSE,2.34504
"2010-10-11 18:00:00",1.51239311695099,"Normal",FALSE,2.34504
"2010-10-11 19:00:00",2.00137877464294,"Normal",FALSE,2.34504
"2010-10-11 20:00:00",2.85076379776001,"High",TRUE,2.34504
"2010-10-11 21:00:00",2.23383188247681,"Normal",FALSE,2.34504
"2010-10-11 22:00:00",1.51550447940826,"Normal",FALSE,2.34504
"2010-10-11 23:00:00",0.826053619384766,"Normal",FALSE,2.34504
"2010-10-12 00:00:00",0.529478430747986,"Normal",FALSE,2.34504
"2010-10-12 01:00:00",0.406044214963913,"Normal",FALSE,2.34504
"2010-10-12 02:00:00",0.443604499101639,"Normal",FALSE,2.34504
"2010-10-12 03:00:00",0.504706025123596,"Normal",FALSE,2.34504
"2010-10-12 04:00:00",0.424572080373764,"Normal",FALSE,2.34504
"2010-10-12 05:00:00",0.45465961098671,"Normal",FALSE,2.34504
"2010-10-12 06:00:00",1.01912665367126,"Normal",FALSE,2.34504
"2010-10-12 07:00:00",2.3051552772522,"Normal",FALSE,2.34504
"2010-10-12 08:00:00",1.87115967273712,"Normal",FALSE,2.34504
"2010-10-12 09:00:00",1.59586775302887,"Normal",FALSE,2.34504
"2010-10-12 10:00:00",1.57606530189514,"Normal",FALSE,2.34504
"2010-10-12 11:00:00",1.76859867572784,"Normal",FALSE,2.34504
"2010-10-12 12:00:00",0.72025591135025,"Normal",FALSE,2.34504
"2010-10-12 13:00:00",1.55124866962433,"Normal",FALSE,2.34504
"2010-10-12 14:00:00",0.941901922225952,"Normal",FALSE,2.34504
"2010-10-12 15:00:00",0.742973744869232,"Normal",FALSE,2.34504
"2010-10-12 16:00:00",0.881819903850555,"Normal",FALSE,2.34504
"2010-10-12 17:00:00",0.632287919521332,"Normal",FALSE,2.34504
"2010-10-12 18:00:00",0.767605602741241,"Normal",FALSE,2.34504
"2010-10-12 19:00:00",2.47450685501099,"High",TRUE,2.34504
"2010-10-12 20:00:00",2.4691801071167,"High",TRUE,2.34504
"2010-10-12 21:00:00",2.13499903678894,"Normal",FALSE,2.34504
"2010-10-12 22:00:00",1.24263429641724,"Normal",FALSE,2.34504
"2010-10-12 23:00:00",0.714629113674164,"Normal",FALSE,2.34504
"2010-10-13 00:00:00",0.547483146190643,"Normal",FALSE,2.34504
"2010-10-13 01:00:00",0.438989490270615,"Normal",FALSE,2.34504
"2010-10-13 02:00:00",0.483079135417938,"Normal",FALSE,2.34504
"2010-10-13 03:00:00",0.384231775999069,"Normal",FALSE,2.34504
"2010-10-13 04:00:00",0.434127300977707,"Normal",FALSE,2.34504
"2010-10-13 05:00:00",0.457786023616791,"Normal",FALSE,2.34504
"2010-10-13 06:00:00",1.02467012405396,"Normal",FALSE,2.34504
"2010-10-13 07:00:00",2.10901999473572,"Normal",FALSE,2.34504
"2010-10-13 08:00:00",1.93342530727386,"Normal",FALSE,2.34504
"2010-10-13 09:00:00",1.79929769039154,"Normal",FALSE,2.34504
"2010-10-13 10:00:00",1.54639184474945,"Normal",FALSE,2.34504
"2010-10-13 11:00:00",1.81406402587891,"Normal",FALSE,2.34504
"2010-10-13 12:00:00",1.43826675415039,"Normal",FALSE,2.34504
"2010-10-13 13:00:00",1.32268071174622,"Normal",FALSE,2.34504
"2010-10-13 14:00:00",1.30377209186554,"Normal",FALSE,2.34504
"2010-10-13 15:00:00",1.56665706634521,"Normal",FALSE,2.34504
"2010-10-13 16:00:00",1.55635821819305,"Normal",FALSE,2.34504
"2010-10-13 17:00:00",1.39325094223022,"Normal",FALSE,2.34504
"2010-10-13 18:00:00",1.63428175449371,"Normal",FALSE,2.34504
"2010-10-13 19:00:00",1.39588630199432,"Normal",FALSE,2.34504
"2010-10-13 20:00:00",2.06686544418335,"Normal",FALSE,2.34504
"2010-10-13 21:00:00",2.27383828163147,"Normal",FALSE,2.34504
"2010-10-13 22:00:00",1.49789822101593,"Normal",FALSE,2.34504
"2010-10-13 23:00:00",1.03581345081329,"Normal",FALSE,2.34504
"2010-10-14 00:00:00",0.348589658737183,"Normal",FALSE,2.34504
"2010-10-14 01:00:00",0.346706539392471,"Normal",FALSE,2.34504
"2010-10-14 02:00:00",0.51407665014267,"Normal",FALSE,2.34504
"2010-10-14 03:00:00",0.365264683961868,"Normal",FALSE,2.34504
"2010-10-14 04:00:00",0.39802286028862,"Normal",FALSE,2.34504
"2010-10-14 05:00:00",0.536858141422272,"Normal",FALSE,2.34504
"2010-10-14 06:00:00",1.00935649871826,"Normal",FALSE,2.34504
"2010-10-14 07:00:00",2.4929792881012,"High",TRUE,2.34504
"2010-10-14 08:00:00",1.98714864253998,"Normal",FALSE,2.34504
"2010-10-14 09:00:00",1.47260582447052,"Normal",FALSE,2.34504
"2010-10-14 10:00:00",2.26100707054138,"Normal",FALSE,2.34504
"2010-10-14 11:00:00",1.62469410896301,"Normal",FALSE,2.34504
"2010-10-14 12:00:00",0.973861813545227,"Normal",FALSE,2.34504
"2010-10-14 13:00:00",0.68097460269928,"Normal",FALSE,2.34504
"2010-10-14 14:00:00",1.18786060810089,"Normal",FALSE,2.34504
"2010-10-14 15:00:00",1.52654647827148,"Normal",FALSE,2.34504
"2010-10-14 16:00:00",0.712118446826935,"Normal",FALSE,2.34504
"2010-10-14 17:00:00",0.883817970752716,"Normal",FALSE,2.34504
"2010-10-14 18:00:00",0.792290866374969,"Normal",FALSE,2.34504
"2010-10-14 19:00:00",2.30572557449341,"Normal",FALSE,2.34504
"2010-10-14 20:00:00",3.15009737014771,"High",TRUE,2.34504
"2010-10-14 21:00:00",2.72570776939392,"High",TRUE,2.34504
"2010-10-14 22:00:00",2.36511087417603,"High",TRUE,2.34504
"2010-10-14 23:00:00",1.25504148006439,"Normal",FALSE,2.34504
"2010-10-15 00:00:00",0.392325550317764,"Normal",FALSE,2.34504
"2010-10-15 01:00:00",0.383788555860519,"Normal",FALSE,2.34504
"2010-10-15 02:00:00",0.39270406961441,"Normal",FALSE,2.34504
"2010-10-15 03:00:00",0.432183891534805,"Normal",FALSE,2.34504
"2010-10-15 04:00:00",0.374531507492065,"Normal",FALSE,2.34504
"2010-10-15 05:00:00",0.504049241542816,"Normal",FALSE,2.34504
"2010-10-15 06:00:00",1.04897880554199,"Normal",FALSE,2.34504
"2010-10-15 07:00:00",2.58840298652649,"High",TRUE,2.34504
"2010-10-15 08:00:00",1.82309424877167,"Normal",FALSE,2.34504
"2010-10-15 09:00:00",1.64584803581238,"Normal",FALSE,2.34504
"2010-10-15 10:00:00",1.49175894260406,"Normal",FALSE,2.34504
"2010-10-15 11:00:00",1.51311707496643,"Normal",FALSE,2.34504
"2010-10-15 12:00:00",1.6048219203949,"Normal",FALSE,2.34504
"2010-10-15 13:00:00",1.78742551803589,"Normal",FALSE,2.34504
"2010-10-15 14:00:00",1.34122776985168,"Normal",FALSE,2.34504
"2010-10-15 15:00:00",1.20117819309235,"Normal",FALSE,2.34504
"2010-10-15 16:00:00",0.541519701480865,"Normal",FALSE,2.34504
"2010-10-15 17:00:00",0.86527407169342,"Normal",FALSE,2.34504
"2010-10-15 18:00:00",1.16405439376831,"Normal",FALSE,2.34504
"2010-10-15 19:00:00",2.29775190353394,"Normal",FALSE,2.34504
"2010-10-15 20:00:00",2.2013304233551,"Normal",FALSE,2.34504
"2010-10-15 21:00:00",1.95369863510132,"Normal",FALSE,2.34504
"2010-10-15 22:00:00",0.952344477176666,"Normal",FALSE,2.34504
"2010-10-15 23:00:00",0.550234436988831,"Normal",FALSE,2.34504
"2010-10-16 00:00:00",0.500442743301392,"Normal",FALSE,2.34504
"2010-10-16 01:00:00",0.409474909305573,"Normal",FALSE,2.34504
"2010-10-16 02:00:00",0.375431388616562,"Normal",FALSE,2.34504
"2010-10-16 03:00:00",0.519822955131531,"Normal",FALSE,2.34504
"2010-10-16 04:00:00",0.566330432891846,"Normal",FALSE,2.34504
"2010-10-16 05:00:00",0.498355209827423,"Normal",FALSE,2.34504
"2010-10-16 06:00:00",0.846930503845215,"Normal",FALSE,2.34504
"2010-10-16 07:00:00",1.86574494838715,"Normal",FALSE,2.34504
"2010-10-16 08:00:00",1.90633571147919,"Normal",FALSE,2.34504
"2010-10-16 09:00:00",1.77772545814514,"Normal",FALSE,2.34504
"2010-10-16 10:00:00",1.24657046794891,"Normal",FALSE,2.34504
"2010-10-16 11:00:00",1.7974967956543,"Normal",FALSE,2.34504
"2010-10-16 12:00:00",1.35109555721283,"Normal",FALSE,2.34504
"2010-10-16 13:00:00",0.987073540687561,"Normal",FALSE,2.34504
"2010-10-16 14:00:00",0.652910351753235,"Normal",FALSE,2.34504
"2010-10-16 15:00:00",0.879607677459717,"Normal",FALSE,2.34504
"2010-10-16 16:00:00",0.572095811367035,"Normal",FALSE,2.34504
"2010-10-16 17:00:00",0.577763259410858,"Normal",FALSE,2.34504
"2010-10-16 18:00:00",0.888236045837402,"Normal",FALSE,2.34504
"2010-10-16 19:00:00",1.12453866004944,"Normal",FALSE,2.34504
"2010-10-16 20:00:00",0.888700664043427,"Normal",FALSE,2.34504
"2010-10-16 21:00:00",1.40950965881348,"Normal",FALSE,2.34504
"2010-10-16 22:00:00",0.898340046405792,"Normal",FALSE,2.34504
"2010-10-16 23:00:00",0.692811727523804,"Normal",FALSE,2.34504
"2010-10-17 00:00:00",0.438734799623489,"Normal",FALSE,2.34504
"2010-10-17 01:00:00",0.430159360170364,"Normal",FALSE,2.34504
"2010-10-17 02:00:00",0.403308033943176,"Normal",FALSE,2.34504
"2010-10-17 03:00:00",0.518883764743805,"Normal",FALSE,2.34504
"2010-10-17 04:00:00",0.383179634809494,"Normal",FALSE,2.34504
"2010-10-17 05:00:00",0.52238917350769,"Normal",FALSE,2.34504
"2010-10-17 06:00:00",0.636432111263275,"Normal",FALSE,2.34504
"2010-10-17 07:00:00",1.25419569015503,"Normal",FALSE,2.34504
"2010-10-17 08:00:00",0.696272909641266,"Normal",FALSE,2.34504
"2010-10-17 09:00:00",0.56613552570343,"Normal",FALSE,2.34504
"2010-10-17 10:00:00",0.675463318824768,"Normal",FALSE,2.34504
"2010-10-17 11:00:00",0.492873966693878,"Normal",FALSE,2.34504
"2010-10-17 12:00:00",0.469810605049133,"Normal",FALSE,2.34504
"2010-10-17 13:00:00",0.504787504673004,"Normal",FALSE,2.34504
"2010-10-17 14:00:00",0.688214898109436,"Normal",FALSE,2.34504
"2010-10-17 15:00:00",0.809909224510193,"Normal",FALSE,2.34504
"2010-10-17 16:00:00",0.599349021911621,"Normal",FALSE,2.34504
"2010-10-17 17:00:00",0.999956130981445,"Normal",FALSE,2.34504
"2010-10-17 18:00:00",1.09630990028381,"Normal",FALSE,2.34504
"2010-10-17 19:00:00",1.46086966991425,"Normal",FALSE,2.34504
"2010-10-17 20:00:00",2.54294109344482,"High",TRUE,2.34504
"2010-10-17 21:00:00",2.49977707862854,"High",TRUE,2.34504
"2010-10-17 22:00:00",1.5444051027298,"Normal",FALSE,2.34504
"2010-10-17 23:00:00",0.74107950925827,"Normal",FALSE,2.34504
"2010-10-18 00:00:00",0.536433637142181,"Normal",FALSE,2.34504
"2010-10-18 01:00:00",0.479882389307022,"Normal",FALSE,2.34504
"2010-10-18 02:00:00",0.449364185333252,"Normal",FALSE,2.34504
"2010-10-18 03:00:00",0.368449777364731,"Normal",FALSE,2.34504
"2010-10-18 04:00:00",0.419109910726547,"Normal",FALSE,2.34504
"2010-10-18 05:00:00",0.622703611850739,"Normal",FALSE,2.34504
"2010-10-18 06:00:00",0.938135802745819,"Normal",FALSE,2.34504
"2010-10-18 07:00:00",2.04690027236938,"Normal",FALSE,2.34504
"2010-10-18 08:00:00",1.7671914100647,"Normal",FALSE,2.34504
"2010-10-18 09:00:00",1.79572379589081,"Normal",FALSE,2.34504
"2010-10-18 10:00:00",2.53799510002136,"High",TRUE,2.34504
"2010-10-18 11:00:00",2.03337121009827,"Normal",FALSE,2.34504
"2010-10-18 12:00:00",2.12953805923462,"Normal",FALSE,2.34504
"2010-10-18 13:00:00",2.34660220146179,"High",TRUE,2.34504
"2010-10-18 14:00:00",2.37718462944031,"High",TRUE,2.34504
"2010-10-18 15:00:00",1.586350440979,"Normal",FALSE,2.34504
"2010-10-18 16:00:00",0.643782138824463,"Normal",FALSE,2.34504
"2010-10-18 17:00:00",0.537392318248749,"Normal",FALSE,2.34504
"2010-10-18 18:00:00",0.952806949615479,"Normal",FALSE,2.34504
"2010-10-18 19:00:00",2.77660179138184,"High",TRUE,2.34504
"2010-10-18 20:00:00",2.8332724571228,"High",TRUE,2.34504
"2010-10-18 21:00:00",2.06905794143677,"Normal",FALSE,2.34504
"2010-10-18 22:00:00",1.67715466022491,"Normal",FALSE,2.34504
"2010-10-18 23:00:00",1.11755871772766,"Normal",FALSE,2.34504
"2010-10-19 00:00:00",1.04749715328217,"Normal",FALSE,2.34504
"2010-10-19 01:00:00",0.833964645862579,"Normal",FALSE,2.34504
"2010-10-19 02:00:00",0.273050457239151,"Normal",FALSE,2.34504
"2010-10-19 03:00:00",0.245163917541504,"Normal",FALSE,2.34504
"2010-10-19 04:00:00",0.236741662025452,"Normal",FALSE,2.34504
"2010-10-19 05:00:00",0.404899060726166,"Normal",FALSE,2.34504
"2010-10-19 06:00:00",0.968076527118683,"Normal",FALSE,2.34504
"2010-10-19 07:00:00",2.14439344406128,"Normal",FALSE,2.34504
"2010-10-19 08:00:00",1.688596367836,"Normal",FALSE,2.34504
"2010-10-19 09:00:00",1.59094071388245,"Normal",FALSE,2.34504
"2010-10-19 10:00:00",1.48239994049072,"Normal",FALSE,2.34504
"2010-10-19 11:00:00",0.755622863769531,"Normal",FALSE,2.34504
"2010-10-19 12:00:00",1.72306764125824,"Normal",FALSE,2.34504
"2010-10-19 13:00:00",1.00453901290894,"Normal",FALSE,2.34504
"2010-10-19 14:00:00",0.440956503152847,"Normal",FALSE,2.34504
"2010-10-19 15:00:00",0.456422865390778,"Normal",FALSE,2.34504
"2010-10-19 16:00:00",0.461538732051849,"Normal",FALSE,2.34504
"2010-10-19 17:00:00",0.595758438110352,"Normal",FALSE,2.34504
"2010-10-19 18:00:00",1.75824868679047,"Normal",FALSE,2.34504
"2010-10-19 19:00:00",2.98083186149597,"High",TRUE,2.34504
"2010-10-19 20:00:00",2.50799608230591,"High",TRUE,2.34504
"2010-10-19 21:00:00",2.23699975013733,"Normal",FALSE,2.34504
"2010-10-19 22:00:00",1.51316201686859,"Normal",FALSE,2.34504
"2010-10-19 23:00:00",0.687627792358398,"Normal",FALSE,2.34504
"2010-10-20 00:00:00",0.50062358379364,"Normal",FALSE,2.34504
"2010-10-20 01:00:00",0.56919401884079,"Normal",FALSE,2.34504
"2010-10-20 02:00:00",0.426092773675919,"Normal",FALSE,2.34504
"2010-10-20 03:00:00",0.342341810464859,"Normal",FALSE,2.34504
"2010-10-20 04:00:00",0.529238760471344,"Normal",FALSE,2.34504
"2010-10-20 05:00:00",0.394069880247116,"Normal",FALSE,2.34504
"2010-10-20 06:00:00",0.984593331813812,"Normal",FALSE,2.34504
"2010-10-20 07:00:00",2.24345707893372,"Normal",FALSE,2.34504
"2010-10-20 08:00:00",2.11674976348877,"Normal",FALSE,2.34504
"2010-10-20 09:00:00",1.6712212562561,"Normal",FALSE,2.34504
"2010-10-20 10:00:00",1.64158666133881,"Normal",FALSE,2.34504
"2010-10-20 11:00:00",1.60491287708282,"Normal",FALSE,2.34504
"2010-10-20 12:00:00",1.7665628194809,"Normal",FALSE,2.34504
"2010-10-20 13:00:00",1.22719240188599,"Normal",FALSE,2.34504
"2010-10-20 14:00:00",0.486872881650925,"Normal",FALSE,2.34504
"2010-10-20 15:00:00",0.718011677265167,"Normal",FALSE,2.34504
"2010-10-20 16:00:00",0.781737565994263,"Normal",FALSE,2.34504
"2010-10-20 17:00:00",0.541342437267303,"Normal",FALSE,2.34504
"2010-10-20 18:00:00",0.740540146827698,"Normal",FALSE,2.34504
"2010-10-20 19:00:00",2.28468370437622,"Normal",FALSE,2.34504
"2010-10-20 20:00:00",2.53869557380676,"High",TRUE,2.34504
"2010-10-20 21:00:00",2.29060912132263,"Normal",FALSE,2.34504
"2010-10-20 22:00:00",1.36085999011993,"Normal",FALSE,2.34504
"2010-10-20 23:00:00",0.817317306995392,"Normal",FALSE,2.34504
"2010-10-21 00:00:00",0.525700151920319,"Normal",FALSE,2.34504
"2010-10-21 01:00:00",0.439752370119095,"Normal",FALSE,2.34504
"2010-10-21 02:00:00",0.505176723003387,"Normal",FALSE,2.34504
"2010-10-21 03:00:00",0.451127082109451,"Normal",FALSE,2.34504
"2010-10-21 04:00:00",0.396968841552734,"Normal",FALSE,2.34504
"2010-10-21 05:00:00",0.424276560544968,"Normal",FALSE,2.34504
"2010-10-21 06:00:00",0.97183084487915,"Normal",FALSE,2.34504
"2010-10-21 07:00:00",2.60771918296814,"High",TRUE,2.34504
"2010-10-21 08:00:00",1.93755888938904,"Normal",FALSE,2.34504
"2010-10-21 09:00:00",1.26121211051941,"Normal",FALSE,2.34504
"2010-10-21 10:00:00",0.595289468765259,"Normal",FALSE,2.34504
"2010-10-21 11:00:00",0.576913118362427,"Normal",FALSE,2.34504
"2010-10-21 12:00:00",0.800898790359497,"Normal",FALSE,2.34504
"2010-10-21 13:00:00",0.936035871505737,"Normal",FALSE,2.34504
"2010-10-21 14:00:00",0.691446721553802,"Normal",FALSE,2.34504
"2010-10-21 15:00:00",0.728810906410217,"Normal",FALSE,2.34504
"2010-10-21 16:00:00",0.554292857646942,"Normal",FALSE,2.34504
"2010-10-21 17:00:00",0.794734418392181,"Normal",FALSE,2.34504
"2010-10-21 18:00:00",0.847921192646027,"Normal",FALSE,2.34504
"2010-10-21 19:00:00",2.1053032875061,"Normal",FALSE,2.34504
"2010-10-21 20:00:00",2.37329912185669,"High",TRUE,2.34504
"2010-10-21 21:00:00",2.29510521888733,"Normal",FALSE,2.34504
"2010-10-21 22:00:00",1.38339579105377,"Normal",FALSE,2.34504
"2010-10-21 23:00:00",0.80280739068985,"Normal",FALSE,2.34504
"2010-10-22 00:00:00",0.504324316978455,"Normal",FALSE,2.34504
"2010-10-22 01:00:00",0.44193109869957,"Normal",FALSE,2.34504
"2010-10-22 02:00:00",0.529905259609222,"Normal",FALSE,2.34504
"2010-10-22 03:00:00",0.502664089202881,"Normal",FALSE,2.34504
"2010-10-22 04:00:00",0.485930114984512,"Normal",FALSE,2.34504
"2010-10-22 05:00:00",0.551007926464081,"Normal",FALSE,2.34504
"2010-10-22 06:00:00",1.07006180286407,"Normal",FALSE,2.34504
"2010-10-22 07:00:00",2.58471298217773,"High",TRUE,2.34504
"2010-10-22 08:00:00",1.89657008647919,"Normal",FALSE,2.34504
"2010-10-22 09:00:00",1.52714848518372,"Normal",FALSE,2.34504
"2010-10-22 10:00:00",1.55154204368591,"Normal",FALSE,2.34504
"2010-10-22 11:00:00",1.35803627967834,"Normal",FALSE,2.34504
"2010-10-22 12:00:00",1.32843613624573,"Normal",FALSE,2.34504
"2010-10-22 13:00:00",1.63693225383759,"Normal",FALSE,2.34504
"2010-10-22 14:00:00",1.28496587276459,"Normal",FALSE,2.34504
"2010-10-22 15:00:00",1.16755449771881,"Normal",FALSE,2.34504
"2010-10-22 16:00:00",0.584229052066803,"Normal",FALSE,2.34504
"2010-10-22 17:00:00",0.960314989089966,"Normal",FALSE,2.34504
"2010-10-22 18:00:00",1.24078798294067,"Normal",FALSE,2.34504
"2010-10-22 19:00:00",1.73088073730469,"Normal",FALSE,2.34504
"2010-10-22 20:00:00",1.84506177902222,"Normal",FALSE,2.34504
"2010-10-22 21:00:00",1.6456298828125,"Normal",FALSE,2.34504
"2010-10-22 22:00:00",1.46124768257141,"Normal",FALSE,2.34504
"2010-10-22 23:00:00",0.482709854841232,"Normal",FALSE,2.34504
"2010-10-23 00:00:00",0.382702767848969,"Normal",FALSE,2.34504
"2010-10-23 01:00:00",1.14377081394196,"Normal",FALSE,2.34504
"2010-10-23 02:00:00",0.418399900197983,"Normal",FALSE,2.34504
"2010-10-23 03:00:00",0.478794068098068,"Normal",FALSE,2.34504
"2010-10-23 04:00:00",0.441277474164963,"Normal",FALSE,2.34504
"2010-10-23 05:00:00",0.343579024076462,"Normal",FALSE,2.34504
"2010-10-23 06:00:00",0.6335569024086,"Normal",FALSE,2.34504
"2010-10-23 07:00:00",1.96862280368805,"Normal",FALSE,2.34504
"2010-10-23 08:00:00",2.09405851364136,"Normal",FALSE,2.34504
"2010-10-23 09:00:00",1.5582731962204,"Normal",FALSE,2.34504
"2010-10-23 10:00:00",1.3286155462265,"Normal",FALSE,2.34504
"2010-10-23 11:00:00",0.797671735286713,"Normal",FALSE,2.34504
"2010-10-23 12:00:00",1.34180700778961,"Normal",FALSE,2.34504
"2010-10-23 13:00:00",1.70787966251373,"Normal",FALSE,2.34504
"2010-10-23 14:00:00",1.6790611743927,"Normal",FALSE,2.34504
"2010-10-23 15:00:00",1.99724292755127,"Normal",FALSE,2.34504
"2010-10-23 16:00:00",2.10197973251343,"Normal",FALSE,2.34504
"2010-10-23 17:00:00",2.28634214401245,"Normal",FALSE,2.34504
"2010-10-23 18:00:00",3.47486352920532,"High",TRUE,2.34504
"2010-10-23 19:00:00",2.91221380233765,"High",TRUE,2.34504
"2010-10-23 20:00:00",1.95225048065186,"Normal",FALSE,2.34504
"2010-10-23 21:00:00",1.82166361808777,"Normal",FALSE,2.34504
"2010-10-23 22:00:00",2.34387230873108,"Normal",FALSE,2.34504
"2010-10-23 23:00:00",0.819262862205505,"Normal",FALSE,2.34504
"2010-10-24 00:00:00",1.17410528659821,"Normal",FALSE,2.34504
"2010-10-24 01:00:00",1.24077248573303,"Normal",FALSE,2.34504
"2010-10-24 02:00:00",1.34660410881042,"Normal",FALSE,2.34504
"2010-10-24 03:00:00",1.73695647716522,"Normal",FALSE,2.34504
"2010-10-24 04:00:00",1.4736762046814,"Normal",FALSE,2.34504
"2010-10-24 05:00:00",0.455856055021286,"Normal",FALSE,2.34504
"2010-10-24 06:00:00",0.709901869297028,"Normal",FALSE,2.34504
"2010-10-24 07:00:00",0.631768822669983,"Normal",FALSE,2.34504
"2010-10-24 08:00:00",0.600489616394043,"Normal",FALSE,2.34504
"2010-10-24 09:00:00",0.921205401420593,"Normal",FALSE,2.34504
"2010-10-24 10:00:00",1.13359642028809,"Normal",FALSE,2.34504
"2010-10-24 11:00:00",1.62048697471619,"Normal",FALSE,2.34504
"2010-10-24 12:00:00",1.79186105728149,"Normal",FALSE,2.34504
"2010-10-24 13:00:00",2.26584935188293,"Normal",FALSE,2.34504
"2010-10-24 14:00:00",2.16866779327393,"Normal",FALSE,2.34504
"2010-10-24 15:00:00",2.04252004623413,"Normal",FALSE,2.34504
"2010-10-24 16:00:00",1.49279856681824,"Normal",FALSE,2.34504
"2010-10-24 17:00:00",1.33347809314728,"Normal",FALSE,2.34504
"2010-10-24 18:00:00",2.42384171485901,"High",TRUE,2.34504
"2010-10-24 19:00:00",2.84239029884338,"High",TRUE,2.34504
"2010-10-24 20:00:00",2.55596661567688,"High",TRUE,2.34504
"2010-10-24 21:00:00",1.88492453098297,"Normal",FALSE,2.34504
"2010-10-24 22:00:00",0.877423644065857,"Normal",FALSE,2.34504
"2010-10-24 23:00:00",1.12096273899078,"Normal",FALSE,2.34504
"2010-10-25 00:00:00",0.905826449394226,"Normal",FALSE,2.34504
"2010-10-25 01:00:00",0.462897390127182,"Normal",FALSE,2.34504
"2010-10-25 02:00:00",0.520549416542053,"Normal",FALSE,2.34504
"2010-10-25 03:00:00",0.388132721185684,"Normal",FALSE,2.34504
"2010-10-25 04:00:00",0.358477592468262,"Normal",FALSE,2.34504
"2010-10-25 05:00:00",0.403588593006134,"Normal",FALSE,2.34504
"2010-10-25 06:00:00",0.90167361497879,"Normal",FALSE,2.34504
"2010-10-25 07:00:00",1.69447267055511,"Normal",FALSE,2.34504
"2010-10-25 08:00:00",1.73154783248901,"Normal",FALSE,2.34504
"2010-10-25 09:00:00",1.71761345863342,"Normal",FALSE,2.34504
"2010-10-25 10:00:00",1.43976926803589,"Normal",FALSE,2.34504
"2010-10-25 11:00:00",1.52686774730682,"Normal",FALSE,2.34504
"2010-10-25 12:00:00",0.720900595188141,"Normal",FALSE,2.34504
"2010-10-25 13:00:00",0.512272119522095,"Normal",FALSE,2.34504
"2010-10-25 14:00:00",0.460491538047791,"Normal",FALSE,2.34504
"2010-10-25 15:00:00",0.431795001029968,"Normal",FALSE,2.34504
"2010-10-25 16:00:00",0.566300392150879,"Normal",FALSE,2.34504
"2010-10-25 17:00:00",0.781441211700439,"Normal",FALSE,2.34504
"2010-10-25 18:00:00",0.758478105068207,"Normal",FALSE,2.34504
"2010-10-25 19:00:00",1.26759445667267,"Normal",FALSE,2.34504
"2010-10-25 20:00:00",1.97397482395172,"Normal",FALSE,2.34504
"2010-10-25 21:00:00",1.65725934505463,"Normal",FALSE,2.34504
"2010-10-25 22:00:00",0.863041698932648,"Normal",FALSE,2.34504
"2010-10-25 23:00:00",0.985560894012451,"Normal",FALSE,2.34504
"2010-10-26 00:00:00",0.717621088027954,"Normal",FALSE,2.34504
"2010-10-26 01:00:00",0.55920934677124,"Normal",FALSE,2.34504
"2010-10-26 02:00:00",0.367796868085861,"Normal",FALSE,2.34504
"2010-10-26 03:00:00",0.667999267578125,"Normal",FALSE,2.34504
"2010-10-26 04:00:00",0.411229968070984,"Normal",FALSE,2.34504
"2010-10-26 05:00:00",0.512865543365479,"Normal",FALSE,2.34504
"2010-10-26 06:00:00",0.852381885051727,"Normal",FALSE,2.34504
"2010-10-26 07:00:00",0.908718407154083,"Normal",FALSE,2.34504
"2010-10-26 08:00:00",1.65548503398895,"Normal",FALSE,2.34504
"2010-10-26 09:00:00",1.12815511226654,"Normal",FALSE,2.34504
"2010-10-26 10:00:00",1.17710363864899,"Normal",FALSE,2.34504
"2010-10-26 11:00:00",1.06906974315643,"Normal",FALSE,2.34504
"2010-10-26 12:00:00",2.35993385314941,"High",TRUE,2.34504
"2010-10-26 13:00:00",0.851115465164185,"Normal",FALSE,2.34504
"2010-10-26 14:00:00",0.58910608291626,"Normal",FALSE,2.34504
"2010-10-26 15:00:00",0.402160972356796,"Normal",FALSE,2.34504
"2010-10-26 16:00:00",0.437958538532257,"Normal",FALSE,2.34504
"2010-10-26 17:00:00",0.601511359214783,"Normal",FALSE,2.34504
"2010-10-26 18:00:00",1.29475545883179,"Normal",FALSE,2.34504
"2010-10-26 19:00:00",0.88359934091568,"Normal",FALSE,2.34504
"2010-10-26 20:00:00",0.804330825805664,"Normal",FALSE,2.34504
"2010-10-26 21:00:00",1.58498787879944,"Normal",FALSE,2.34504
"2010-10-26 22:00:00",0.796760320663452,"Normal",FALSE,2.34504
"2010-10-26 23:00:00",0.967085003852844,"Normal",FALSE,2.34504
"2010-10-27 00:00:00",0.671458303928375,"Normal",FALSE,2.34504
"2010-10-27 01:00:00",0.532689094543457,"Normal",FALSE,2.34504
"2010-10-27 02:00:00",0.748288869857788,"Normal",FALSE,2.34504
"2010-10-27 03:00:00",0.734447538852692,"Normal",FALSE,2.34504
"2010-10-27 04:00:00",0.441021353006363,"Normal",FALSE,2.34504
"2010-10-27 05:00:00",0.368203043937683,"Normal",FALSE,2.34504
"2010-10-27 06:00:00",0.600488305091858,"Normal",FALSE,2.34504
"2010-10-27 07:00:00",0.89702832698822,"Normal",FALSE,2.34504
"2010-10-27 08:00:00",1.715860247612,"Normal",FALSE,2.34504
"2010-10-27 09:00:00",1.69051933288574,"Normal",FALSE,2.34504
"2010-10-27 10:00:00",1.512531042099,"Normal",FALSE,2.34504
"2010-10-27 11:00:00",1.69396567344666,"Normal",FALSE,2.34504
"2010-10-27 12:00:00",1.94402933120728,"Normal",FALSE,2.34504
"2010-10-27 13:00:00",0.486556172370911,"Normal",FALSE,2.34504
"2010-10-27 14:00:00",0.751753270626068,"Normal",FALSE,2.34504
"2010-10-27 15:00:00",0.71331262588501,"Normal",FALSE,2.34504
"2010-10-27 16:00:00",0.600212037563324,"Normal",FALSE,2.34504
"2010-10-27 17:00:00",0.837119817733765,"Normal",FALSE,2.34504
"2010-10-27 18:00:00",0.94826352596283,"Normal",FALSE,2.34504
"2010-10-27 19:00:00",1.43130004405975,"Normal",FALSE,2.34504
"2010-10-27 20:00:00",1.51589226722717,"Normal",FALSE,2.34504
"2010-10-27 21:00:00",1.37762689590454,"Normal",FALSE,2.34504
"2010-10-27 22:00:00",0.883032977581024,"Normal",FALSE,2.34504
"2010-10-27 23:00:00",0.747833669185638,"Normal",FALSE,2.34504
"2010-10-28 00:00:00",0.450314164161682,"Normal",FALSE,2.34504
"2010-10-28 01:00:00",0.997831702232361,"Normal",FALSE,2.34504
"2010-10-28 02:00:00",0.518653512001038,"Normal",FALSE,2.34504
"2010-10-28 03:00:00",0.416267782449722,"Normal",FALSE,2.34504
"2010-10-28 04:00:00",0.394215703010559,"Normal",FALSE,2.34504
"2010-10-28 05:00:00",0.571819722652435,"Normal",FALSE,2.34504
"2010-10-28 06:00:00",0.734111845493317,"Normal",FALSE,2.34504
"2010-10-28 07:00:00",1.01512944698334,"Normal",FALSE,2.34504
"2010-10-28 08:00:00",1.31118822097778,"Normal",FALSE,2.34504
"2010-10-28 09:00:00",1.00202083587646,"Normal",FALSE,2.34504
"2010-10-28 10:00:00",1.65094029903412,"Normal",FALSE,2.34504
"2010-10-28 11:00:00",1.23867499828339,"Normal",FALSE,2.34504
"2010-10-28 12:00:00",0.493634462356567,"Normal",FALSE,2.34504
"2010-10-28 13:00:00",0.59671413898468,"Normal",FALSE,2.34504
"2010-10-28 14:00:00",0.61435455083847,"Normal",FALSE,2.34504
"2010-10-28 15:00:00",1.19282686710358,"Normal",FALSE,2.34504
"2010-10-28 16:00:00",1.83004081249237,"Normal",FALSE,2.34504
"2010-10-28 17:00:00",1.81975257396698,"Normal",FALSE,2.34504
"2010-10-28 18:00:00",1.92180216312408,"Normal",FALSE,2.34504
"2010-10-28 19:00:00",1.41333067417145,"Normal",FALSE,2.34504
"2010-10-28 20:00:00",2.3079514503479,"Normal",FALSE,2.34504
"2010-10-28 21:00:00",0.702928960323334,"Normal",FALSE,2.34504
"2010-10-28 22:00:00",0.534614205360413,"Normal",FALSE,2.34504
"2010-10-28 23:00:00",0.732003629207611,"Normal",FALSE,2.34504
"2010-10-29 00:00:00",0.576996207237244,"Normal",FALSE,2.34504
"2010-10-29 01:00:00",0.568305492401123,"Normal",FALSE,2.34504
"2010-10-29 02:00:00",0.54716944694519,"Normal",FALSE,2.34504
"2010-10-29 03:00:00",0.549390077590942,"Normal",FALSE,2.34504
"2010-10-29 04:00:00",0.391572177410126,"Normal",FALSE,2.34504
"2010-10-29 05:00:00",0.427522569894791,"Normal",FALSE,2.34504
"2010-10-29 06:00:00",0.882053136825562,"Normal",FALSE,2.34504
"2010-10-29 07:00:00",1.33319461345673,"Normal",FALSE,2.34504
"2010-10-29 08:00:00",0.696573972702026,"Normal",FALSE,2.34504
"2010-10-29 09:00:00",0.863425076007843,"Normal",FALSE,2.34504
"2010-10-29 10:00:00",1.50022971630096,"Normal",FALSE,2.34504
"2010-10-29 11:00:00",0.912382662296295,"Normal",FALSE,2.34504
"2010-10-29 12:00:00",0.898642122745514,"Normal",FALSE,2.34504
"2010-10-29 13:00:00",0.988770186901093,"Normal",FALSE,2.34504
"2010-10-29 14:00:00",1.06534814834595,"Normal",FALSE,2.34504
"2010-10-29 15:00:00",0.775162577629089,"Normal",FALSE,2.34504
"2010-10-29 16:00:00",1.20644545555115,"Normal",FALSE,2.34504
"2010-10-29 17:00:00",0.654467642307281,"Normal",FALSE,2.34504
"2010-10-29 18:00:00",0.898025989532471,"Normal",FALSE,2.34504
"2010-10-29 19:00:00",1.54544544219971,"Normal",FALSE,2.34504
"2010-10-29 20:00:00",1.40976464748383,"Normal",FALSE,2.34504
"2010-10-29 21:00:00",1.39237856864929,"Normal",FALSE,2.34504
"2010-10-29 22:00:00",1.42239189147949,"Normal",FALSE,2.34504
"2010-10-29 23:00:00",0.500017940998077,"Normal",FALSE,2.34504
"2010-10-30 00:00:00",0.954025864601135,"Normal",FALSE,2.34504
"2010-10-30 01:00:00",1.2057284116745,"Normal",FALSE,2.34504
"2010-10-30 02:00:00",0.785747647285461,"Normal",FALSE,2.34504
"2010-10-30 03:00:00",0.504195392131805,"Normal",FALSE,2.34504
"2010-10-30 04:00:00",0.540223240852356,"Normal",FALSE,2.34504
"2010-10-30 05:00:00",0.385852932929993,"Normal",FALSE,2.34504
"2010-10-30 06:00:00",0.467876195907593,"Normal",FALSE,2.34504
"2010-10-30 07:00:00",0.577010810375214,"Normal",FALSE,2.34504
"2010-10-30 08:00:00",1.25231719017029,"Normal",FALSE,2.34504
"2010-10-30 09:00:00",1.12866866588593,"Normal",FALSE,2.34504
"2010-10-30 10:00:00",0.76099818944931,"Normal",FALSE,2.34504
"2010-10-30 11:00:00",0.963523387908936,"Normal",FALSE,2.34504
"2010-10-30 12:00:00",2.39709663391113,"High",TRUE,2.34504
"2010-10-30 13:00:00",1.03204369544983,"Normal",FALSE,2.34504
"2010-10-30 14:00:00",1.29115676879883,"Normal",FALSE,2.34504
"2010-10-30 15:00:00",1.78184986114502,"Normal",FALSE,2.34504
"2010-10-30 16:00:00",1.65374362468719,"Normal",FALSE,2.34504
"2010-10-30 17:00:00",1.88290739059448,"Normal",FALSE,2.34504
"2010-10-30 18:00:00",1.84515464305878,"Normal",FALSE,2.34504
"2010-10-30 19:00:00",2.52912950515747,"High",TRUE,2.34504
"2010-10-30 20:00:00",2.38932418823242,"High",TRUE,2.34504
"2010-10-30 21:00:00",2.19809222221375,"Normal",FALSE,2.34504
"2010-10-30 22:00:00",2.10168266296387,"Normal",FALSE,2.34504
"2010-10-30 23:00:00",2.01135849952698,"Normal",FALSE,2.34504
"2010-10-31 00:00:00",1.76116788387299,"Normal",FALSE,2.34504
"2010-10-31 01:00:00",1.38183116912842,"Normal",FALSE,2.34504
"2010-10-31 02:00:00",1.58434689044952,"Normal",FALSE,2.34504
"2010-10-31 03:00:00",1.56417191028595,"Normal",FALSE,2.34504
"2010-10-31 04:00:00",1.62443506717682,"Normal",FALSE,2.34504
"2010-10-31 05:00:00",1.54071474075317,"Normal",FALSE,2.34504
"2010-10-31 06:00:00",2.10499143600464,"Normal",FALSE,2.34504
"2010-10-31 07:00:00",1.63517332077026,"Normal",FALSE,2.34504
"2010-10-31 08:00:00",0.677334845066071,"Normal",FALSE,2.34504
"2010-10-31 09:00:00",0.594526171684265,"Normal",FALSE,2.34504
"2010-10-31 10:00:00",0.825614750385284,"Normal",FALSE,2.34504
"2010-10-31 11:00:00",1.10004329681396,"Normal",FALSE,2.34504
"2010-10-31 12:00:00",0.736409783363342,"Normal",FALSE,2.34504
"2010-10-31 13:00:00",0.880757868289948,"Normal",FALSE,2.34504
"2010-10-31 14:00:00",1.54797220230103,"Normal",FALSE,2.34504
"2010-10-31 15:00:00",1.64202392101288,"Normal",FALSE,2.34504
"2010-10-31 16:00:00",1.00888073444366,"Normal",FALSE,2.34504
"2010-10-31 17:00:00",0.96461683511734,"Normal",FALSE,2.34504
"2010-10-31 18:00:00",1.25507402420044,"Normal",FALSE,2.34504
"2010-10-31 19:00:00",0.701387166976929,"Normal",FALSE,2.34504
"2010-10-31 20:00:00",0.674133777618408,"Normal",FALSE,2.34504
"2010-10-31 21:00:00",0.850747644901276,"Normal",FALSE,2.34504
"2010-10-31 22:00:00",1.48835062980652,"Normal",FALSE,2.34504
"2010-10-31 23:00:00",0.972244262695312,"Normal",FALSE,2.34504
"2010-11-01 00:00:00",1.09180557727814,"Normal",FALSE,2.34504
"2010-11-01 01:00:00",0.753665566444397,"Normal",FALSE,2.34504
"2010-11-01 02:00:00",1.29761004447937,"Normal",FALSE,2.34504
"2010-11-01 03:00:00",0.97822779417038,"Normal",FALSE,2.34504
"2010-11-01 04:00:00",0.838889896869659,"Normal",FALSE,2.34504
"2010-11-01 05:00:00",0.396165579557419,"Normal",FALSE,2.34504
"2010-11-01 06:00:00",0.629269063472748,"Normal",FALSE,2.34504
"2010-11-01 07:00:00",0.972651183605194,"Normal",FALSE,2.34504
"2010-11-01 08:00:00",0.755219638347626,"Normal",FALSE,2.34504
"2010-11-01 09:00:00",0.512579262256622,"Normal",FALSE,2.34504
"2010-11-01 10:00:00",1.05267763137817,"Normal",FALSE,2.34504
"2010-11-01 11:00:00",0.95629096031189,"Normal",FALSE,2.34504
"2010-11-01 12:00:00",0.652833759784698,"Normal",FALSE,2.34504
"2010-11-01 13:00:00",0.954860627651215,"Normal",FALSE,2.34504
"2010-11-01 14:00:00",1.70234632492065,"Normal",FALSE,2.34504
"2010-11-01 15:00:00",1.21869921684265,"Normal",FALSE,2.34504
"2010-11-01 16:00:00",1.28215527534485,"Normal",FALSE,2.34504
"2010-11-01 17:00:00",1.52480924129486,"Normal",FALSE,2.34504
"2010-11-01 18:00:00",1.41663324832916,"Normal",FALSE,2.34504
"2010-11-01 19:00:00",0.86256355047226,"Normal",FALSE,2.34504
"2010-11-01 20:00:00",0.408173143863678,"Normal",FALSE,2.34504
"2010-11-01 21:00:00",0.914702415466309,"Normal",FALSE,2.34504
"2010-11-01 22:00:00",1.19849324226379,"Normal",FALSE,2.34504
"2010-11-01 23:00:00",0.911249399185181,"Normal",FALSE,2.34504
"2010-11-02 00:00:00",0.972177088260651,"Normal",FALSE,2.34504
"2010-11-02 01:00:00",0.97291773557663,"Normal",FALSE,2.34504
"2010-11-02 02:00:00",0.896109879016876,"Normal",FALSE,2.34504
"2010-11-02 03:00:00",0.45129206776619,"Normal",FALSE,2.34504
"2010-11-02 04:00:00",0.450219541788101,"Normal",FALSE,2.34504
"2010-11-02 05:00:00",1.41126954555511,"Normal",FALSE,2.34504
"2010-11-02 06:00:00",0.627106249332428,"Normal",FALSE,2.34504
"2010-11-02 07:00:00",0.714529931545258,"Normal",FALSE,2.34504
"2010-11-02 08:00:00",0.858030319213867,"Normal",FALSE,2.34504
"2010-11-02 09:00:00",0.948398411273956,"Normal",FALSE,2.34504
"2010-11-02 10:00:00",1.29583752155304,"Normal",FALSE,2.34504
"2010-11-02 11:00:00",1.35105192661285,"Normal",FALSE,2.34504
"2010-11-02 12:00:00",0.841312110424042,"Normal",FALSE,2.34504
"2010-11-02 13:00:00",0.566093146800995,"Normal",FALSE,2.34504
"2010-11-02 14:00:00",0.540221154689789,"Normal",FALSE,2.34504
"2010-11-02 15:00:00",0.483544379472733,"Normal",FALSE,2.34504
"2010-11-02 16:00:00",0.617585003376007,"Normal",FALSE,2.34504
"2010-11-02 17:00:00",0.715444147586823,"Normal",FALSE,2.34504
"2010-11-02 18:00:00",0.669095158576965,"Normal",FALSE,2.34504
"2010-11-02 19:00:00",1.3195424079895,"Normal",FALSE,2.34504
"2010-11-02 20:00:00",1.27748644351959,"Normal",FALSE,2.34504
"2010-11-02 21:00:00",1.29818832874298,"Normal",FALSE,2.34504
"2010-11-02 22:00:00",1.07257521152496,"Normal",FALSE,2.34504
"2010-11-02 23:00:00",0.954802632331848,"Normal",FALSE,2.34504
"2010-11-03 00:00:00",1.20069181919098,"Normal",FALSE,2.34504
"2010-11-03 01:00:00",0.533808588981628,"Normal",FALSE,2.34504
"2010-11-03 02:00:00",0.571639597415924,"Normal",FALSE,2.34504
"2010-11-03 03:00:00",0.664174735546112,"Normal",FALSE,2.34504
"2010-11-03 04:00:00",0.449359744787216,"Normal",FALSE,2.34504
"2010-11-03 05:00:00",0.440419316291809,"Normal",FALSE,2.34504
"2010-11-03 06:00:00",0.767973899841309,"Normal",FALSE,2.34504
"2010-11-03 07:00:00",1.17309749126434,"Normal",FALSE,2.34504
"2010-11-03 08:00:00",1.1729542016983,"Normal",FALSE,2.34504
"2010-11-03 09:00:00",1.69545102119446,"Normal",FALSE,2.34504
"2010-11-03 10:00:00",1.70001792907715,"Normal",FALSE,2.34504
"2010-11-03 11:00:00",0.956701517105103,"Normal",FALSE,2.34504
"2010-11-03 12:00:00",0.539755165576935,"Normal",FALSE,2.34504
"2010-11-03 13:00:00",0.50021630525589,"Normal",FALSE,2.34504
"2010-11-03 14:00:00",0.656139731407166,"Normal",FALSE,2.34504
"2010-11-03 15:00:00",0.438057124614716,"Normal",FALSE,2.34504
"2010-11-03 16:00:00",0.563552498817444,"Normal",FALSE,2.34504
"2010-11-03 17:00:00",0.680492043495178,"Normal",FALSE,2.34504
"2010-11-03 18:00:00",0.965718448162079,"Normal",FALSE,2.34504
"2010-11-03 19:00:00",1.08415842056274,"Normal",FALSE,2.34504
"2010-11-03 20:00:00",1.30116295814514,"Normal",FALSE,2.34504
"2010-11-03 21:00:00",1.61777544021606,"Normal",FALSE,2.34504
"2010-11-03 22:00:00",1.6027512550354,"Normal",FALSE,2.34504
"2010-11-03 23:00:00",0.548873126506805,"Normal",FALSE,2.34504
"2010-11-04 00:00:00",0.400530427694321,"Normal",FALSE,2.34504
"2010-11-04 01:00:00",0.536075234413147,"Normal",FALSE,2.34504
"2010-11-04 02:00:00",0.431870967149734,"Normal",FALSE,2.34504
"2010-11-04 03:00:00",0.570248544216156,"Normal",FALSE,2.34504
"2010-11-04 04:00:00",0.424496054649353,"Normal",FALSE,2.34504
"2010-11-04 05:00:00",0.559537172317505,"Normal",FALSE,2.34504
"2010-11-04 06:00:00",0.705968737602234,"Normal",FALSE,2.34504
"2010-11-04 07:00:00",1.15687799453735,"Normal",FALSE,2.34504
"2010-11-04 08:00:00",1.78815007209778,"Normal",FALSE,2.34504
"2010-11-04 09:00:00",2.80859065055847,"High",TRUE,2.34504
"2010-11-04 10:00:00",1.88235700130463,"Normal",FALSE,2.34504
"2010-11-04 11:00:00",2.69703245162964,"High",TRUE,2.34504
"2010-11-04 12:00:00",2.45836091041565,"High",TRUE,2.34504
"2010-11-04 13:00:00",1.97940146923065,"Normal",FALSE,2.34504
"2010-11-04 14:00:00",1.77161777019501,"Normal",FALSE,2.34504
"2010-11-04 15:00:00",1.22697579860687,"Normal",FALSE,2.34504
"2010-11-04 16:00:00",0.909748375415802,"Normal",FALSE,2.34504
"2010-11-04 17:00:00",0.920003175735474,"Normal",FALSE,2.34504
"2010-11-04 18:00:00",0.964514255523682,"Normal",FALSE,2.34504
"2010-11-04 19:00:00",1.95268750190735,"Normal",FALSE,2.34504
"2010-11-04 20:00:00",3.09384179115295,"High",TRUE,2.34504
"2010-11-04 21:00:00",2.83747124671936,"High",TRUE,2.34504
"2010-11-04 22:00:00",1.62628722190857,"Normal",FALSE,2.34504
"2010-11-04 23:00:00",1.08899533748627,"Normal",FALSE,2.34504
"2010-11-05 00:00:00",0.4535071849823,"Normal",FALSE,2.34504
"2010-11-05 01:00:00",0.477920919656754,"Normal",FALSE,2.34504
"2010-11-05 02:00:00",0.376658856868744,"Normal",FALSE,2.34504
"2010-11-05 03:00:00",0.417982250452042,"Normal",FALSE,2.34504
"2010-11-05 04:00:00",0.561604857444763,"Normal",FALSE,2.34504
"2010-11-05 05:00:00",0.634996891021729,"Normal",FALSE,2.34504
"2010-11-05 06:00:00",0.898517072200775,"Normal",FALSE,2.34504
"2010-11-05 07:00:00",1.45266711711884,"Normal",FALSE,2.34504
"2010-11-05 08:00:00",2.06954526901245,"Normal",FALSE,2.34504
"2010-11-05 09:00:00",1.62034606933594,"Normal",FALSE,2.34504
"2010-11-05 10:00:00",1.50842583179474,"Normal",FALSE,2.34504
"2010-11-05 11:00:00",1.36168992519379,"Normal",FALSE,2.34504
"2010-11-05 12:00:00",1.32698786258698,"Normal",FALSE,2.34504
"2010-11-05 13:00:00",1.53639101982117,"Normal",FALSE,2.34504
"2010-11-05 14:00:00",1.46034967899323,"Normal",FALSE,2.34504
"2010-11-05 15:00:00",1.32743716239929,"Normal",FALSE,2.34504
"2010-11-05 16:00:00",1.30996239185333,"Normal",FALSE,2.34504
"2010-11-05 17:00:00",0.854561984539032,"Normal",FALSE,2.34504
"2010-11-05 18:00:00",1.09613263607025,"Normal",FALSE,2.34504
"2010-11-05 19:00:00",1.68765020370483,"Normal",FALSE,2.34504
"2010-11-05 20:00:00",1.9715428352356,"Normal",FALSE,2.34504
"2010-11-05 21:00:00",2.16324806213379,"Normal",FALSE,2.34504
"2010-11-05 22:00:00",1.37810218334198,"Normal",FALSE,2.34504
"2010-11-05 23:00:00",0.714487612247467,"Normal",FALSE,2.34504
"2010-11-06 00:00:00",0.378833115100861,"Normal",FALSE,2.34504
"2010-11-06 01:00:00",0.415737897157669,"Normal",FALSE,2.34504
"2010-11-06 02:00:00",0.640371859073639,"Normal",FALSE,2.34504
"2010-11-06 03:00:00",0.430614680051804,"Normal",FALSE,2.34504
"2010-11-06 04:00:00",0.396082520484924,"Normal",FALSE,2.34504
"2010-11-06 05:00:00",0.42883238196373,"Normal",FALSE,2.34504
"2010-11-06 06:00:00",0.780408501625061,"Normal",FALSE,2.34504
"2010-11-06 07:00:00",1.23460626602173,"Normal",FALSE,2.34504
"2010-11-06 08:00:00",1.90779542922974,"Normal",FALSE,2.34504
"2010-11-06 09:00:00",1.81449139118195,"Normal",FALSE,2.34504
"2010-11-06 10:00:00",1.48819482326508,"Normal",FALSE,2.34504
"2010-11-06 11:00:00",1.32022440433502,"Normal",FALSE,2.34504
"2010-11-06 12:00:00",2.14972686767578,"Normal",FALSE,2.34504
"2010-11-06 13:00:00",1.90140926837921,"Normal",FALSE,2.34504
"2010-11-06 14:00:00",1.32163047790527,"Normal",FALSE,2.34504
"2010-11-06 15:00:00",0.66596508026123,"Normal",FALSE,2.34504
"2010-11-06 16:00:00",1.72166001796722,"Normal",FALSE,2.34504
"2010-11-06 17:00:00",1.7429279088974,"Normal",FALSE,2.34504
"2010-11-06 18:00:00",1.98108124732971,"Normal",FALSE,2.34504
"2010-11-06 19:00:00",2.56236433982849,"High",TRUE,2.34504
"2010-11-06 20:00:00",2.15050411224365,"Normal",FALSE,2.34504
"2010-11-06 21:00:00",1.66187858581543,"Normal",FALSE,2.34504
"2010-11-06 22:00:00",1.11920893192291,"Normal",FALSE,2.34504
"2010-11-06 23:00:00",0.768277704715729,"Normal",FALSE,2.34504
"2010-11-07 00:00:00",0.516761779785156,"Normal",FALSE,2.34504
"2010-11-07 01:00:00",0.537914931774139,"Normal",FALSE,2.34504
"2010-11-07 02:00:00",0.418954581022263,"Normal",FALSE,2.34504
"2010-11-07 03:00:00",0.455153942108154,"Normal",FALSE,2.34504
"2010-11-07 04:00:00",0.526485025882721,"Normal",FALSE,2.34504
"2010-11-07 05:00:00",0.764425694942474,"Normal",FALSE,2.34504
"2010-11-07 06:00:00",0.680291891098022,"Normal",FALSE,2.34504
"2010-11-07 07:00:00",0.971328794956207,"Normal",FALSE,2.34504
"2010-11-07 08:00:00",1.41704905033112,"Normal",FALSE,2.34504
"2010-11-07 09:00:00",1.1793417930603,"Normal",FALSE,2.34504
"2010-11-07 10:00:00",1.60136139392853,"Normal",FALSE,2.34504
"2010-11-07 11:00:00",1.84651005268097,"Normal",FALSE,2.34504
"2010-11-07 12:00:00",1.9194837808609,"Normal",FALSE,2.34504
"2010-11-07 13:00:00",1.87424325942993,"Normal",FALSE,2.34504
"2010-11-07 14:00:00",1.19188213348389,"Normal",FALSE,2.34504
"2010-11-07 15:00:00",1.442498087883,"Normal",FALSE,2.34504
"2010-11-07 16:00:00",1.67222142219543,"Normal",FALSE,2.34504
"2010-11-07 17:00:00",1.31652247905731,"Normal",FALSE,2.34504
"2010-11-07 18:00:00",1.51987993717194,"Normal",FALSE,2.34504
"2010-11-07 19:00:00",2.29753232002258,"Normal",FALSE,2.34504
"2010-11-07 20:00:00",2.11116361618042,"Normal",FALSE,2.34504
"2010-11-07 21:00:00",1.90773487091064,"Normal",FALSE,2.34504
"2010-11-07 22:00:00",1.40955746173859,"Normal",FALSE,2.34504
"2010-11-07 23:00:00",0.683445513248444,"Normal",FALSE,2.34504
"2010-11-08 00:00:00",0.359194755554199,"Normal",FALSE,2.34504
"2010-11-08 01:00:00",0.352126747369766,"Normal",FALSE,2.34504
"2010-11-08 02:00:00",0.505556285381317,"Normal",FALSE,2.34504
"2010-11-08 03:00:00",0.465740889310837,"Normal",FALSE,2.34504
"2010-11-08 04:00:00",0.498014628887177,"Normal",FALSE,2.34504
"2010-11-08 05:00:00",0.424092799425125,"Normal",FALSE,2.34504
"2010-11-08 06:00:00",0.867280066013336,"Normal",FALSE,2.34504
"2010-11-08 07:00:00",1.50411033630371,"Normal",FALSE,2.34504
"2010-11-08 08:00:00",1.80328512191772,"Normal",FALSE,2.34504
"2010-11-08 09:00:00",1.62135076522827,"Normal",FALSE,2.34504
"2010-11-08 10:00:00",1.3964159488678,"Normal",FALSE,2.34504
"2010-11-08 11:00:00",1.25125515460968,"Normal",FALSE,2.34504
"2010-11-08 12:00:00",1.23558366298676,"Normal",FALSE,2.34504
"2010-11-08 13:00:00",1.48835980892181,"Normal",FALSE,2.34504
"2010-11-08 14:00:00",1.74190032482147,"Normal",FALSE,2.34504
"2010-11-08 15:00:00",1.10653114318848,"Normal",FALSE,2.34504
"2010-11-08 16:00:00",0.831357598304749,"Normal",FALSE,2.34504
"2010-11-08 17:00:00",0.713712751865387,"Normal",FALSE,2.34504
"2010-11-08 18:00:00",1.13710606098175,"Normal",FALSE,2.34504
"2010-11-08 19:00:00",2.01037955284119,"Normal",FALSE,2.34504
"2010-11-08 20:00:00",2.23398804664612,"Normal",FALSE,2.34504
"2010-11-08 21:00:00",2.18335747718811,"Normal",FALSE,2.34504
"2010-11-08 22:00:00",1.48303067684174,"Normal",FALSE,2.34504
"2010-11-08 23:00:00",0.891447901725769,"Normal",FALSE,2.34504
"2010-11-09 00:00:00",0.421455979347229,"Normal",FALSE,2.34504
"2010-11-09 01:00:00",0.372999638319016,"Normal",FALSE,2.34504
"2010-11-09 02:00:00",0.413913547992706,"Normal",FALSE,2.34504
"2010-11-09 03:00:00",0.382162749767303,"Normal",FALSE,2.34504
"2010-11-09 04:00:00",0.420916795730591,"Normal",FALSE,2.34504
"2010-11-09 05:00:00",0.513129889965057,"Normal",FALSE,2.34504
"2010-11-09 06:00:00",0.971095621585846,"Normal",FALSE,2.34504
"2010-11-09 07:00:00",2.35916566848755,"High",TRUE,2.34504
"2010-11-09 08:00:00",1.71748876571655,"Normal",FALSE,2.34504
"2010-11-09 09:00:00",1.6542774438858,"Normal",FALSE,2.34504
"2010-11-09 10:00:00",1.65759253501892,"Normal",FALSE,2.34504
"2010-11-09 11:00:00",1.02418375015259,"Normal",FALSE,2.34504
"2010-11-09 12:00:00",1.48601233959198,"Normal",FALSE,2.34504
"2010-11-09 13:00:00",1.25335144996643,"Normal",FALSE,2.34504
"2010-11-09 14:00:00",0.600909113883972,"Normal",FALSE,2.34504
"2010-11-09 15:00:00",0.637327134609222,"Normal",FALSE,2.34504
"2010-11-09 16:00:00",0.64112001657486,"Normal",FALSE,2.34504
"2010-11-09 17:00:00",0.873423337936401,"Normal",FALSE,2.34504
"2010-11-09 18:00:00",2.2841591835022,"Normal",FALSE,2.34504
"2010-11-09 19:00:00",2.47557950019836,"High",TRUE,2.34504
"2010-11-09 20:00:00",2.24901103973389,"Normal",FALSE,2.34504
"2010-11-09 21:00:00",2.49988651275635,"High",TRUE,2.34504
"2010-11-09 22:00:00",1.5233519077301,"Normal",FALSE,2.34504
"2010-11-09 23:00:00",1.24697458744049,"Normal",FALSE,2.34504
"2010-11-10 00:00:00",0.568903267383575,"Normal",FALSE,2.34504
"2010-11-10 01:00:00",0.4322789311409,"Normal",FALSE,2.34504
"2010-11-10 02:00:00",0.381328493356705,"Normal",FALSE,2.34504
"2010-11-10 03:00:00",0.393828421831131,"Normal",FALSE,2.34504
"2010-11-10 04:00:00",0.377493977546692,"Normal",FALSE,2.34504
"2010-11-10 05:00:00",0.386818170547485,"Normal",FALSE,2.34504
"2010-11-10 06:00:00",0.901920676231384,"Normal",FALSE,2.34504
"2010-11-10 07:00:00",1.63007211685181,"Normal",FALSE,2.34504
"2010-11-10 08:00:00",2.03205156326294,"Normal",FALSE,2.34504
"2010-11-10 09:00:00",1.88684105873108,"Normal",FALSE,2.34504
"2010-11-10 10:00:00",1.60779893398285,"Normal",FALSE,2.34504
"2010-11-10 11:00:00",2.35224080085754,"High",TRUE,2.34504
"2010-11-10 12:00:00",2.41194415092468,"High",TRUE,2.34504
"2010-11-10 13:00:00",1.39649474620819,"Normal",FALSE,2.34504
"2010-11-10 14:00:00",2.24459671974182,"Normal",FALSE,2.34504
"2010-11-10 15:00:00",1.7932516336441,"Normal",FALSE,2.34504
"2010-11-10 16:00:00",1.54512524604797,"Normal",FALSE,2.34504
"2010-11-10 17:00:00",1.64585971832275,"Normal",FALSE,2.34504
"2010-11-10 18:00:00",1.526043176651,"Normal",FALSE,2.34504
"2010-11-10 19:00:00",1.99339699745178,"Normal",FALSE,2.34504
"2010-11-10 20:00:00",1.35627412796021,"Normal",FALSE,2.34504
"2010-11-10 21:00:00",0.931765913963318,"Normal",FALSE,2.34504
"2010-11-10 22:00:00",0.836679339408875,"Normal",FALSE,2.34504
"2010-11-10 23:00:00",0.600682497024536,"Normal",FALSE,2.34504
"2010-11-11 00:00:00",0.550594449043274,"Normal",FALSE,2.34504
"2010-11-11 01:00:00",0.621691703796387,"Normal",FALSE,2.34504
"2010-11-11 02:00:00",0.449257254600525,"Normal",FALSE,2.34504
"2010-11-11 03:00:00",0.406641244888306,"Normal",FALSE,2.34504
"2010-11-11 04:00:00",0.43332850933075,"Normal",FALSE,2.34504
"2010-11-11 05:00:00",0.415835320949554,"Normal",FALSE,2.34504
"2010-11-11 06:00:00",0.975014328956604,"Normal",FALSE,2.34504
"2010-11-11 07:00:00",2.33925223350525,"Normal",FALSE,2.34504
"2010-11-11 08:00:00",1.63718032836914,"Normal",FALSE,2.34504
"2010-11-11 09:00:00",1.18533134460449,"Normal",FALSE,2.34504
"2010-11-11 10:00:00",1.5729478597641,"Normal",FALSE,2.34504
"2010-11-11 11:00:00",1.87821841239929,"Normal",FALSE,2.34504
"2010-11-11 12:00:00",2.27546739578247,"Normal",FALSE,2.34504
"2010-11-11 13:00:00",1.78410458564758,"Normal",FALSE,2.34504
"2010-11-11 14:00:00",1.11824071407318,"Normal",FALSE,2.34504
"2010-11-11 15:00:00",1.5573616027832,"Normal",FALSE,2.34504
"2010-11-11 16:00:00",2.14197182655334,"Normal",FALSE,2.34504
"2010-11-11 17:00:00",2.30375242233276,"Normal",FALSE,2.34504
"2010-11-11 18:00:00",2.39491987228394,"High",TRUE,2.34504
"2010-11-11 19:00:00",1.85707247257233,"Normal",FALSE,2.34504
"2010-11-11 20:00:00",2.1766996383667,"Normal",FALSE,2.34504
"2010-11-11 21:00:00",2.18095922470093,"Normal",FALSE,2.34504
"2010-11-11 22:00:00",0.846458256244659,"Normal",FALSE,2.34504
"2010-11-11 23:00:00",0.683353126049042,"Normal",FALSE,2.34504
"2010-11-12 00:00:00",0.34195476770401,"Normal",FALSE,2.34504
"2010-11-12 01:00:00",0.374032080173492,"Normal",FALSE,2.34504
"2010-11-12 02:00:00",0.326249629259109,"Normal",FALSE,2.34504
"2010-11-12 03:00:00",0.42624831199646,"Normal",FALSE,2.34504
"2010-11-12 04:00:00",0.392375648021698,"Normal",FALSE,2.34504
"2010-11-12 05:00:00",0.445403128862381,"Normal",FALSE,2.34504
"2010-11-12 06:00:00",0.952613234519958,"Normal",FALSE,2.34504
"2010-11-12 07:00:00",2.07572770118713,"Normal",FALSE,2.34504
"2010-11-12 08:00:00",1.90701472759247,"Normal",FALSE,2.34504
"2010-11-12 09:00:00",1.7928432226181,"Normal",FALSE,2.34504
"2010-11-12 10:00:00",1.36816024780273,"Normal",FALSE,2.34504
"2010-11-12 11:00:00",1.77646672725677,"Normal",FALSE,2.34504
"2010-11-12 12:00:00",1.479283452034,"Normal",FALSE,2.34504
"2010-11-12 13:00:00",1.41810381412506,"Normal",FALSE,2.34504
"2010-11-12 14:00:00",0.747237265110016,"Normal",FALSE,2.34504
"2010-11-12 15:00:00",1.16929841041565,"Normal",FALSE,2.34504
"2010-11-12 16:00:00",1.5829039812088,"Normal",FALSE,2.34504
"2010-11-12 17:00:00",1.45786774158478,"Normal",FALSE,2.34504
"2010-11-12 18:00:00",2.38656973838806,"High",TRUE,2.34504
"2010-11-12 19:00:00",2.3324875831604,"Normal",FALSE,2.34504
"2010-11-12 20:00:00",2.39416837692261,"High",TRUE,2.34504
"2010-11-12 21:00:00",1.81275689601898,"Normal",FALSE,2.34504
"2010-11-12 22:00:00",0.927904427051544,"Normal",FALSE,2.34504
"2010-11-12 23:00:00",0.3466517329216,"Normal",FALSE,2.34504
"2010-11-13 00:00:00",0.548878908157349,"Normal",FALSE,2.34504
"2010-11-13 01:00:00",0.416333585977554,"Normal",FALSE,2.34504
"2010-11-13 02:00:00",0.58062207698822,"Normal",FALSE,2.34504
"2010-11-13 03:00:00",0.362730205059052,"Normal",FALSE,2.34504
"2010-11-13 04:00:00",0.393851518630981,"Normal",FALSE,2.34504
"2010-11-13 05:00:00",0.420993238687515,"Normal",FALSE,2.34504
"2010-11-13 06:00:00",0.826653659343719,"Normal",FALSE,2.34504
"2010-11-13 07:00:00",2.00030970573425,"Normal",FALSE,2.34504
"2010-11-13 08:00:00",2.00376415252686,"Normal",FALSE,2.34504
"2010-11-13 09:00:00",1.57898032665253,"Normal",FALSE,2.34504
"2010-11-13 10:00:00",1.05497705936432,"Normal",FALSE,2.34504
"2010-11-13 11:00:00",0.9345423579216,"Normal",FALSE,2.34504
"2010-11-13 12:00:00",1.50230133533478,"Normal",FALSE,2.34504
"2010-11-13 13:00:00",1.57572758197784,"Normal",FALSE,2.34504
"2010-11-13 14:00:00",1.8856999874115,"Normal",FALSE,2.34504
"2010-11-13 15:00:00",2.08263278007507,"Normal",FALSE,2.34504
"2010-11-13 16:00:00",2.18332862854004,"Normal",FALSE,2.34504
"2010-11-13 17:00:00",3.30398774147034,"High",TRUE,2.34504
"2010-11-13 18:00:00",3.0554347038269,"High",TRUE,2.34504
"2010-11-13 19:00:00",2.05716586112976,"Normal",FALSE,2.34504
"2010-11-13 20:00:00",2.38277506828308,"High",TRUE,2.34504
"2010-11-13 21:00:00",1.64792323112488,"Normal",FALSE,2.34504
"2010-11-13 22:00:00",1.65611290931702,"Normal",FALSE,2.34504
"2010-11-13 23:00:00",1.66652870178223,"Normal",FALSE,2.34504
"2010-11-14 00:00:00",1.22394478321075,"Normal",FALSE,2.34504
"2010-11-14 01:00:00",1.28320407867432,"Normal",FALSE,2.34504
"2010-11-14 02:00:00",1.39642906188965,"Normal",FALSE,2.34504
"2010-11-14 03:00:00",0.654906153678894,"Normal",FALSE,2.34504
"2010-11-14 04:00:00",0.481850236654282,"Normal",FALSE,2.34504
"2010-11-14 05:00:00",0.332486242055893,"Normal",FALSE,2.34504
"2010-11-14 06:00:00",0.487915456295013,"Normal",FALSE,2.34504
"2010-11-14 07:00:00",0.835539221763611,"Normal",FALSE,2.34504
"2010-11-14 08:00:00",0.652701199054718,"Normal",FALSE,2.34504
"2010-11-14 09:00:00",1.08722519874573,"Normal",FALSE,2.34504
"2010-11-14 10:00:00",1.32233428955078,"Normal",FALSE,2.34504
"2010-11-14 11:00:00",1.68317496776581,"Normal",FALSE,2.34504
"2010-11-14 12:00:00",1.38988888263702,"Normal",FALSE,2.34504
"2010-11-14 13:00:00",1.4901522397995,"Normal",FALSE,2.34504
"2010-11-14 14:00:00",1.40514123439789,"Normal",FALSE,2.34504
"2010-11-14 15:00:00",1.83179414272308,"Normal",FALSE,2.34504
"2010-11-14 16:00:00",3.07800674438477,"High",TRUE,2.34504
"2010-11-14 17:00:00",3.11068415641785,"High",TRUE,2.34504
"2010-11-14 18:00:00",3.06803703308105,"High",TRUE,2.34504
"2010-11-14 19:00:00",2.8526029586792,"High",TRUE,2.34504
"2010-11-14 20:00:00",1.96660113334656,"Normal",FALSE,2.34504
"2010-11-14 21:00:00",2.63592791557312,"High",TRUE,2.34504
"2010-11-14 22:00:00",1.2918484210968,"Normal",FALSE,2.34504
"2010-11-14 23:00:00",0.573878109455109,"Normal",FALSE,2.34504
"2010-11-15 00:00:00",0.43581235408783,"Normal",FALSE,2.34504
"2010-11-15 01:00:00",0.31487238407135,"Normal",FALSE,2.34504
"2010-11-15 02:00:00",0.370057731866837,"Normal",FALSE,2.34504
"2010-11-15 03:00:00",0.413309752941132,"Normal",FALSE,2.34504
"2010-11-15 04:00:00",0.655600726604462,"Normal",FALSE,2.34504
"2010-11-15 05:00:00",0.69611120223999,"Normal",FALSE,2.34504
"2010-11-15 06:00:00",0.891030430793762,"Normal",FALSE,2.34504
"2010-11-15 07:00:00",2.15806722640991,"Normal",FALSE,2.34504
"2010-11-15 08:00:00",1.96614837646484,"Normal",FALSE,2.34504
"2010-11-15 09:00:00",1.51238322257996,"Normal",FALSE,2.34504
"2010-11-15 10:00:00",1.30694675445557,"Normal",FALSE,2.34504
"2010-11-15 11:00:00",1.23230075836182,"Normal",FALSE,2.34504
"2010-11-15 12:00:00",1.28172743320465,"Normal",FALSE,2.34504
"2010-11-15 13:00:00",2.5438244342804,"High",TRUE,2.34504
"2010-11-15 14:00:00",1.94777488708496,"Normal",FALSE,2.34504
"2010-11-15 15:00:00",0.565066456794739,"Normal",FALSE,2.34504
"2010-11-15 16:00:00",0.457262754440308,"Normal",FALSE,2.34504
"2010-11-15 17:00:00",0.922431588172913,"Normal",FALSE,2.34504
"2010-11-15 18:00:00",1.45425629615784,"Normal",FALSE,2.34504
"2010-11-15 19:00:00",2.14571642875671,"Normal",FALSE,2.34504
"2010-11-15 20:00:00",2.11923742294312,"Normal",FALSE,2.34504
"2010-11-15 21:00:00",2.43358469009399,"High",TRUE,2.34504
"2010-11-15 22:00:00",1.25233745574951,"Normal",FALSE,2.34504
"2010-11-15 23:00:00",0.587238371372223,"Normal",FALSE,2.34504
"2010-11-16 00:00:00",0.491464465856552,"Normal",FALSE,2.34504
"2010-11-16 01:00:00",0.420998245477676,"Normal",FALSE,2.34504
"2010-11-16 02:00:00",0.357297420501709,"Normal",FALSE,2.34504
"2010-11-16 03:00:00",0.421394467353821,"Normal",FALSE,2.34504
"2010-11-16 04:00:00",0.354389756917953,"Normal",FALSE,2.34504
"2010-11-16 05:00:00",0.388038665056229,"Normal",FALSE,2.34504
"2010-11-16 06:00:00",1.078040599823,"Normal",FALSE,2.34504
"2010-11-16 07:00:00",2.48992562294006,"High",TRUE,2.34504
"2010-11-16 08:00:00",1.95810329914093,"Normal",FALSE,2.34504
"2010-11-16 09:00:00",1.60100436210632,"Normal",FALSE,2.34504
"2010-11-16 10:00:00",1.44225597381592,"Normal",FALSE,2.34504
"2010-11-16 11:00:00",1.45376348495483,"Normal",FALSE,2.34504
"2010-11-16 12:00:00",0.834286868572235,"Normal",FALSE,2.34504
"2010-11-16 13:00:00",0.564968645572662,"Normal",FALSE,2.34504
"2010-11-16 14:00:00",0.491710782051086,"Normal",FALSE,2.34504
"2010-11-16 15:00:00",0.324968427419662,"Normal",FALSE,2.34504
"2010-11-16 16:00:00",0.379742324352264,"Normal",FALSE,2.34504
"2010-11-16 17:00:00",1.31366348266602,"Normal",FALSE,2.34504
"2010-11-16 18:00:00",2.31134605407715,"Normal",FALSE,2.34504
"2010-11-16 19:00:00",2.38578534126282,"High",TRUE,2.34504
"2010-11-16 20:00:00",2.16503024101257,"Normal",FALSE,2.34504
"2010-11-16 21:00:00",2.17488551139832,"Normal",FALSE,2.34504
"2010-11-16 22:00:00",1.38700711727142,"Normal",FALSE,2.34504
"2010-11-16 23:00:00",0.571239590644836,"Normal",FALSE,2.34504
"2010-11-17 00:00:00",0.5113605260849,"Normal",FALSE,2.34504
"2010-11-17 01:00:00",0.424245268106461,"Normal",FALSE,2.34504
"2010-11-17 02:00:00",0.387004405260086,"Normal",FALSE,2.34504
"2010-11-17 03:00:00",0.400876998901367,"Normal",FALSE,2.34504
"2010-11-17 04:00:00",0.408199429512024,"Normal",FALSE,2.34504
"2010-11-17 05:00:00",0.673027694225311,"Normal",FALSE,2.34504
"2010-11-17 06:00:00",1.06162583827972,"Normal",FALSE,2.34504
"2010-11-17 07:00:00",2.30033040046692,"Normal",FALSE,2.34504
"2010-11-17 08:00:00",2.07645559310913,"Normal",FALSE,2.34504
"2010-11-17 09:00:00",1.56525039672852,"Normal",FALSE,2.34504
"2010-11-17 10:00:00",1.24703919887543,"Normal",FALSE,2.34504
"2010-11-17 11:00:00",1.53668403625488,"Normal",FALSE,2.34504
"2010-11-17 12:00:00",1.33012235164642,"Normal",FALSE,2.34504
"2010-11-17 13:00:00",1.57237029075623,"Normal",FALSE,2.34504
"2010-11-17 14:00:00",0.741119265556335,"Normal",FALSE,2.34504
"2010-11-17 15:00:00",0.415579080581665,"Normal",FALSE,2.34504
"2010-11-17 16:00:00",0.863987982273102,"Normal",FALSE,2.34504
"2010-11-17 17:00:00",1.3097231388092,"Normal",FALSE,2.34504
"2010-11-17 18:00:00",1.69787955284119,"Normal",FALSE,2.34504
"2010-11-17 19:00:00",1.96782970428467,"Normal",FALSE,2.34504
"2010-11-17 20:00:00",2.33511924743652,"Normal",FALSE,2.34504
"2010-11-17 21:00:00",2.06819748878479,"Normal",FALSE,2.34504
"2010-11-17 22:00:00",1.40464317798615,"Normal",FALSE,2.34504
"2010-11-17 23:00:00",0.585865080356598,"Normal",FALSE,2.34504
"2010-11-18 00:00:00",0.461030632257462,"Normal",FALSE,2.34504
"2010-11-18 01:00:00",0.490750908851624,"Normal",FALSE,2.34504
"2010-11-18 02:00:00",0.448766022920609,"Normal",FALSE,2.34504
"2010-11-18 03:00:00",0.509432256221771,"Normal",FALSE,2.34504
"2010-11-18 04:00:00",0.483035951852798,"Normal",FALSE,2.34504
"2010-11-18 05:00:00",0.576918005943298,"Normal",FALSE,2.34504
"2010-11-18 06:00:00",1.02549660205841,"Normal",FALSE,2.34504
"2010-11-18 07:00:00",2.05124092102051,"Normal",FALSE,2.34504
"2010-11-18 08:00:00",1.92150485515594,"Normal",FALSE,2.34504
"2010-11-18 09:00:00",1.49474191665649,"Normal",FALSE,2.34504
"2010-11-18 10:00:00",1.28237581253052,"Normal",FALSE,2.34504
"2010-11-18 11:00:00",1.3022563457489,"Normal",FALSE,2.34504
"2010-11-18 12:00:00",1.2913818359375,"Normal",FALSE,2.34504
"2010-11-18 13:00:00",1.50823044776917,"Normal",FALSE,2.34504
"2010-11-18 14:00:00",0.796326518058777,"Normal",FALSE,2.34504
"2010-11-18 15:00:00",0.612068891525269,"Normal",FALSE,2.34504
"2010-11-18 16:00:00",0.468899458646774,"Normal",FALSE,2.34504
"2010-11-18 17:00:00",1.07264506816864,"Normal",FALSE,2.34504
"2010-11-18 18:00:00",1.46951186656952,"Normal",FALSE,2.34504
"2010-11-18 19:00:00",2.70513701438904,"High",TRUE,2.34504
"2010-11-18 20:00:00",2.40943074226379,"High",TRUE,2.34504
"2010-11-18 21:00:00",2.19538354873657,"Normal",FALSE,2.34504
"2010-11-18 22:00:00",1.44970571994781,"Normal",FALSE,2.34504
"2010-11-18 23:00:00",0.51943826675415,"Normal",FALSE,2.34504
"2010-11-19 00:00:00",0.434499502182007,"Normal",FALSE,2.34504
"2010-11-19 01:00:00",0.383740842342377,"Normal",FALSE,2.34504
"2010-11-19 02:00:00",0.361883789300919,"Normal",FALSE,2.34504
"2010-11-19 03:00:00",0.556305348873138,"Normal",FALSE,2.34504
"2010-11-19 04:00:00",0.379123866558075,"Normal",FALSE,2.34504
"2010-11-19 05:00:00",0.43270605802536,"Normal",FALSE,2.34504
"2010-11-19 06:00:00",0.918549239635468,"Normal",FALSE,2.34504
"2010-11-19 07:00:00",2.45244312286377,"High",TRUE,2.34504
"2010-11-19 08:00:00",2.12084078788757,"Normal",FALSE,2.34504
"2010-11-19 09:00:00",1.39929246902466,"Normal",FALSE,2.34504
"2010-11-19 10:00:00",1.36658942699432,"Normal",FALSE,2.34504
"2010-11-19 11:00:00",1.27808773517609,"Normal",FALSE,2.34504
"2010-11-19 12:00:00",1.37703359127045,"Normal",FALSE,2.34504
"2010-11-19 13:00:00",1.28309452533722,"Normal",FALSE,2.34504
"2010-11-19 14:00:00",1.35328590869904,"Normal",FALSE,2.34504
"2010-11-19 15:00:00",1.31881654262543,"Normal",FALSE,2.34504
"2010-11-19 16:00:00",1.42494118213654,"Normal",FALSE,2.34504
"2010-11-19 17:00:00",1.61704421043396,"Normal",FALSE,2.34504
"2010-11-19 18:00:00",1.3873678445816,"Normal",FALSE,2.34504
"2010-11-19 19:00:00",1.82656347751617,"Normal",FALSE,2.34504
"2010-11-19 20:00:00",1.86880326271057,"Normal",FALSE,2.34504
"2010-11-19 21:00:00",1.72975754737854,"Normal",FALSE,2.34504
"2010-11-19 22:00:00",1.38486361503601,"Normal",FALSE,2.34504
"2010-11-19 23:00:00",0.520681738853455,"Normal",FALSE,2.34504
"2010-11-20 00:00:00",0.417457550764084,"Normal",FALSE,2.34504
"2010-11-20 01:00:00",0.370088428258896,"Normal",FALSE,2.34504
"2010-11-20 02:00:00",0.346790909767151,"Normal",FALSE,2.34504
"2010-11-20 03:00:00",0.421620488166809,"Normal",FALSE,2.34504
"2010-11-20 04:00:00",0.528984546661377,"Normal",FALSE,2.34504
"2010-11-20 05:00:00",0.555276036262512,"Normal",FALSE,2.34504
"2010-11-20 06:00:00",0.709531724452972,"Normal",FALSE,2.34504
"2010-11-20 07:00:00",2.04239201545715,"Normal",FALSE,2.34504
"2010-11-20 08:00:00",1.92473757266998,"Normal",FALSE,2.34504
"2010-11-20 09:00:00",1.69376957416534,"Normal",FALSE,2.34504
"2010-11-20 10:00:00",1.91565799713135,"Normal",FALSE,2.34504
"2010-11-20 11:00:00",1.36824977397919,"Normal",FALSE,2.34504
"2010-11-20 12:00:00",2.19332480430603,"Normal",FALSE,2.34504
"2010-11-20 13:00:00",1.2316826581955,"Normal",FALSE,2.34504
"2010-11-20 14:00:00",1.36664807796478,"Normal",FALSE,2.34504
"2010-11-20 15:00:00",1.27808964252472,"Normal",FALSE,2.34504
"2010-11-20 16:00:00",1.33910191059113,"Normal",FALSE,2.34504
"2010-11-20 17:00:00",1.88708162307739,"Normal",FALSE,2.34504
"2010-11-20 18:00:00",2.38996005058289,"High",TRUE,2.34504
"2010-11-20 19:00:00",3.85324716567993,"High",TRUE,2.34504
"2010-11-20 20:00:00",3.16275191307068,"High",TRUE,2.34504
"2010-11-20 21:00:00",2.35434985160828,"High",TRUE,2.34504
"2010-11-20 22:00:00",1.54829788208008,"Normal",FALSE,2.34504
"2010-11-20 23:00:00",0.872585475444794,"Normal",FALSE,2.34504
"2010-11-21 00:00:00",0.486239373683929,"Normal",FALSE,2.34504
"2010-11-21 01:00:00",0.459959417581558,"Normal",FALSE,2.34504
"2010-11-21 02:00:00",0.373149693012238,"Normal",FALSE,2.34504
"2010-11-21 03:00:00",0.394552797079086,"Normal",FALSE,2.34504
"2010-11-21 04:00:00",0.379343569278717,"Normal",FALSE,2.34504
"2010-11-21 05:00:00",0.378281831741333,"Normal",FALSE,2.34504
"2010-11-21 06:00:00",0.376753747463226,"Normal",FALSE,2.34504
"2010-11-21 07:00:00",0.778153717517853,"Normal",FALSE,2.34504
"2010-11-21 08:00:00",1.83119118213654,"Normal",FALSE,2.34504
"2010-11-21 09:00:00",1.44336581230164,"Normal",FALSE,2.34504
"2010-11-21 10:00:00",1.35956084728241,"Normal",FALSE,2.34504
"2010-11-21 11:00:00",0.70713597536087,"Normal",FALSE,2.34504
"2010-11-21 12:00:00",0.747449398040771,"Normal",FALSE,2.34504
"2010-11-21 13:00:00",0.973224401473999,"Normal",FALSE,2.34504
"2010-11-21 14:00:00",0.628877639770508,"Normal",FALSE,2.34504
"2010-11-21 15:00:00",0.549292743206024,"Normal",FALSE,2.34504
"2010-11-21 16:00:00",0.665141463279724,"Normal",FALSE,2.34504
"2010-11-21 17:00:00",0.837804913520813,"Normal",FALSE,2.34504
"2010-11-21 18:00:00",1.72262942790985,"Normal",FALSE,2.34504
"2010-11-21 19:00:00",1.28452205657959,"Normal",FALSE,2.34504
"2010-11-21 20:00:00",0.80209481716156,"Normal",FALSE,2.34504
"2010-11-21 21:00:00",1.46226274967194,"Normal",FALSE,2.34504
"2010-11-21 22:00:00",1.0738251209259,"Normal",FALSE,2.34504
"2010-11-21 23:00:00",0.914804935455322,"Normal",FALSE,2.34504
"2010-11-22 00:00:00",0.332478314638138,"Normal",FALSE,2.34504
"2010-11-22 01:00:00",0.397479444742203,"Normal",FALSE,2.34504
"2010-11-22 02:00:00",0.355489045381546,"Normal",FALSE,2.34504
"2010-11-22 03:00:00",0.345552533864975,"Normal",FALSE,2.34504
"2010-11-22 04:00:00",0.354000836610794,"Normal",FALSE,2.34504
"2010-11-22 05:00:00",0.577170252799988,"Normal",FALSE,2.34504
"2010-11-22 06:00:00",0.639316260814667,"Normal",FALSE,2.34504
"2010-11-22 07:00:00",1.96187806129456,"Normal",FALSE,2.34504
"2010-11-22 08:00:00",1.86932599544525,"Normal",FALSE,2.34504
"2010-11-22 09:00:00",1.8118782043457,"Normal",FALSE,2.34504
"2010-11-22 10:00:00",1.38589036464691,"Normal",FALSE,2.34504
"2010-11-22 11:00:00",2.376544713974,"High",TRUE,2.34504
"2010-11-22 12:00:00",2.43431234359741,"High",TRUE,2.34504
"2010-11-22 13:00:00",1.73400676250458,"Normal",FALSE,2.34504
"2010-11-22 14:00:00",1.68841791152954,"Normal",FALSE,2.34504
"2010-11-22 15:00:00",1.41401636600494,"Normal",FALSE,2.34504
"2010-11-22 16:00:00",1.16603851318359,"Normal",FALSE,2.34504
"2010-11-22 17:00:00",0.729073226451874,"Normal",FALSE,2.34504
"2010-11-22 18:00:00",0.919301986694336,"Normal",FALSE,2.34504
"2010-11-22 19:00:00",2.65644097328186,"High",TRUE,2.34504
"2010-11-22 20:00:00",2.4900016784668,"High",TRUE,2.34504
"2010-11-22 21:00:00",1.63374245166779,"Normal",FALSE,2.34504
"2010-11-22 22:00:00",1.41063022613525,"Normal",FALSE,2.34504
"2010-11-22 23:00:00",0.522324860095978,"Normal",FALSE,2.34504
"2010-11-23 00:00:00",0.340367764234543,"Normal",FALSE,2.34504
"2010-11-23 01:00:00",0.36064875125885,"Normal",FALSE,2.34504
"2010-11-23 02:00:00",0.347220838069916,"Normal",FALSE,2.34504
"2010-11-23 03:00:00",0.324629753828049,"Normal",FALSE,2.34504
"2010-11-23 04:00:00",0.349331915378571,"Normal",FALSE,2.34504
"2010-11-23 05:00:00",0.681872844696045,"Normal",FALSE,2.34504
"2010-11-23 06:00:00",1.12363862991333,"Normal",FALSE,2.34504
"2010-11-23 07:00:00",2.45155167579651,"High",TRUE,2.34504
"2010-11-23 08:00:00",2.05493879318237,"Normal",FALSE,2.34504
"2010-11-23 09:00:00",1.63118731975555,"Normal",FALSE,2.34504
"2010-11-23 10:00:00",1.3469260931015,"Normal",FALSE,2.34504
"2010-11-23 11:00:00",1.56542885303497,"Normal",FALSE,2.34504
"2010-11-23 12:00:00",1.61696839332581,"Normal",FALSE,2.34504
"2010-11-23 13:00:00",0.853544890880585,"Normal",FALSE,2.34504
"2010-11-23 14:00:00",0.659446716308594,"Normal",FALSE,2.34504
"2010-11-23 15:00:00",1.4023642539978,"Normal",FALSE,2.34504
"2010-11-23 16:00:00",0.563202798366547,"Normal",FALSE,2.34504
"2010-11-23 17:00:00",0.909787356853485,"Normal",FALSE,2.34504
"2010-11-23 18:00:00",1.8525984287262,"Normal",FALSE,2.34504
"2010-11-23 19:00:00",2.26037263870239,"Normal",FALSE,2.34504
"2010-11-23 20:00:00",2.27657413482666,"Normal",FALSE,2.34504
"2010-11-23 21:00:00",2.25206255912781,"Normal",FALSE,2.34504
"2010-11-23 22:00:00",1.33464694023132,"Normal",FALSE,2.34504
"2010-11-23 23:00:00",0.614105939865112,"Normal",FALSE,2.34504
"2010-11-24 00:00:00",0.513059854507446,"Normal",FALSE,2.34504
"2010-11-24 01:00:00",0.408479332923889,"Normal",FALSE,2.34504
"2010-11-24 02:00:00",0.375417470932007,"Normal",FALSE,2.34504
"2010-11-24 03:00:00",0.538672626018524,"Normal",FALSE,2.34504
"2010-11-24 04:00:00",0.380779266357422,"Normal",FALSE,2.34504
"2010-11-24 05:00:00",0.449561476707458,"Normal",FALSE,2.34504
"2010-11-24 06:00:00",1.04051947593689,"Normal",FALSE,2.34504
"2010-11-24 07:00:00",2.36881947517395,"High",TRUE,2.34504
"2010-11-24 08:00:00",2.09859418869019,"Normal",FALSE,2.34504
"2010-11-24 09:00:00",1.51564061641693,"Normal",FALSE,2.34504
"2010-11-24 10:00:00",1.19988465309143,"Normal",FALSE,2.34504
"2010-11-24 11:00:00",1.28102993965149,"Normal",FALSE,2.34504
"2010-11-24 12:00:00",1.32998716831207,"Normal",FALSE,2.34504
"2010-11-24 13:00:00",1.47203528881073,"Normal",FALSE,2.34504
"2010-11-24 14:00:00",1.74511814117432,"Normal",FALSE,2.34504
"2010-11-24 15:00:00",1.79575288295746,"Normal",FALSE,2.34504
"2010-11-24 16:00:00",1.31571841239929,"Normal",FALSE,2.34504
"2010-11-24 17:00:00",0.935801208019257,"Normal",FALSE,2.34504
"2010-11-24 18:00:00",1.94976615905762,"Normal",FALSE,2.34504
"2010-11-24 19:00:00",2.17307472229004,"Normal",FALSE,2.34504
"2010-11-24 20:00:00",1.82429850101471,"Normal",FALSE,2.34504
"2010-11-24 21:00:00",2.14464068412781,"Normal",FALSE,2.34504
"2010-11-24 22:00:00",1.306525349617,"Normal",FALSE,2.34504
"2010-11-24 23:00:00",0.511994004249573,"Normal",FALSE,2.34504
"2010-11-25 00:00:00",0.370902091264725,"Normal",FALSE,2.34504
"2010-11-25 01:00:00",0.32676899433136,"Normal",FALSE,2.34504
"2010-11-25 02:00:00",0.340659946203232,"Normal",FALSE,2.34504
"2010-11-25 03:00:00",0.391347646713257,"Normal",FALSE,2.34504
"2010-11-25 04:00:00",0.539688467979431,"Normal",FALSE,2.34504
"2010-11-25 05:00:00",0.623181462287903,"Normal",FALSE,2.34504
"2010-11-25 06:00:00",0.94582200050354,"Normal",FALSE,2.34504
"2010-11-25 07:00:00",2.44811248779297,"High",TRUE,2.34504
"2010-11-25 08:00:00",1.92228817939758,"Normal",FALSE,2.34504
"2010-11-25 09:00:00",1.5596741437912,"Normal",FALSE,2.34504
"2010-11-25 10:00:00",1.06190967559814,"Normal",FALSE,2.34504
"2010-11-25 11:00:00",0.780987143516541,"Normal",FALSE,2.34504
"2010-11-25 12:00:00",1.19817566871643,"Normal",FALSE,2.34504
"2010-11-25 13:00:00",0.793812811374664,"Normal",FALSE,2.34504
"2010-11-25 14:00:00",0.464125573635101,"Normal",FALSE,2.34504
"2010-11-25 15:00:00",0.397298961877823,"Normal",FALSE,2.34504
"2010-11-25 16:00:00",0.469299614429474,"Normal",FALSE,2.34504
"2010-11-25 17:00:00",1.0294097661972,"Normal",FALSE,2.34504
"2010-11-25 18:00:00",2.36408042907715,"High",TRUE,2.34504
"2010-11-25 19:00:00",2.56761288642883,"High",TRUE,2.34504
"2010-11-25 20:00:00",2.43179416656494,"High",TRUE,2.34504
"2010-11-25 21:00:00",1.87035810947418,"Normal",FALSE,2.34504
"2010-11-25 22:00:00",1.07438778877258,"Normal",FALSE,2.34504
"2010-11-25 23:00:00",0.621166825294495,"Normal",FALSE,2.34504
"2010-11-26 00:00:00",0.475734233856201,"Normal",FALSE,2.34504
"2010-11-26 01:00:00",0.329933315515518,"Normal",FALSE,2.34504
"2010-11-26 02:00:00",0.310150802135468,"Normal",FALSE,2.34504
"2010-11-26 03:00:00",0.325798809528351,"Normal",FALSE,2.34504
"2010-11-26 04:00:00",0.35037887096405,"Normal",FALSE,2.34504
"2010-11-26 05:00:00",0.419759184122086,"Normal",FALSE,2.34504
"2010-11-26 06:00:00",1.08581697940826,"Normal",FALSE,2.34504
"2010-11-26 07:00:00",2.46140098571777,"High",TRUE,2.34504
"2010-11-26 08:00:00",1.90497648715973,"Normal",FALSE,2.34504
"2010-11-26 09:00:00",1.67554080486298,"Normal",FALSE,2.34504
"2010-11-26 10:00:00",1.60400581359863,"Normal",FALSE,2.34504
"2010-11-26 11:00:00",1.25724339485168,"Normal",FALSE,2.34504
"2010-11-26 12:00:00",1.28767001628876,"Normal",FALSE,2.34504
"2010-11-26 13:00:00",1.56564474105835,"Normal",FALSE,2.34504
"2010-11-26 14:00:00",1.47570812702179,"Normal",FALSE,2.34504
"2010-11-26 15:00:00",1.31578493118286,"Normal",FALSE,2.34504
"2010-11-26 16:00:00",0.616775453090668,"Normal",FALSE,2.34504
"2010-11-26 17:00:00",1.26748824119568,"Normal",FALSE,2.34504
"2010-11-26 18:00:00",1.89324867725372,"Normal",FALSE,2.34504
"2010-11-26 19:00:00",1.92209935188293,"Normal",FALSE,2.34504
"2010-11-26 20:00:00",1.94528913497925,"Normal",FALSE,2.34504
"2010-11-26 21:00:00",1.39853119850159,"Normal",FALSE,2.34504
