"timestamp","consumption_kwh","tou_period","rate_inr_per_kwh","simulated_cost_inr"
"2010-04-11 16:00:00",0.438805967569351,"normal",6,2.63283580541611
"2010-04-11 17:00:00",1.01049268245697,"peak",10,10.1049268245697
"2010-04-11 18:00:00",0.754691481590271,"peak",10,7.54691481590271
"2010-04-11 19:00:00",2.1040210723877,"peak",10,21.040210723877
"2010-04-11 20:00:00",1.47276151180267,"peak",10,14.7276151180267
"2010-04-11 21:00:00",2.49902868270874,"peak",10,24.9902868270874
"2010-04-11 22:00:00",2.4428448677063,"off_peak",3,7.3285346031189
"2010-04-11 23:00:00",0.853023648262024,"off_peak",3,2.55907094478607
"2010-04-12 00:00:00",0.343330442905426,"off_peak",3,1.02999132871628
"2010-04-12 01:00:00",0.420834213495255,"off_peak",3,1.26250264048576
"2010-04-12 02:00:00",0.388827741146088,"off_peak",3,1.16648322343826
"2010-04-12 03:00:00",0.410474926233292,"off_peak",3,1.23142477869987
"2010-04-12 04:00:00",0.413567364215851,"off_peak",3,1.24070209264755
"2010-04-12 05:00:00",0.491899996995926,"off_peak",3,1.47569999098778
"2010-04-12 06:00:00",0.703632831573486,"normal",6,4.22179698944092
"2010-04-12 07:00:00",1.51218330860138,"normal",6,9.07309985160828
"2010-04-12 08:00:00",1.73879218101501,"normal",6,10.4327530860901
"2010-04-12 09:00:00",1.31438422203064,"normal",6,7.88630533218384
"2010-04-12 10:00:00",1.31222522258759,"normal",6,7.87335133552551
"2010-04-12 11:00:00",1.3144998550415,"normal",6,7.88699913024902
"2010-04-12 12:00:00",1.46295845508575,"normal",6,8.77775073051453
"2010-04-12 13:00:00",1.46728324890137,"normal",6,8.8036994934082
"2010-04-12 14:00:00",1.26307594776154,"normal",6,7.57845568656921
"2010-04-12 15:00:00",1.07815778255463,"normal",6,6.46894669532776
"2010-04-12 16:00:00",0.391621530056,"normal",6,2.349729180336
"2010-04-12 17:00:00",0.382118731737137,"peak",10,3.82118731737137
"2010-04-12 18:00:00",1.03092157840729,"peak",10,10.3092157840729
"2010-04-12 19:00:00",1.26557350158691,"peak",10,12.6557350158691
"2010-04-12 20:00:00",1.51742196083069,"peak",10,15.1742196083069
"2010-04-12 21:00:00",2.09077572822571,"peak",10,20.9077572822571
"2010-04-12 22:00:00",1.25752937793732,"off_peak",3,3.77258813381195
"2010-04-12 23:00:00",0.641390383243561,"off_peak",3,1.92417114973068
"2010-04-13 00:00:00",0.39397606253624,"off_peak",3,1.18192818760872
"2010-04-13 01:00:00",0.50146222114563,"off_peak",3,1.50438666343689
"2010-04-13 02:00:00",0.346209526062012,"off_peak",3,1.03862857818604
"2010-04-13 03:00:00",0.410643249750137,"off_peak",3,1.23192974925041
"2010-04-13 04:00:00",0.391692191362381,"off_peak",3,1.17507657408714
"2010-04-13 05:00:00",0.51773989200592,"off_peak",3,1.55321967601776
"2010-04-13 06:00:00",0.80864554643631,"normal",6,4.85187327861786
"2010-04-13 07:00:00",1.67789018154144,"normal",6,10.0673410892487
"2010-04-13 08:00:00",1.67282688617706,"normal",6,10.0369613170624
"2010-04-13 09:00:00",1.65012753009796,"normal",6,9.90076518058777
"2010-04-13 10:00:00",1.4950795173645,"normal",6,8.97047710418701
"2010-04-13 11:00:00",1.43757152557373,"normal",6,8.62542915344238
"2010-04-13 12:00:00",1.62838566303253,"normal",6,9.77031397819519
"2010-04-13 13:00:00",1.26667904853821,"normal",6,7.60007429122925
"2010-04-13 14:00:00",1.46909260749817,"normal",6,8.81455564498901
"2010-04-13 15:00:00",0.807607173919678,"normal",6,4.84564304351807
"2010-04-13 16:00:00",0.49626636505127,"normal",6,2.97759819030762
"2010-04-13 17:00:00",0.939699828624725,"peak",10,9.39699828624725
"2010-04-13 18:00:00",1.29589688777924,"peak",10,12.9589688777924
"2010-04-13 19:00:00",1.18172085285187,"peak",10,11.8172085285187
"2010-04-13 20:00:00",1.95453262329102,"peak",10,19.5453262329102
"2010-04-13 21:00:00",1.57631933689117,"peak",10,15.7631933689117
"2010-04-13 22:00:00",1.63840162754059,"off_peak",3,4.91520488262177
"2010-04-13 23:00:00",0.521076440811157,"off_peak",3,1.56322932243347
"2010-04-14 00:00:00",0.450368136167526,"off_peak",3,1.35110440850258
"2010-04-14 01:00:00",0.366706311702728,"off_peak",3,1.10011893510818
"2010-04-14 02:00:00",0.386437326669693,"off_peak",3,1.15931198000908
"2010-04-14 03:00:00",0.33885270357132,"off_peak",3,1.01655811071396
"2010-04-14 04:00:00",0.45519146323204,"off_peak",3,1.36557438969612
"2010-04-14 05:00:00",0.605428457260132,"off_peak",3,1.8162853717804
"2010-04-14 06:00:00",0.864565074443817,"normal",6,5.1873904466629
"2010-04-14 07:00:00",1.79113554954529,"normal",6,10.7468132972717
"2010-04-14 08:00:00",1.80114114284515,"normal",6,10.8068468570709
"2010-04-14 09:00:00",1.31798219680786,"normal",6,7.90789318084717
"2010-04-14 10:00:00",1.38966476917267,"normal",6,8.33798861503601
"2010-04-14 11:00:00",1.47382640838623,"normal",6,8.84295845031738
"2010-04-14 12:00:00",1.82125437259674,"normal",6,10.9275262355804
"2010-04-14 13:00:00",0.563992917537689,"normal",6,3.38395750522614
"2010-04-14 14:00:00",1.93244254589081,"normal",6,11.5946552753448
"2010-04-14 15:00:00",1.87640655040741,"normal",6,11.2584393024445
"2010-04-14 16:00:00",1.44183480739594,"normal",6,8.65100884437561
"2010-04-14 17:00:00",0.713613331317902,"peak",10,7.13613331317902
"2010-04-14 18:00:00",0.61225163936615,"peak",10,6.1225163936615
"2010-04-14 19:00:00",1.12178528308868,"peak",10,11.2178528308868
"2010-04-14 20:00:00",1.9692165851593,"peak",10,19.692165851593
"2010-04-14 21:00:00",2.28991389274597,"peak",10,22.8991389274597
"2010-04-14 22:00:00",1.42531359195709,"off_peak",3,4.27594077587128
"2010-04-14 23:00:00",0.948055803775787,"off_peak",3,2.84416741132736
"2010-04-15 00:00:00",0.40517857670784,"off_peak",3,1.21553573012352
"2010-04-15 01:00:00",0.394563645124435,"off_peak",3,1.18369093537331
"2010-04-15 02:00:00",0.406390935182571,"off_peak",3,1.21917280554771
"2010-04-15 03:00:00",0.358268231153488,"off_peak",3,1.07480469346046
"2010-04-15 04:00:00",0.416868984699249,"off_peak",3,1.25060695409775
"2010-04-15 05:00:00",0.364091962575912,"off_peak",3,1.09227588772774
"2010-04-15 06:00:00",0.866897225379944,"normal",6,5.20138335227966
"2010-04-15 07:00:00",2.1456778049469,"normal",6,12.8740668296814
"2010-04-15 08:00:00",1.63489556312561,"normal",6,9.80937337875366
"2010-04-15 09:00:00",1.49746417999268,"normal",6,8.98478507995605
"2010-04-15 10:00:00",1.22892153263092,"normal",6,7.37352919578552
"2010-04-15 11:00:00",1.16578912734985,"normal",6,6.99473476409912
"2010-04-15 12:00:00",1.12594866752625,"normal",6,6.75569200515747
"2010-04-15 13:00:00",1.28129661083221,"normal",6,7.68777966499329
"2010-04-15 14:00:00",1.36857283115387,"normal",6,8.21143698692322
"2010-04-15 15:00:00",1.43797063827515,"normal",6,8.62782382965088
"2010-04-15 16:00:00",1.14038634300232,"normal",6,6.84231805801392
"2010-04-15 17:00:00",0.990109920501709,"peak",10,9.90109920501709
"2010-04-15 18:00:00",0.891464471817017,"peak",10,8.91464471817017
"2010-04-15 19:00:00",1.51288175582886,"peak",10,15.1288175582886
"2010-04-15 20:00:00",2.03874540328979,"peak",10,20.3874540328979
"2010-04-15 21:00:00",1.93110620975494,"peak",10,19.3110620975494
"2010-04-15 22:00:00",1.49956917762756,"off_peak",3,4.49870753288269
"2010-04-15 23:00:00",1.11081516742706,"off_peak",3,3.33244550228119
"2010-04-16 00:00:00",0.452856808900833,"off_peak",3,1.3585704267025
"2010-04-16 01:00:00",0.417204827070236,"off_peak",3,1.25161448121071
"2010-04-16 02:00:00",0.364885658025742,"off_peak",3,1.09465697407722
"2010-04-16 03:00:00",0.412779986858368,"off_peak",3,1.2383399605751
"2010-04-16 04:00:00",0.420083492994308,"off_peak",3,1.26025047898293
"2010-04-16 05:00:00",0.397235155105591,"off_peak",3,1.19170546531677
"2010-04-16 06:00:00",0.981721639633179,"normal",6,5.89032983779907
"2010-04-16 07:00:00",2.19364023208618,"normal",6,13.1618413925171
"2010-04-16 08:00:00",1.68300294876099,"normal",6,10.0980176925659
"2010-04-16 09:00:00",1.53825414180756,"normal",6,9.22952485084534
"2010-04-16 10:00:00",1.77435886859894,"normal",6,10.6461532115936
"2010-04-16 11:00:00",0.934652507305145,"normal",6,5.60791504383087
"2010-04-16 12:00:00",0.654919862747192,"normal",6,3.92951917648315
"2010-04-16 13:00:00",1.79497444629669,"normal",6,10.7698466777802
"2010-04-16 14:00:00",1.22893857955933,"normal",6,7.37363147735596
"2010-04-16 15:00:00",0.612200736999512,"normal",6,3.67320442199707
"2010-04-16 16:00:00",1.09773302078247,"normal",6,6.58639812469482
"2010-04-16 17:00:00",1.40710616111755,"peak",10,14.0710616111755
"2010-04-16 18:00:00",1.3441344499588,"peak",10,13.441344499588
"2010-04-16 19:00:00",1.73841345310211,"peak",10,17.3841345310211
"2010-04-16 20:00:00",1.83943462371826,"peak",10,18.3943462371826
"2010-04-16 21:00:00",1.02332007884979,"peak",10,10.2332007884979
"2010-04-16 22:00:00",0.897855162620544,"off_peak",3,2.69356548786163
"2010-04-16 23:00:00",0.484440058469772,"off_peak",3,1.45332017540932
"2010-04-17 00:00:00",0.511295914649963,"off_peak",3,1.53388774394989
"2010-04-17 01:00:00",0.433738887310028,"off_peak",3,1.30121666193008
"2010-04-17 02:00:00",0.469487220048904,"off_peak",3,1.40846166014671
"2010-04-17 03:00:00",0.392968833446503,"off_peak",3,1.17890650033951
"2010-04-17 04:00:00",0.553714454174042,"off_peak",3,1.66114336252213
"2010-04-17 05:00:00",0.478579491376877,"off_peak",3,1.43573847413063
"2010-04-17 06:00:00",0.64513087272644,"normal",6,3.87078523635864
"2010-04-17 07:00:00",1.62979054450989,"normal",6,9.77874326705933
"2010-04-17 08:00:00",1.74481844902039,"normal",6,10.4689106941223
"2010-04-17 09:00:00",1.60633742809296,"normal",6,9.63802456855774
"2010-04-17 10:00:00",1.70100557804108,"normal",6,10.2060334682465
"2010-04-17 11:00:00",2.40479779243469,"normal",6,14.4287867546082
"2010-04-17 12:00:00",1.10698258876801,"normal",6,6.64189553260803
"2010-04-17 13:00:00",1.44258391857147,"normal",6,8.65550351142883
"2010-04-17 14:00:00",1.02861273288727,"normal",6,6.17167639732361
"2010-04-17 15:00:00",1.53549909591675,"normal",6,9.21299457550049
"2010-04-17 16:00:00",1.43678689002991,"normal",6,8.62072134017944
"2010-04-17 17:00:00",1.47714734077454,"peak",10,14.7714734077454
"2010-04-17 18:00:00",1.68996846675873,"peak",10,16.8996846675873
"2010-04-17 19:00:00",1.83405447006226,"peak",10,18.3405447006226
"2010-04-17 20:00:00",1.06044399738312,"peak",10,10.6044399738312
"2010-04-17 21:00:00",0.629118025302887,"peak",10,6.29118025302887
"2010-04-17 22:00:00",0.499261915683746,"off_peak",3,1.49778574705124
"2010-04-17 23:00:00",0.627690434455872,"off_peak",3,1.88307130336761
"2010-04-18 00:00:00",0.481053054332733,"off_peak",3,1.4431591629982
"2010-04-18 01:00:00",0.545364737510681,"off_peak",3,1.63609421253204
"2010-04-18 02:00:00",0.418348968029022,"off_peak",3,1.25504690408707
"2010-04-18 03:00:00",0.619798421859741,"off_peak",3,1.85939526557922
"2010-04-18 04:00:00",0.389885157346725,"off_peak",3,1.16965547204018
"2010-04-18 05:00:00",0.37394654750824,"off_peak",3,1.12183964252472
"2010-04-18 06:00:00",0.682550370693207,"normal",6,4.09530222415924
"2010-04-18 07:00:00",0.57826292514801,"normal",6,3.46957755088806
"2010-04-18 08:00:00",0.941012322902679,"normal",6,5.64607393741608
"2010-04-18 09:00:00",0.930031299591064,"normal",6,5.58018779754639
"2010-04-18 10:00:00",0.874408602714539,"normal",6,5.24645161628723
"2010-04-18 11:00:00",1.76616072654724,"normal",6,10.5969643592834
"2010-04-18 12:00:00",1.72807717323303,"normal",6,10.3684630393982
"2010-04-18 13:00:00",1.90316390991211,"normal",6,11.4189834594727
"2010-04-18 14:00:00",1.51887965202332,"normal",6,9.11327791213989
"2010-04-18 15:00:00",1.55325651168823,"normal",6,9.31953907012939
"2010-04-18 16:00:00",1.2327663898468,"normal",6,7.39659833908081
"2010-04-18 17:00:00",0.782736301422119,"peak",10,7.82736301422119
"2010-04-18 18:00:00",0.770728886127472,"peak",10,7.70728886127472
"2010-04-18 19:00:00",1.60821413993835,"peak",10,16.0821413993835
"2010-04-18 20:00:00",1.86040472984314,"peak",10,18.6040472984314
"2010-04-18 21:00:00",1.98058354854584,"peak",10,19.8058354854584
"2010-04-18 22:00:00",1.45761954784393,"off_peak",3,4.3728586435318
"2010-04-18 23:00:00",0.614695727825165,"off_peak",3,1.84408718347549
"2010-04-19 00:00:00",0.444020837545395,"off_peak",3,1.33206251263618
"2010-04-19 01:00:00",0.407689988613129,"off_peak",3,1.22306996583939
"2010-04-19 02:00:00",0.385770797729492,"off_peak",3,1.15731239318848
"2010-04-19 03:00:00",0.53119558095932,"off_peak",3,1.59358674287796
"2010-04-19 04:00:00",0.447377473115921,"off_peak",3,1.34213241934776
"2010-04-19 05:00:00",0.450726598501205,"off_peak",3,1.35217979550362
"2010-04-19 06:00:00",0.86702036857605,"normal",6,5.2021222114563
"2010-04-19 07:00:00",1.924968957901,"normal",6,11.549813747406
"2010-04-19 08:00:00",1.29139292240143,"normal",6,7.74835753440857
"2010-04-19 09:00:00",0.725754737854004,"normal",6,4.35452842712402
"2010-04-19 10:00:00",1.38937067985535,"normal",6,8.33622407913208
"2010-04-19 11:00:00",1.9276214838028,"normal",6,11.5657289028168
"2010-04-19 12:00:00",1.62351441383362,"normal",6,9.74108648300171
"2010-04-19 13:00:00",1.4900233745575,"normal",6,8.94014024734497
"2010-04-19 14:00:00",1.37247908115387,"normal",6,8.23487448692322
"2010-04-19 15:00:00",1.24167776107788,"normal",6,7.45006656646729
"2010-04-19 16:00:00",1.14236879348755,"normal",6,6.85421276092529
"2010-04-19 17:00:00",1.22695171833038,"peak",10,12.2695171833038
"2010-04-19 18:00:00",1.99014294147491,"peak",10,19.9014294147491
"2010-04-19 19:00:00",1.75402665138245,"peak",10,17.5402665138245
"2010-04-19 20:00:00",2.00169229507446,"peak",10,20.0169229507446
"2010-04-19 21:00:00",1.81427657604218,"peak",10,18.1427657604218
"2010-04-19 22:00:00",1.65677154064178,"off_peak",3,4.97031462192535
"2010-04-19 23:00:00",0.480645298957825,"off_peak",3,1.44193589687347
"2010-04-20 00:00:00",0.371875017881393,"off_peak",3,1.11562505364418
"2010-04-20 01:00:00",0.410535395145416,"off_peak",3,1.23160618543625
"2010-04-20 02:00:00",0.677728533744812,"off_peak",3,2.03318560123444
"2010-04-20 03:00:00",0.420333564281464,"off_peak",3,1.26100069284439
"2010-04-20 04:00:00",0.404286444187164,"off_peak",3,1.21285933256149
"2010-04-20 05:00:00",0.448173701763153,"off_peak",3,1.34452110528946
"2010-04-20 06:00:00",0.973986506462097,"normal",6,5.84391903877258
"2010-04-20 07:00:00",1.46112334728241,"normal",6,8.76674008369446
"2010-04-20 08:00:00",1.66510570049286,"normal",6,9.99063420295715
"2010-04-20 09:00:00",1.35102415084839,"normal",6,8.10614490509033
"2010-04-20 10:00:00",1.65817701816559,"normal",6,9.94906210899353
"2010-04-20 11:00:00",1.54659032821655,"normal",6,9.27954196929932
"2010-04-20 12:00:00",1.42601311206818,"normal",6,8.55607867240906
"2010-04-20 13:00:00",1.36169910430908,"normal",6,8.17019462585449
"2010-04-20 14:00:00",1.42692267894745,"normal",6,8.56153607368469
"2010-04-20 15:00:00",1.27470338344574,"normal",6,7.64822030067444
"2010-04-20 16:00:00",1.24310278892517,"normal",6,7.45861673355103
"2010-04-20 17:00:00",1.47945380210876,"peak",10,14.7945380210876
"2010-04-20 18:00:00",1.568026304245,"peak",10,15.68026304245
"2010-04-20 19:00:00",1.2513747215271,"peak",10,12.513747215271
"2010-04-20 20:00:00",1.36246073246002,"peak",10,13.6246073246002
"2010-04-20 21:00:00",2.04995536804199,"peak",10,20.4995536804199
"2010-04-20 22:00:00",1.48888957500458,"off_peak",3,4.46666872501373
"2010-04-20 23:00:00",0.894407868385315,"off_peak",3,2.68322360515594
"2010-04-21 00:00:00",0.445051789283752,"off_peak",3,1.33515536785126
"2010-04-21 01:00:00",0.552745401859283,"off_peak",3,1.65823620557785
"2010-04-21 02:00:00",0.605547547340393,"off_peak",3,1.81664264202118
"2010-04-21 03:00:00",0.431395679712296,"off_peak",3,1.29418703913689
"2010-04-21 04:00:00",0.360956281423569,"off_peak",3,1.08286884427071
"2010-04-21 05:00:00",0.594704508781433,"off_peak",3,1.7841135263443
"2010-04-21 06:00:00",0.894060909748077,"normal",6,5.36436545848846
"2010-04-21 07:00:00",1.33083248138428,"normal",6,7.98499488830566
"2010-04-21 08:00:00",1.27720546722412,"normal",6,7.66323280334473
"2010-04-21 09:00:00",1.44892513751984,"normal",6,8.69355082511902
"2010-04-21 10:00:00",1.14055168628693,"normal",6,6.84331011772156
"2010-04-21 11:00:00",1.66446006298065,"normal",6,9.98676037788391
"2010-04-21 12:00:00",1.53513240814209,"normal",6,9.21079444885254
"2010-04-21 13:00:00",1.39267063140869,"normal",6,8.35602378845215
"2010-04-21 14:00:00",1.32592225074768,"normal",6,7.95553350448608
"2010-04-21 15:00:00",1.32145619392395,"normal",6,7.9287371635437
"2010-04-21 16:00:00",0.749427914619446,"normal",6,4.49656748771667
"2010-04-21 17:00:00",0.650236666202545,"peak",10,6.50236666202545
"2010-04-21 18:00:00",1.38620340824127,"peak",10,13.8620340824127
"2010-04-21 19:00:00",1.59791731834412,"peak",10,15.9791731834412
"2010-04-21 20:00:00",1.38211178779602,"peak",10,13.8211178779602
"2010-04-21 21:00:00",1.73136055469513,"peak",10,17.3136055469513
"2010-04-21 22:00:00",1.46769297122955,"off_peak",3,4.40307891368866
"2010-04-21 23:00:00",0.917445659637451,"off_peak",3,2.75233697891235
"2010-04-22 00:00:00",1.01897978782654,"off_peak",3,3.05693936347961
"2010-04-22 01:00:00",0.44599261879921,"off_peak",3,1.33797785639763
"2010-04-22 02:00:00",0.407348543405533,"off_peak",3,1.2220456302166
"2010-04-22 03:00:00",0.463377922773361,"off_peak",3,1.39013376832008
"2010-04-22 04:00:00",0.409688234329224,"off_peak",3,1.22906470298767
"2010-04-22 05:00:00",0.388860642910004,"off_peak",3,1.16658192873001
"2010-04-22 06:00:00",0.8421431183815,"normal",6,5.052858710289
"2010-04-22 07:00:00",0.839455187320709,"normal",6,5.03673112392426
"2010-04-22 08:00:00",1.09207701683044,"normal",6,6.55246210098267
"2010-04-22 09:00:00",1.06909692287445,"normal",6,6.4145815372467
"2010-04-22 10:00:00",1.56935203075409,"normal",6,9.41611218452454
"2010-04-22 11:00:00",1.5443160533905,"normal",6,9.26589632034302
"2010-04-22 12:00:00",1.70350980758667,"normal",6,10.22105884552
"2010-04-22 13:00:00",1.76670396327972,"normal",6,10.6002237796783
"2010-04-22 14:00:00",1.49583220481873,"normal",6,8.97499322891235
"2010-04-22 15:00:00",1.43350422382355,"normal",6,8.60102534294128
"2010-04-22 16:00:00",1.21795332431793,"normal",6,7.30771994590759
"2010-04-22 17:00:00",1.42834341526031,"peak",10,14.2834341526031
"2010-04-22 18:00:00",1.03895938396454,"peak",10,10.3895938396454
"2010-04-22 19:00:00",1.04167640209198,"peak",10,10.4167640209198
"2010-04-22 20:00:00",1.06016361713409,"peak",10,10.6016361713409
"2010-04-22 21:00:00",1.7287689447403,"peak",10,17.287689447403
"2010-04-22 22:00:00",1.51781916618347,"off_peak",3,4.55345749855042
"2010-04-22 23:00:00",0.472123920917511,"off_peak",3,1.41637176275253
"2010-04-23 00:00:00",0.477525383234024,"off_peak",3,1.43257614970207
"2010-04-23 01:00:00",0.454857289791107,"off_peak",3,1.36457186937332
"2010-04-23 02:00:00",0.362054347991943,"off_peak",3,1.08616304397583
"2010-04-23 03:00:00",0.387101531028748,"off_peak",3,1.16130459308624
"2010-04-23 04:00:00",0.563519537448883,"off_peak",3,1.69055861234665
"2010-04-23 05:00:00",0.56616336107254,"off_peak",3,1.69849008321762
"2010-04-23 06:00:00",0.822333633899689,"normal",6,4.93400180339813
"2010-04-23 07:00:00",1.92834603786469,"normal",6,11.5700762271881
"2010-04-23 08:00:00",1.33962154388428,"normal",6,8.03772926330566
"2010-04-23 09:00:00",1.57587909698486,"normal",6,9.45527458190918
"2010-04-23 10:00:00",1.34802627563477,"normal",6,8.08815765380859
"2010-04-23 11:00:00",1.35556745529175,"normal",6,8.13340473175049
"2010-04-23 12:00:00",1.38495194911957,"normal",6,8.30971169471741
"2010-04-23 13:00:00",1.28141176700592,"normal",6,7.68847060203552
"2010-04-23 14:00:00",1.26777505874634,"normal",6,7.60665035247803
"2010-04-23 15:00:00",1.35048067569733,"normal",6,8.10288405418396
"2010-04-23 16:00:00",0.720330953598022,"normal",6,4.32198572158813
"2010-04-23 17:00:00",0.678503274917603,"peak",10,6.78503274917603
"2010-04-23 18:00:00",0.988420009613037,"peak",10,9.88420009613037
"2010-04-23 19:00:00",0.764533221721649,"peak",10,7.64533221721649
"2010-04-23 20:00:00",1.34882402420044,"peak",10,13.4882402420044
"2010-04-23 21:00:00",1.54682779312134,"peak",10,15.4682779312134
"2010-04-23 22:00:00",0.670136213302612,"off_peak",3,2.01040863990784
"2010-04-23 23:00:00",0.497656732797623,"off_peak",3,1.49297019839287
"2010-04-24 00:00:00",0.45183128118515,"off_peak",3,1.35549384355545
"2010-04-24 01:00:00",0.381431728601456,"off_peak",3,1.14429518580437
"2010-04-24 02:00:00",0.502874255180359,"off_peak",3,1.50862276554108
"2010-04-24 03:00:00",0.612997949123383,"off_peak",3,1.83899384737015
"2010-04-24 04:00:00",0.5062255859375,"off_peak",3,1.5186767578125
"2010-04-24 05:00:00",0.50979071855545,"off_peak",3,1.52937215566635
"2010-04-24 06:00:00",0.894012272357941,"normal",6,5.36407363414764
"2010-04-24 07:00:00",0.654798030853271,"normal",6,3.92878818511963
"2010-04-24 08:00:00",0.833478391170502,"normal",6,5.00087034702301
"2010-04-24 09:00:00",0.636263847351074,"normal",6,3.81758308410645
"2010-04-24 10:00:00",0.6259845495224,"normal",6,3.7559072971344
"2010-04-24 11:00:00",0.728032767772675,"normal",6,4.36819660663605
"2010-04-24 12:00:00",0.672397077083588,"normal",6,4.03438246250153
"2010-04-24 13:00:00",0.938529133796692,"normal",6,5.63117480278015
"2010-04-24 14:00:00",1.10714912414551,"normal",6,6.64289474487305
"2010-04-24 15:00:00",0.724373936653137,"normal",6,4.34624361991882
"2010-04-24 16:00:00",0.909161686897278,"normal",6,5.45497012138367
"2010-04-24 17:00:00",0.993606090545654,"peak",10,9.93606090545654
"2010-04-24 18:00:00",1.77883422374725,"peak",10,17.7883422374725
"2010-04-24 19:00:00",2.36694407463074,"peak",10,23.6694407463074
"2010-04-24 20:00:00",2.15785646438599,"peak",10,21.5785646438599
"2010-04-24 21:00:00",2.10933017730713,"peak",10,21.0933017730713
"2010-04-24 22:00:00",2.15009641647339,"off_peak",3,6.45028924942017
"2010-04-24 23:00:00",1.93870007991791,"off_peak",3,5.81610023975372
"2010-04-25 00:00:00",1.21243238449097,"off_peak",3,3.6372971534729
"2010-04-25 01:00:00",1.44492840766907,"off_peak",3,4.3347852230072
"2010-04-25 02:00:00",1.69113409519196,"off_peak",3,5.07340228557587
"2010-04-25 03:00:00",1.53812265396118,"off_peak",3,4.61436796188354
"2010-04-25 04:00:00",1.46306419372559,"off_peak",3,4.38919258117676
"2010-04-25 05:00:00",1.5694682598114,"off_peak",3,4.7084047794342
"2010-04-25 06:00:00",1.56274616718292,"normal",6,9.37647700309753
"2010-04-25 07:00:00",0.53575611114502,"normal",6,3.21453666687012
"2010-04-25 08:00:00",0.645721197128296,"normal",6,3.87432718276978
"2010-04-25 09:00:00",0.678892433643341,"normal",6,4.07335460186005
"2010-04-25 10:00:00",0.835185468196869,"normal",6,5.01111280918121
"2010-04-25 11:00:00",1.74430394172668,"normal",6,10.4658236503601
"2010-04-25 12:00:00",1.51770770549774,"normal",6,9.10624623298645
"2010-04-25 13:00:00",1.60484683513641,"normal",6,9.62908101081848
"2010-04-25 14:00:00",1.60039222240448,"normal",6,9.60235333442688
"2010-04-25 15:00:00",0.753437757492065,"normal",6,4.52062654495239
"2010-04-25 16:00:00",0.513286769390106,"normal",6,3.07972061634064
"2010-04-25 17:00:00",0.746835172176361,"peak",10,7.46835172176361
"2010-04-25 18:00:00",0.523731350898743,"peak",10,5.23731350898743
"2010-04-25 19:00:00",0.788898825645447,"peak",10,7.88898825645447
"2010-04-25 20:00:00",0.929022431373596,"peak",10,9.29022431373596
"2010-04-25 21:00:00",0.591127455234528,"peak",10,5.91127455234528
"2010-04-25 22:00:00",0.642031908035278,"off_peak",3,1.92609572410583
"2010-04-25 23:00:00",0.940768718719482,"off_peak",3,2.82230615615845
"2010-04-26 00:00:00",0.473502635955811,"off_peak",3,1.42050790786743
"2010-04-26 01:00:00",0.44598862528801,"off_peak",3,1.33796587586403
"2010-04-26 02:00:00",0.405822783708572,"off_peak",3,1.21746835112572
"2010-04-26 03:00:00",0.392147868871689,"off_peak",3,1.17644360661507
"2010-04-26 04:00:00",0.378736227750778,"off_peak",3,1.13620868325233
"2010-04-26 05:00:00",0.656894981861115,"off_peak",3,1.97068494558334
"2010-04-26 06:00:00",0.617112040519714,"normal",6,3.70267224311829
"2010-04-26 07:00:00",0.588241934776306,"normal",6,3.52945160865784
"2010-04-26 08:00:00",0.590864181518555,"normal",6,3.54518508911133
"2010-04-26 09:00:00",1.10760998725891,"normal",6,6.64565992355347
"2010-04-26 10:00:00",1.21056973934174,"normal",6,7.26341843605042
"2010-04-26 11:00:00",0.636218309402466,"normal",6,3.81730985641479
"2010-04-26 12:00:00",0.712985932826996,"normal",6,4.27791559696198
"2010-04-26 13:00:00",0.53634124994278,"normal",6,3.21804749965668
"2010-04-26 14:00:00",0.896506547927856,"normal",6,5.37903928756714
"2010-04-26 15:00:00",0.50384932756424,"normal",6,3.02309596538544
"2010-04-26 16:00:00",1.25936639308929,"normal",6,7.55619835853577
"2010-04-26 17:00:00",0.896465122699738,"peak",10,8.96465122699738
"2010-04-26 18:00:00",0.538076400756836,"peak",10,5.38076400756836
"2010-04-26 19:00:00",0.835491955280304,"peak",10,8.35491955280304
"2010-04-26 20:00:00",1.71168768405914,"peak",10,17.1168768405914
"2010-04-26 21:00:00",1.57719469070435,"peak",10,15.7719469070435
"2010-04-26 22:00:00",1.37608230113983,"off_peak",3,4.12824690341949
"2010-04-26 23:00:00",1.19045996665955,"off_peak",3,3.57137989997864
"2010-04-27 00:00:00",0.485028058290482,"off_peak",3,1.45508417487144
"2010-04-27 01:00:00",0.546516180038452,"off_peak",3,1.63954854011536
"2010-04-27 02:00:00",0.572950124740601,"off_peak",3,1.7188503742218
"2010-04-27 03:00:00",0.575777351856232,"off_peak",3,1.7273320555687
"2010-04-27 04:00:00",0.606240928173065,"off_peak",3,1.8187227845192
"2010-04-27 05:00:00",0.640041291713715,"off_peak",3,1.92012387514114
"2010-04-27 06:00:00",0.791101098060608,"normal",6,4.74660658836365
"2010-04-27 07:00:00",1.50337195396423,"normal",6,9.0202317237854
"2010-04-27 08:00:00",1.14696800708771,"normal",6,6.88180804252625
"2010-04-27 09:00:00",1.66477155685425,"normal",6,9.98862934112549
"2010-04-27 10:00:00",1.34359931945801,"normal",6,8.06159591674805
"2010-04-27 11:00:00",1.47315847873688,"normal",6,8.83895087242126
"2010-04-27 12:00:00",1.33229947090149,"normal",6,7.99379682540894
"2010-04-27 13:00:00",1.36727011203766,"normal",6,8.20362067222595
"2010-04-27 14:00:00",0.750708997249603,"normal",6,4.50425398349762
"2010-04-27 15:00:00",0.60574996471405,"normal",6,3.6344997882843
"2010-04-27 16:00:00",0.674278199672699,"normal",6,4.04566919803619
"2010-04-27 17:00:00",0.734292447566986,"peak",10,7.34292447566986
"2010-04-27 18:00:00",0.637469291687012,"peak",10,6.37469291687012
"2010-04-27 19:00:00",0.812988102436066,"peak",10,8.12988102436066
"2010-04-27 20:00:00",0.860605001449585,"peak",10,8.60605001449585
"2010-04-27 21:00:00",0.9926518201828,"peak",10,9.926518201828
"2010-04-27 22:00:00",1.02425825595856,"off_peak",3,3.07277476787567
"2010-04-27 23:00:00",0.803362369537354,"off_peak",3,2.41008710861206
"2010-04-28 00:00:00",0.709091424942017,"off_peak",3,2.12727427482605
"2010-04-28 01:00:00",0.618297517299652,"off_peak",3,1.85489255189896
"2010-04-28 02:00:00",0.377832859754562,"off_peak",3,1.13349857926369
"2010-04-28 03:00:00",0.432657539844513,"off_peak",3,1.29797261953354
"2010-04-28 04:00:00",0.35895037651062,"off_peak",3,1.07685112953186
"2010-04-28 05:00:00",0.566221237182617,"off_peak",3,1.69866371154785
"2010-04-28 06:00:00",0.795401811599731,"normal",6,4.77241086959839
"2010-04-28 07:00:00",0.722153306007385,"normal",6,4.33291983604431
"2010-04-28 08:00:00",0.652282476425171,"normal",6,3.91369485855103
"2010-04-28 09:00:00",0.602665662765503,"normal",6,3.61599397659302
"2010-04-28 10:00:00",1.13557052612305,"normal",6,6.81342315673828
"2010-04-28 11:00:00",1.58734917640686,"normal",6,9.52409505844116
"2010-04-28 12:00:00",1.02790153026581,"normal",6,6.16740918159485
"2010-04-28 13:00:00",0.622751891613007,"normal",6,3.73651134967804
"2010-04-28 14:00:00",0.381971389055252,"normal",6,2.29182833433151
"2010-04-28 15:00:00",0.556068956851959,"normal",6,3.33641374111176
"2010-04-28 16:00:00",0.475281089544296,"normal",6,2.85168653726578
"2010-04-28 17:00:00",0.630158662796021,"peak",10,6.30158662796021
"2010-04-28 18:00:00",0.496530205011368,"peak",10,4.96530205011368
"2010-04-28 19:00:00",0.789871394634247,"peak",10,7.89871394634247
"2010-04-28 20:00:00",1.17836439609528,"peak",10,11.7836439609528
"2010-04-28 21:00:00",1.61008477210999,"peak",10,16.1008477210999
"2010-04-28 22:00:00",1.05432116985321,"off_peak",3,3.16296350955963
"2010-04-28 23:00:00",0.511730432510376,"off_peak",3,1.53519129753113
"2010-04-29 00:00:00",0.479385524988174,"off_peak",3,1.43815657496452
"2010-04-29 01:00:00",0.853580355644226,"off_peak",3,2.56074106693268
"2010-04-29 02:00:00",0.472305029630661,"off_peak",3,1.41691508889198
"2010-04-29 03:00:00",0.532068908214569,"off_peak",3,1.59620672464371
"2010-04-29 04:00:00",0.641832649707794,"off_peak",3,1.92549794912338
"2010-04-29 05:00:00",0.636187076568604,"off_peak",3,1.90856122970581
"2010-04-29 06:00:00",0.773013949394226,"normal",6,4.63808369636536
"2010-04-29 07:00:00",1.10644376277924,"normal",6,6.63866257667542
"2010-04-29 08:00:00",1.30497395992279,"normal",6,7.82984375953674
"2010-04-29 09:00:00",1.45090413093567,"normal",6,8.70542478561401
"2010-04-29 10:00:00",1.48211908340454,"normal",6,8.89271450042725
"2010-04-29 11:00:00",1.04953849315643,"normal",6,6.2972309589386
"2010-04-29 12:00:00",0.504549086093903,"normal",6,3.02729451656342
"2010-04-29 13:00:00",0.486941277980804,"normal",6,2.92164766788483
"2010-04-29 14:00:00",0.540967643260956,"normal",6,3.24580585956573
"2010-04-29 15:00:00",0.787685692310333,"normal",6,4.726114153862
"2010-04-29 16:00:00",0.47576054930687,"normal",6,2.85456329584122
"2010-04-29 17:00:00",0.539091289043427,"peak",10,5.39091289043427
"2010-04-29 18:00:00",0.867585301399231,"peak",10,8.67585301399231
"2010-04-29 19:00:00",1.07762575149536,"peak",10,10.7762575149536
"2010-04-29 20:00:00",1.42144310474396,"peak",10,14.2144310474396
"2010-04-29 21:00:00",0.756219685077667,"peak",10,7.56219685077667
"2010-04-29 22:00:00",0.566055178642273,"off_peak",3,1.69816553592682
"2010-04-29 23:00:00",0.484549403190613,"off_peak",3,1.45364820957184
"2010-04-30 00:00:00",0.51592218875885,"off_peak",3,1.54776656627655
"2010-04-30 01:00:00",0.484564989805222,"off_peak",3,1.45369496941566
"2010-04-30 02:00:00",0.576927125453949,"off_peak",3,1.73078137636185
"2010-04-30 03:00:00",0.581010401248932,"off_peak",3,1.7430312037468
"2010-04-30 04:00:00",0.552782297134399,"off_peak",3,1.6583468914032
"2010-04-30 05:00:00",0.409546345472336,"off_peak",3,1.22863903641701
"2010-04-30 06:00:00",0.91073739528656,"normal",6,5.46442437171936
"2010-04-30 07:00:00",0.778251111507416,"normal",6,4.66950666904449
"2010-04-30 08:00:00",0.495497792959213,"normal",6,2.97298675775528
"2010-04-30 09:00:00",0.501998364925385,"normal",6,3.01199018955231
"2010-04-30 10:00:00",0.964280843734741,"normal",6,5.78568506240845
"2010-04-30 11:00:00",1.05677378177643,"normal",6,6.34064269065857
"2010-04-30 12:00:00",0.782300531864166,"normal",6,4.693803191185
"2010-04-30 13:00:00",1.89731931686401,"normal",6,11.3839159011841
"2010-04-30 14:00:00",0.823389053344727,"normal",6,4.94033432006836
"2010-04-30 15:00:00",1.21540427207947,"normal",6,7.29242563247681
"2010-04-30 16:00:00",0.676055252552032,"normal",6,4.05633151531219
"2010-04-30 17:00:00",0.833092391490936,"peak",10,8.33092391490936
"2010-04-30 18:00:00",2.16538691520691,"peak",10,21.6538691520691
"2010-04-30 19:00:00",1.05323231220245,"peak",10,10.5323231220245
"2010-04-30 20:00:00",0.777133762836456,"peak",10,7.77133762836456
"2010-04-30 21:00:00",0.495109647512436,"peak",10,4.95109647512436
"2010-04-30 22:00:00",0.478268384933472,"off_peak",3,1.43480515480042
"2010-04-30 23:00:00",0.619896292686462,"off_peak",3,1.85968887805939
"2010-05-01 00:00:00",0.490711152553558,"off_peak",3,1.47213345766068
"2010-05-01 01:00:00",0.518322944641113,"off_peak",3,1.55496883392334
"2010-05-01 02:00:00",0.577456533908844,"off_peak",3,1.73236960172653
"2010-05-01 03:00:00",0.389490008354187,"off_peak",3,1.16847002506256
"2010-05-01 04:00:00",0.431954979896545,"off_peak",3,1.29586493968964
"2010-05-01 05:00:00",0.486589044332504,"off_peak",3,1.45976713299751
"2010-05-01 06:00:00",0.416598439216614,"normal",6,2.49959063529968
"2010-05-01 07:00:00",0.466052532196045,"normal",6,2.79631519317627
"2010-05-01 08:00:00",0.644228219985962,"normal",6,3.86536931991577
"2010-05-01 09:00:00",0.503692746162415,"normal",6,3.02215647697449
"2010-05-01 10:00:00",0.713285505771637,"normal",6,4.27971303462982
"2010-05-01 11:00:00",1.12910187244415,"normal",6,6.77461123466492
"2010-05-01 12:00:00",1.76284790039062,"normal",6,10.5770874023438
"2010-05-01 13:00:00",1.43050742149353,"normal",6,8.58304452896118
"2010-05-01 14:00:00",0.891165912151337,"normal",6,5.34699547290802
"2010-05-01 15:00:00",1.90290081501007,"normal",6,11.4174048900604
"2010-05-01 16:00:00",1.00841689109802,"normal",6,6.05050134658813
"2010-05-01 17:00:00",0.708079874515533,"peak",10,7.08079874515533
"2010-05-01 18:00:00",0.645608425140381,"peak",10,6.45608425140381
"2010-05-01 19:00:00",0.671382248401642,"peak",10,6.71382248401642
"2010-05-01 20:00:00",1.12881195545197,"peak",10,11.2881195545197
"2010-05-01 21:00:00",1.11612462997437,"peak",10,11.1612462997437
"2010-05-01 22:00:00",1.51394009590149,"off_peak",3,4.54182028770447
"2010-05-01 23:00:00",1.59492599964142,"off_peak",3,4.78477799892426
"2010-05-02 00:00:00",1.09028422832489,"off_peak",3,3.27085268497467
"2010-05-02 01:00:00",0.251494586467743,"off_peak",3,0.754483759403229
"2010-05-02 02:00:00",0.390873104333878,"off_peak",3,1.17261931300163
"2010-05-02 03:00:00",0.496925055980682,"off_peak",3,1.49077516794205
"2010-05-02 04:00:00",0.613866925239563,"off_peak",3,1.84160077571869
"2010-05-02 05:00:00",0.475260853767395,"off_peak",3,1.42578256130219
"2010-05-02 06:00:00",0.523343622684479,"normal",6,3.14006173610687
"2010-05-02 07:00:00",0.595166921615601,"normal",6,3.5710015296936
"2010-05-02 08:00:00",1.43182265758514,"normal",6,8.59093594551086
"2010-05-02 09:00:00",1.43167686462402,"normal",6,8.59006118774414
"2010-05-02 10:00:00",1.67435109615326,"normal",6,10.0461065769196
"2010-05-02 11:00:00",1.03640282154083,"normal",6,6.218416929245
"2010-05-02 12:00:00",1.70943582057953,"normal",6,10.2566149234772
"2010-05-02 13:00:00",2.31789946556091,"normal",6,13.9073967933655
"2010-05-02 14:00:00",2.07736754417419,"normal",6,12.4642052650452
"2010-05-02 15:00:00",2.06143069267273,"normal",6,12.3685841560364
"2010-05-02 16:00:00",2.09218549728394,"normal",6,12.5531129837036
"2010-05-02 17:00:00",1.69023501873016,"peak",10,16.9023501873016
"2010-05-02 18:00:00",1.81988120079041,"peak",10,18.1988120079041
"2010-05-02 19:00:00",1.95365118980408,"peak",10,19.5365118980408
"2010-05-02 20:00:00",2.35161852836609,"peak",10,23.5161852836609
"2010-05-02 21:00:00",2.00928831100464,"peak",10,20.0928831100464
"2010-05-02 22:00:00",1.57231748104095,"off_peak",3,4.71695244312286
"2010-05-02 23:00:00",0.524207949638367,"off_peak",3,1.5726238489151
"2010-05-03 00:00:00",0.477817535400391,"off_peak",3,1.43345260620117
"2010-05-03 01:00:00",0.50263375043869,"off_peak",3,1.50790125131607
"2010-05-03 02:00:00",0.389817535877228,"off_peak",3,1.16945260763168
"2010-05-03 03:00:00",0.369688719511032,"off_peak",3,1.1090661585331
"2010-05-03 04:00:00",0.44461116194725,"off_peak",3,1.33383348584175
"2010-05-03 05:00:00",0.574595093727112,"off_peak",3,1.72378528118134
"2010-05-03 06:00:00",0.709734499454498,"normal",6,4.25840699672699
"2010-05-03 07:00:00",1.15018904209137,"normal",6,6.90113425254822
"2010-05-03 08:00:00",1.53859889507294,"normal",6,9.23159337043762
"2010-05-03 09:00:00",1.18666636943817,"normal",6,7.11999821662903
"2010-05-03 10:00:00",1.21456813812256,"normal",6,7.28740882873535
"2010-05-03 11:00:00",1.16881859302521,"normal",6,7.01291155815125
"2010-05-03 12:00:00",0.947753667831421,"normal",6,5.68652200698853
"2010-05-03 13:00:00",0.752837061882019,"normal",6,4.51702237129211
"2010-05-03 14:00:00",0.407765537500381,"normal",6,2.44659322500229
"2010-05-03 15:00:00",0.457965940237045,"normal",6,2.74779564142227
"2010-05-03 16:00:00",0.456454396247864,"normal",6,2.73872637748718
"2010-05-03 17:00:00",0.482894450426102,"peak",10,4.82894450426102
"2010-05-03 18:00:00",0.547083616256714,"peak",10,5.47083616256714
"2010-05-03 19:00:00",1.2748030424118,"peak",10,12.748030424118
"2010-05-03 20:00:00",1.98654580116272,"peak",10,19.8654580116272
"2010-05-03 21:00:00",2.25849294662476,"peak",10,22.5849294662476
"2010-05-03 22:00:00",1.62145256996155,"off_peak",3,4.86435770988464
"2010-05-03 23:00:00",0.96774160861969,"off_peak",3,2.90322482585907
"2010-05-04 00:00:00",0.361252099275589,"off_peak",3,1.08375629782677
"2010-05-04 01:00:00",0.412149578332901,"off_peak",3,1.2364487349987
"2010-05-04 02:00:00",0.401167035102844,"off_peak",3,1.20350110530853
"2010-05-04 03:00:00",0.343235671520233,"off_peak",3,1.0297070145607
"2010-05-04 04:00:00",0.37939178943634,"off_peak",3,1.13817536830902
"2010-05-04 05:00:00",0.544899225234985,"off_peak",3,1.63469767570496
"2010-05-04 06:00:00",1.03748190402985,"normal",6,6.22489142417908
"2010-05-04 07:00:00",1.43495118618011,"normal",6,8.60970711708069
"2010-05-04 08:00:00",1.39678287506104,"normal",6,8.38069725036621
"2010-05-04 09:00:00",1.48659908771515,"normal",6,8.91959452629089
"2010-05-04 10:00:00",1.5479531288147,"normal",6,9.28771877288818
"2010-05-04 11:00:00",1.56109058856964,"normal",6,9.36654353141785
"2010-05-04 12:00:00",1.35752928256989,"normal",6,8.14517569541931
"2010-05-04 13:00:00",1.22345542907715,"normal",6,7.34073257446289
"2010-05-04 14:00:00",1.01496744155884,"normal",6,6.08980464935303
"2010-05-04 15:00:00",1.07147598266602,"normal",6,6.42885589599609
"2010-05-04 16:00:00",1.06395983695984,"normal",6,6.38375902175903
"2010-05-04 17:00:00",0.628773808479309,"peak",10,6.28773808479309
"2010-05-04 18:00:00",0.741307020187378,"peak",10,7.41307020187378
"2010-05-04 19:00:00",1.16755723953247,"peak",10,11.6755723953247
"2010-05-04 20:00:00",1.78725981712341,"peak",10,17.8725981712341
"2010-05-04 21:00:00",1.86626708507538,"peak",10,18.6626708507538
"2010-05-04 22:00:00",1.39277803897858,"off_peak",3,4.17833411693573
"2010-05-04 23:00:00",0.650057137012482,"off_peak",3,1.95017141103745
"2010-05-05 00:00:00",0.481989949941635,"off_peak",3,1.44596984982491
"2010-05-05 01:00:00",0.395014703273773,"off_peak",3,1.18504410982132
"2010-05-05 02:00:00",0.344329595565796,"off_peak",3,1.03298878669739
"2010-05-05 03:00:00",0.389968454837799,"off_peak",3,1.1699053645134
"2010-05-05 04:00:00",0.396909832954407,"off_peak",3,1.19072949886322
"2010-05-05 05:00:00",0.63664698600769,"off_peak",3,1.90994095802307
"2010-05-05 06:00:00",0.813767671585083,"normal",6,4.8826060295105
"2010-05-05 07:00:00",1.18215215206146,"normal",6,7.09291291236877
"2010-05-05 08:00:00",1.50725698471069,"normal",6,9.04354190826416
"2010-05-05 09:00:00",1.23125290870667,"normal",6,7.38751745223999
"2010-05-05 10:00:00",1.84573364257812,"normal",6,11.0744018554688
"2010-05-05 11:00:00",1.72552382946014,"normal",6,10.3531429767609
"2010-05-05 12:00:00",1.52747654914856,"normal",6,9.16485929489136
"2010-05-05 13:00:00",1.44207167625427,"normal",6,8.65243005752563
"2010-05-05 14:00:00",1.32541358470917,"normal",6,7.952481508255
"2010-05-05 15:00:00",1.74211192131042,"normal",6,10.4526715278625
"2010-05-05 16:00:00",1.46146595478058,"normal",6,8.76879572868347
"2010-05-05 17:00:00",0.881741762161255,"peak",10,8.81741762161255
"2010-05-05 18:00:00",0.901423990726471,"peak",10,9.01423990726471
"2010-05-05 19:00:00",1.79335808753967,"peak",10,17.9335808753967
"2010-05-05 20:00:00",2.05940937995911,"peak",10,20.5940937995911
"2010-05-05 21:00:00",1.91455221176147,"peak",10,19.1455221176147
"2010-05-05 22:00:00",1.40273916721344,"off_peak",3,4.20821750164032
"2010-05-05 23:00:00",0.794332087039948,"off_peak",3,2.38299626111984
"2010-05-06 00:00:00",0.463293135166168,"off_peak",3,1.3898794054985
"2010-05-06 01:00:00",0.368562191724777,"off_peak",3,1.10568657517433
"2010-05-06 02:00:00",0.429558902978897,"off_peak",3,1.28867670893669
"2010-05-06 03:00:00",0.381996423006058,"off_peak",3,1.14598926901817
"2010-05-06 04:00:00",0.579439699649811,"off_peak",3,1.73831909894943
"2010-05-06 05:00:00",0.406151980161667,"off_peak",3,1.218455940485
"2010-05-06 06:00:00",0.930348575115204,"normal",6,5.58209145069122
"2010-05-06 07:00:00",1.18747997283936,"normal",6,7.12487983703613
"2010-05-06 08:00:00",1.39735317230225,"normal",6,8.38411903381348
"2010-05-06 09:00:00",1.55067813396454,"normal",6,9.30406880378723
"2010-05-06 10:00:00",1.2286913394928,"normal",6,7.37214803695679
"2010-05-06 11:00:00",1.1729462146759,"normal",6,7.03767728805542
"2010-05-06 12:00:00",1.21747934818268,"normal",6,7.30487608909607
"2010-05-06 13:00:00",1.23069763183594,"normal",6,7.38418579101562
"2010-05-06 14:00:00",0.783790946006775,"normal",6,4.70274567604065
"2010-05-06 15:00:00",0.509497702121735,"normal",6,3.05698621273041
"2010-05-06 16:00:00",0.56862211227417,"normal",6,3.41173267364502
"2010-05-06 17:00:00",0.517214119434357,"peak",10,5.17214119434357
"2010-05-06 18:00:00",0.706243634223938,"peak",10,7.06243634223938
"2010-05-06 19:00:00",1.64482450485229,"peak",10,16.4482450485229
"2010-05-06 20:00:00",1.80455470085144,"peak",10,18.0455470085144
"2010-05-06 21:00:00",1.60476422309875,"peak",10,16.0476422309875
"2010-05-06 22:00:00",0.865103125572205,"off_peak",3,2.59530937671661
"2010-05-06 23:00:00",0.59718519449234,"off_peak",3,1.79155558347702
"2010-05-07 00:00:00",0.467269748449326,"off_peak",3,1.40180924534798
"2010-05-07 01:00:00",0.375142753124237,"off_peak",3,1.12542825937271
"2010-05-07 02:00:00",0.375038295984268,"off_peak",3,1.1251148879528
"2010-05-07 03:00:00",0.41003692150116,"off_peak",3,1.23011076450348
"2010-05-07 04:00:00",0.440181612968445,"off_peak",3,1.32054483890533
"2010-05-07 05:00:00",0.391530305147171,"off_peak",3,1.17459091544151
"2010-05-07 06:00:00",0.774402558803558,"normal",6,4.64641535282135
"2010-05-07 07:00:00",1.50448167324066,"normal",6,9.02689003944397
"2010-05-07 08:00:00",1.58333897590637,"normal",6,9.50003385543823
"2010-05-07 09:00:00",1.49005377292633,"normal",6,8.94032263755798
"2010-05-07 10:00:00",1.61695373058319,"normal",6,9.70172238349915
"2010-05-07 11:00:00",1.16011416912079,"normal",6,6.96068501472473
"2010-05-07 12:00:00",1.31914639472961,"normal",6,7.91487836837769
"2010-05-07 13:00:00",1.41997504234314,"normal",6,8.51985025405884
"2010-05-07 14:00:00",0.663138926029205,"normal",6,3.97883355617523
"2010-05-07 15:00:00",0.747327983379364,"normal",6,4.48396790027618
"2010-05-07 16:00:00",1.15963327884674,"normal",6,6.95779967308044
"2010-05-07 17:00:00",1.05119931697845,"peak",10,10.5119931697845
"2010-05-07 18:00:00",0.63722425699234,"peak",10,6.3722425699234
"2010-05-07 19:00:00",1.14581227302551,"peak",10,11.4581227302551
"2010-05-07 20:00:00",1.52897870540619,"peak",10,15.2897870540619
"2010-05-07 21:00:00",2.0315043926239,"peak",10,20.315043926239
"2010-05-07 22:00:00",1.47227954864502,"off_peak",3,4.41683864593506
"2010-05-07 23:00:00",0.925614774227142,"off_peak",3,2.77684432268143
"2010-05-08 00:00:00",0.82972663640976,"off_peak",3,2.48917990922928
"2010-05-08 01:00:00",0.579445600509644,"off_peak",3,1.73833680152893
"2010-05-08 02:00:00",1.65979051589966,"off_peak",3,4.97937154769897
"2010-05-08 03:00:00",0.79231733083725,"off_peak",3,2.37695199251175
"2010-05-08 04:00:00",0.572570621967316,"off_peak",3,1.71771186590195
"2010-05-08 05:00:00",0.34836944937706,"off_peak",3,1.04510834813118
"2010-05-08 06:00:00",0.58332633972168,"normal",6,3.49995803833008
"2010-05-08 07:00:00",0.61920166015625,"normal",6,3.7152099609375
"2010-05-08 08:00:00",0.654584169387817,"normal",6,3.9275050163269
"2010-05-08 09:00:00",1.18288457393646,"normal",6,7.09730744361877
"2010-05-08 10:00:00",1.89975547790527,"normal",6,11.3985328674316
"2010-05-08 11:00:00",1.87359166145325,"normal",6,11.2415499687195
"2010-05-08 12:00:00",1.85332334041595,"normal",6,11.1199400424957
"2010-05-08 13:00:00",1.70074880123138,"normal",6,10.2044928073883
"2010-05-08 14:00:00",1.76721453666687,"normal",6,10.6032872200012
"2010-05-08 15:00:00",1.44307565689087,"normal",6,8.65845394134521
"2010-05-08 16:00:00",0.712407827377319,"normal",6,4.27444696426392
"2010-05-08 17:00:00",0.529945611953735,"peak",10,5.29945611953735
"2010-05-08 18:00:00",0.638299167156219,"peak",10,6.38299167156219
"2010-05-08 19:00:00",0.719282209873199,"peak",10,7.19282209873199
"2010-05-08 20:00:00",0.568520307540894,"peak",10,5.68520307540894
"2010-05-08 21:00:00",0.980976164340973,"peak",10,9.80976164340973
"2010-05-08 22:00:00",2.23141145706177,"off_peak",3,6.6942343711853
"2010-05-08 23:00:00",0.792850077152252,"off_peak",3,2.37855023145676
"2010-05-09 00:00:00",0.495491057634354,"off_peak",3,1.48647317290306
"2010-05-09 01:00:00",0.448317974805832,"off_peak",3,1.3449539244175
"2010-05-09 02:00:00",0.529399812221527,"off_peak",3,1.58819943666458
"2010-05-09 03:00:00",0.457769095897675,"off_peak",3,1.37330728769302
"2010-05-09 04:00:00",0.48861101269722,"off_peak",3,1.46583303809166
"2010-05-09 05:00:00",0.399300098419189,"off_peak",3,1.19790029525757
"2010-05-09 06:00:00",0.485755026340485,"normal",6,2.91453015804291
"2010-05-09 07:00:00",0.910007238388062,"normal",6,5.46004343032837
"2010-05-09 08:00:00",1.10083699226379,"normal",6,6.60502195358276
"2010-05-09 09:00:00",1.13019597530365,"normal",6,6.7811758518219
"2010-05-09 10:00:00",1.14389705657959,"normal",6,6.86338233947754
"2010-05-09 11:00:00",2.12443375587463,"normal",6,12.7466025352478
"2010-05-09 12:00:00",1.8926887512207,"normal",6,11.3561325073242
"2010-05-09 13:00:00",1.55072200298309,"normal",6,9.30433201789856
"2010-05-09 14:00:00",1.58083701133728,"normal",6,9.48502206802368
"2010-05-09 15:00:00",1.66071903705597,"normal",6,9.96431422233582
"2010-05-09 16:00:00",1.02815628051758,"normal",6,6.16893768310547
"2010-05-09 17:00:00",1.00647783279419,"peak",10,10.0647783279419
"2010-05-09 18:00:00",1.35141050815582,"peak",10,13.5141050815582
"2010-05-09 19:00:00",1.47309529781342,"peak",10,14.7309529781342
"2010-05-09 20:00:00",2.01004791259766,"peak",10,20.1004791259766
"2010-05-09 21:00:00",2.25145626068115,"peak",10,22.5145626068115
"2010-05-09 22:00:00",1.6564769744873,"off_peak",3,4.96943092346191
"2010-05-09 23:00:00",0.707702994346619,"off_peak",3,2.12310898303986
"2010-05-10 00:00:00",0.413699448108673,"off_peak",3,1.24109834432602
"2010-05-10 01:00:00",0.423059493303299,"off_peak",3,1.2691784799099
"2010-05-10 02:00:00",0.388316780328751,"off_peak",3,1.16495034098625
"2010-05-10 03:00:00",0.421028077602386,"off_peak",3,1.26308423280716
"2010-05-10 04:00:00",0.463648945093155,"off_peak",3,1.39094683527946
"2010-05-10 05:00:00",0.504188716411591,"off_peak",3,1.51256614923477
"2010-05-10 06:00:00",0.799544155597687,"normal",6,4.79726493358612
"2010-05-10 07:00:00",1.74332547187805,"normal",6,10.4599528312683
"2010-05-10 08:00:00",1.51831769943237,"normal",6,9.10990619659424
"2010-05-10 09:00:00",1.35206604003906,"normal",6,8.11239624023438
"2010-05-10 10:00:00",1.17651450634003,"normal",6,7.05908703804016
"2010-05-10 11:00:00",1.22524011135101,"normal",6,7.35144066810608
"2010-05-10 12:00:00",1.2776643037796,"normal",6,7.66598582267761
"2010-05-10 13:00:00",0.849336922168732,"normal",6,5.09602153301239
"2010-05-10 14:00:00",0.427864283323288,"normal",6,2.56718569993973
"2010-05-10 15:00:00",0.683912754058838,"normal",6,4.10347652435303
"2010-05-10 16:00:00",0.497429728507996,"normal",6,2.98457837104797
"2010-05-10 17:00:00",0.590180814266205,"peak",10,5.90180814266205
"2010-05-10 18:00:00",0.654191434383392,"peak",10,6.54191434383392
"2010-05-10 19:00:00",1.0961629152298,"peak",10,10.961629152298
"2010-05-10 20:00:00",2.06118965148926,"peak",10,20.6118965148926
"2010-05-10 21:00:00",2.5037214756012,"peak",10,25.037214756012
"2010-05-10 22:00:00",1.4892395734787,"off_peak",3,4.4677187204361
"2010-05-10 23:00:00",1.08549797534943,"off_peak",3,3.25649392604828
"2010-05-11 00:00:00",1.02717518806458,"off_peak",3,3.08152556419373
"2010-05-11 01:00:00",0.967699468135834,"off_peak",3,2.9030984044075
"2010-05-11 02:00:00",1.20490896701813,"off_peak",3,3.61472690105438
"2010-05-11 03:00:00",1.20285749435425,"off_peak",3,3.60857248306274
"2010-05-11 04:00:00",0.384826868772507,"off_peak",3,1.15448060631752
"2010-05-11 05:00:00",0.394327759742737,"off_peak",3,1.18298327922821
"2010-05-11 06:00:00",0.812805652618408,"normal",6,4.87683391571045
"2010-05-11 07:00:00",1.5263340473175,"normal",6,9.15800428390503
"2010-05-11 08:00:00",1.66307020187378,"normal",6,9.97842121124268
"2010-05-11 09:00:00",1.81185030937195,"normal",6,10.8711018562317
"2010-05-11 10:00:00",1.57371592521667,"normal",6,9.44229555130005
"2010-05-11 11:00:00",1.56548261642456,"normal",6,9.39289569854736
"2010-05-11 12:00:00",1.49994230270386,"normal",6,8.99965381622314
"2010-05-11 13:00:00",0.960647940635681,"normal",6,5.76388764381409
"2010-05-11 14:00:00",0.770506799221039,"normal",6,4.62304079532623
"2010-05-11 15:00:00",0.601618230342865,"normal",6,3.60970938205719
"2010-05-11 16:00:00",0.640541017055511,"normal",6,3.84324610233307
"2010-05-11 17:00:00",0.750803828239441,"peak",10,7.50803828239441
"2010-05-11 18:00:00",0.93525767326355,"peak",10,9.3525767326355
"2010-05-11 19:00:00",1.36681377887726,"peak",10,13.6681377887726
"2010-05-11 20:00:00",1.90580570697784,"peak",10,19.0580570697784
"2010-05-11 21:00:00",1.30761635303497,"peak",10,13.0761635303497
"2010-05-11 22:00:00",0.91866672039032,"off_peak",3,2.75600016117096
"2010-05-11 23:00:00",0.626192629337311,"off_peak",3,1.87857788801193
"2010-05-12 00:00:00",0.595937192440033,"off_peak",3,1.7878115773201
"2010-05-12 01:00:00",0.356983184814453,"off_peak",3,1.07094955444336
"2010-05-12 02:00:00",0.444508224725723,"off_peak",3,1.33352467417717
"2010-05-12 03:00:00",0.580164551734924,"off_peak",3,1.74049365520477
"2010-05-12 04:00:00",0.408695042133331,"off_peak",3,1.22608512639999
"2010-05-12 05:00:00",0.409473389387131,"off_peak",3,1.22842016816139
"2010-05-12 06:00:00",0.987844049930573,"normal",6,5.92706429958344
"2010-05-12 07:00:00",1.56585454940796,"normal",6,9.39512729644775
"2010-05-12 08:00:00",1.90249514579773,"normal",6,11.4149708747864
"2010-05-12 09:00:00",1.67882800102234,"normal",6,10.072968006134
"2010-05-12 10:00:00",1.67411172389984,"normal",6,10.044670343399
"2010-05-12 11:00:00",1.43104362487793,"normal",6,8.58626174926758
"2010-05-12 12:00:00",1.56520557403564,"normal",6,9.39123344421387
"2010-05-12 13:00:00",1.55365669727325,"normal",6,9.32194018363953
"2010-05-12 14:00:00",1.33723485469818,"normal",6,8.02340912818909
"2010-05-12 15:00:00",2.10370898246765,"normal",6,12.6222538948059
"2010-05-12 16:00:00",1.4170458316803,"normal",6,8.50227499008179
"2010-05-12 17:00:00",1.40941381454468,"peak",10,14.0941381454468
"2010-05-12 18:00:00",2.3443284034729,"peak",10,23.443284034729
"2010-05-12 19:00:00",1.19789338111877,"peak",10,11.9789338111877
"2010-05-12 20:00:00",1.41566562652588,"peak",10,14.1566562652588
"2010-05-12 21:00:00",1.97010397911072,"peak",10,19.7010397911072
"2010-05-12 22:00:00",1.31688606739044,"off_peak",3,3.95065820217133
"2010-05-12 23:00:00",0.847679495811462,"off_peak",3,2.54303848743439
"2010-05-13 00:00:00",0.936732470989227,"off_peak",3,2.81019741296768
"2010-05-13 01:00:00",0.348455280065536,"off_peak",3,1.04536584019661
"2010-05-13 02:00:00",0.396709769964218,"off_peak",3,1.19012930989265
"2010-05-13 03:00:00",0.395943999290466,"off_peak",3,1.1878319978714
"2010-05-13 04:00:00",0.383963614702225,"off_peak",3,1.15189084410667
"2010-05-13 05:00:00",0.411451607942581,"off_peak",3,1.23435482382774
"2010-05-13 06:00:00",1.01570868492126,"normal",6,6.09425210952759
"2010-05-13 07:00:00",1.01842069625854,"normal",6,6.11052417755127
"2010-05-13 08:00:00",0.95879191160202,"normal",6,5.75275146961212
"2010-05-13 09:00:00",1.43774926662445,"normal",6,8.6264955997467
"2010-05-13 10:00:00",1.02391982078552,"normal",6,6.14351892471313
"2010-05-13 11:00:00",1.42479634284973,"normal",6,8.54877805709839
"2010-05-13 12:00:00",1.64748597145081,"normal",6,9.88491582870483
"2010-05-13 13:00:00",1.51529395580292,"normal",6,9.0917637348175
"2010-05-13 14:00:00",1.09703612327576,"normal",6,6.58221673965454
"2010-05-13 15:00:00",1.24592232704163,"normal",6,7.47553396224976
"2010-05-13 16:00:00",0.721325278282166,"normal",6,4.32795166969299
"2010-05-13 17:00:00",0.876620769500732,"peak",10,8.76620769500732
"2010-05-13 18:00:00",1.00157570838928,"peak",10,10.0157570838928
"2010-05-13 19:00:00",2.33202242851257,"peak",10,23.3202242851257
"2010-05-13 20:00:00",1.54014909267426,"peak",10,15.4014909267426
"2010-05-13 21:00:00",1.80764544010162,"peak",10,18.0764544010162
"2010-05-13 22:00:00",1.56880939006805,"off_peak",3,4.70642817020416
"2010-05-13 23:00:00",0.900220036506653,"off_peak",3,2.70066010951996
"2010-05-14 00:00:00",0.40964612364769,"off_peak",3,1.22893837094307
"2010-05-14 01:00:00",0.415380388498306,"off_peak",3,1.24614116549492
"2010-05-14 02:00:00",0.452620685100555,"off_peak",3,1.35786205530167
"2010-05-14 03:00:00",0.420924007892609,"off_peak",3,1.26277202367783
"2010-05-14 04:00:00",0.485597461462021,"off_peak",3,1.45679238438606
"2010-05-14 05:00:00",0.493748813867569,"off_peak",3,1.48124644160271
"2010-05-14 06:00:00",0.916357100009918,"normal",6,5.49814260005951
"2010-05-14 07:00:00",2.04621934890747,"normal",6,12.2773160934448
"2010-05-14 08:00:00",1.67383897304535,"normal",6,10.0430338382721
"2010-05-14 09:00:00",1.63303089141846,"normal",6,9.79818534851074
"2010-05-14 10:00:00",1.77404344081879,"normal",6,10.6442606449127
"2010-05-14 11:00:00",1.31578588485718,"normal",6,7.89471530914307
"2010-05-14 12:00:00",1.45258045196533,"normal",6,8.71548271179199
"2010-05-14 13:00:00",1.39322054386139,"normal",6,8.35932326316833
"2010-05-14 14:00:00",1.28640341758728,"normal",6,7.71842050552368
"2010-05-14 15:00:00",1.2879364490509,"normal",6,7.72761869430542
"2010-05-14 16:00:00",1.22765350341797,"normal",6,7.36592102050781
"2010-05-14 17:00:00",1.54000103473663,"peak",10,15.4000103473663
"2010-05-14 18:00:00",1.36249923706055,"peak",10,13.6249923706055
"2010-05-14 19:00:00",1.57217967510223,"peak",10,15.7217967510223
"2010-05-14 20:00:00",1.83944571018219,"peak",10,18.3944571018219
"2010-05-14 21:00:00",1.74492931365967,"peak",10,17.4492931365967
"2010-05-14 22:00:00",0.818990767002106,"off_peak",3,2.45697230100632
"2010-05-14 23:00:00",0.535885810852051,"off_peak",3,1.60765743255615
"2010-05-15 00:00:00",0.416776835918427,"off_peak",3,1.25033050775528
"2010-05-15 01:00:00",0.440491110086441,"off_peak",3,1.32147333025932
"2010-05-15 02:00:00",0.404287159442902,"off_peak",3,1.2128614783287
"2010-05-15 03:00:00",0.433283895254135,"off_peak",3,1.29985168576241
"2010-05-15 04:00:00",0.507082223892212,"off_peak",3,1.52124667167664
"2010-05-15 05:00:00",0.498044580221176,"off_peak",3,1.49413374066353
"2010-05-15 06:00:00",0.880412936210632,"normal",6,5.28247761726379
"2010-05-15 07:00:00",1.27769935131073,"normal",6,7.66619610786438
"2010-05-15 08:00:00",1.69777393341064,"normal",6,10.1866436004639
"2010-05-15 09:00:00",1.7532045841217,"normal",6,10.5192275047302
"2010-05-15 10:00:00",1.71914386749268,"normal",6,10.3148632049561
"2010-05-15 11:00:00",1.28678643703461,"normal",6,7.72071862220764
"2010-05-15 12:00:00",0.842674612998962,"normal",6,5.05604767799377
"2010-05-15 13:00:00",1.04001033306122,"normal",6,6.24006199836731
"2010-05-15 14:00:00",1.63599073886871,"normal",6,9.81594443321228
"2010-05-15 15:00:00",1.08450782299042,"normal",6,6.5070469379425
"2010-05-15 16:00:00",0.868412256240845,"normal",6,5.21047353744507
"2010-05-15 17:00:00",0.916969060897827,"peak",10,9.16969060897827
"2010-05-15 18:00:00",0.996960282325745,"peak",10,9.96960282325745
"2010-05-15 19:00:00",1.26822423934937,"peak",10,12.6822423934937
"2010-05-15 20:00:00",1.74133038520813,"peak",10,17.4133038520813
"2010-05-15 21:00:00",2.55550694465637,"peak",10,25.5550694465637
"2010-05-15 22:00:00",2.15423512458801,"off_peak",3,6.46270537376404
"2010-05-15 23:00:00",1.99284017086029,"off_peak",3,5.97852051258087
"2010-05-16 00:00:00",1.90153348445892,"off_peak",3,5.70460045337677
"2010-05-16 01:00:00",1.31228816509247,"off_peak",3,3.9368644952774
"2010-05-16 02:00:00",1.51787185668945,"off_peak",3,4.55361557006836
"2010-05-16 03:00:00",1.50151669979095,"off_peak",3,4.50455009937286
"2010-05-16 04:00:00",1.30921292304993,"off_peak",3,3.92763876914978
"2010-05-16 05:00:00",0.309792250394821,"off_peak",3,0.929376751184464
"2010-05-16 06:00:00",0.729945003986359,"normal",6,4.37967002391815
"2010-05-16 07:00:00",0.519107162952423,"normal",6,3.11464297771454
"2010-05-16 08:00:00",0.573579549789429,"normal",6,3.44147729873657
"2010-05-16 09:00:00",1.01048493385315,"normal",6,6.0629096031189
"2010-05-16 10:00:00",1.79072630405426,"normal",6,10.7443578243256
"2010-05-16 11:00:00",1.53263175487518,"normal",6,9.1957905292511
"2010-05-16 12:00:00",1.05804753303528,"normal",6,6.34828519821167
"2010-05-16 13:00:00",1.03455245494843,"normal",6,6.20731472969055
"2010-05-16 14:00:00",1.68946051597595,"normal",6,10.1367630958557
"2010-05-16 15:00:00",2.26221752166748,"normal",6,13.5733051300049
"2010-05-16 16:00:00",0.92303204536438,"normal",6,5.53819227218628
"2010-05-16 17:00:00",0.985958516597748,"peak",10,9.85958516597748
"2010-05-16 18:00:00",1.18690371513367,"peak",10,11.8690371513367
"2010-05-16 19:00:00",1.86710476875305,"peak",10,18.6710476875305
"2010-05-16 20:00:00",2.43965673446655,"peak",10,24.3965673446655
"2010-05-16 21:00:00",2.34013819694519,"peak",10,23.4013819694519
"2010-05-16 22:00:00",1.65510165691376,"off_peak",3,4.96530497074127
"2010-05-16 23:00:00",0.987706780433655,"off_peak",3,2.96312034130096
"2010-05-17 00:00:00",0.879631519317627,"off_peak",3,2.63889455795288
"2010-05-17 01:00:00",0.476184844970703,"off_peak",3,1.42855453491211
"2010-05-17 02:00:00",0.381396621465683,"off_peak",3,1.14418986439705
"2010-05-17 03:00:00",0.386192947626114,"off_peak",3,1.15857884287834
"2010-05-17 04:00:00",0.374181419610977,"off_peak",3,1.12254425883293
"2010-05-17 05:00:00",0.519351899623871,"off_peak",3,1.55805569887161
"2010-05-17 06:00:00",0.741891026496887,"normal",6,4.45134615898132
"2010-05-17 07:00:00",1.92438185214996,"normal",6,11.5462911128998
"2010-05-17 08:00:00",1.62816190719604,"normal",6,9.76897144317627
"2010-05-17 09:00:00",1.33789551258087,"normal",6,8.02737307548523
"2010-05-17 10:00:00",1.34806299209595,"normal",6,8.08837795257568
"2010-05-17 11:00:00",1.34364426136017,"normal",6,8.06186556816101
"2010-05-17 12:00:00",1.22353374958038,"normal",6,7.3412024974823
"2010-05-17 13:00:00",1.26069390773773,"normal",6,7.56416344642639
"2010-05-17 14:00:00",1.08025002479553,"normal",6,6.48150014877319
"2010-05-17 15:00:00",1.21825957298279,"normal",6,7.30955743789673
"2010-05-17 16:00:00",1.13579165935516,"normal",6,6.81474995613098
"2010-05-17 17:00:00",1.36452579498291,"peak",10,13.6452579498291
"2010-05-17 18:00:00",1.43050634860992,"peak",10,14.3050634860992
"2010-05-17 19:00:00",1.28868973255157,"peak",10,12.8868973255157
"2010-05-17 20:00:00",1.45816171169281,"peak",10,14.5816171169281
"2010-05-17 21:00:00",1.82292401790619,"peak",10,18.2292401790619
"2010-05-17 22:00:00",1.57242047786713,"off_peak",3,4.71726143360138
"2010-05-17 23:00:00",0.64272141456604,"off_peak",3,1.92816424369812
"2010-05-18 00:00:00",0.494578868150711,"off_peak",3,1.48373660445213
"2010-05-18 01:00:00",0.43592444062233,"off_peak",3,1.30777332186699
"2010-05-18 02:00:00",0.508331179618835,"off_peak",3,1.52499353885651
"2010-05-18 03:00:00",0.411304533481598,"off_peak",3,1.23391360044479
"2010-05-18 04:00:00",0.456045061349869,"off_peak",3,1.36813518404961
"2010-05-18 05:00:00",0.431521981954575,"off_peak",3,1.29456594586372
"2010-05-18 06:00:00",0.883100628852844,"normal",6,5.29860377311707
"2010-05-18 07:00:00",1.69397687911987,"normal",6,10.1638612747192
"2010-05-18 08:00:00",1.60496890544891,"normal",6,9.62981343269348
"2010-05-18 09:00:00",1.42583847045898,"normal",6,8.55503082275391
"2010-05-18 10:00:00",1.47463774681091,"normal",6,8.84782648086548
"2010-05-18 11:00:00",1.38276469707489,"normal",6,8.29658818244934
"2010-05-18 12:00:00",1.30102396011353,"normal",6,7.80614376068115
"2010-05-18 13:00:00",1.2819299697876,"normal",6,7.69157981872559
"2010-05-18 14:00:00",1.27404832839966,"normal",6,7.64428997039795
"2010-05-18 15:00:00",0.848926484584808,"normal",6,5.09355890750885
"2010-05-18 16:00:00",0.767113626003265,"normal",6,4.60268175601959
"2010-05-18 17:00:00",0.822239875793457,"peak",10,8.22239875793457
"2010-05-18 18:00:00",0.948406755924225,"peak",10,9.48406755924225
"2010-05-18 19:00:00",1.54407429695129,"peak",10,15.4407429695129
"2010-05-18 20:00:00",1.67941653728485,"peak",10,16.7941653728485
"2010-05-18 21:00:00",2.00268316268921,"peak",10,20.0268316268921
"2010-05-18 22:00:00",1.07040369510651,"off_peak",3,3.21121108531952
"2010-05-18 23:00:00",0.58549040555954,"off_peak",3,1.75647121667862
"2010-05-19 00:00:00",0.515234470367432,"off_peak",3,1.54570341110229
"2010-05-19 01:00:00",0.598084568977356,"off_peak",3,1.79425370693207
"2010-05-19 02:00:00",0.5909304022789,"off_peak",3,1.7727912068367
"2010-05-19 03:00:00",0.522124350070953,"off_peak",3,1.56637305021286
"2010-05-19 04:00:00",0.453651577234268,"off_peak",3,1.3609547317028
"2010-05-19 05:00:00",0.464991837739944,"off_peak",3,1.39497551321983
"2010-05-19 06:00:00",0.902866959571838,"normal",6,5.41720175743103
"2010-05-19 07:00:00",1.80431342124939,"normal",6,10.8258805274963
"2010-05-19 08:00:00",1.39965558052063,"normal",6,8.39793348312378
"2010-05-19 09:00:00",1.51287651062012,"normal",6,9.0772590637207
"2010-05-19 10:00:00",1.58489394187927,"normal",6,9.50936365127563
"2010-05-19 11:00:00",1.46093940734863,"normal",6,8.7656364440918
"2010-05-19 12:00:00",1.6713011264801,"normal",6,10.0278067588806
"2010-05-19 13:00:00",1.36961805820465,"normal",6,8.21770834922791
"2010-05-19 14:00:00",0.507050395011902,"normal",6,3.04230237007141
"2010-05-19 15:00:00",1.07644784450531,"normal",6,6.45868706703186
"2010-05-19 16:00:00",0.902356386184692,"normal",6,5.41413831710815
"2010-05-19 17:00:00",0.813674807548523,"peak",10,8.13674807548523
"2010-05-19 18:00:00",0.705904066562653,"peak",10,7.05904066562653
"2010-05-19 19:00:00",1.14708817005157,"peak",10,11.4708817005157
"2010-05-19 20:00:00",1.70180916786194,"peak",10,17.0180916786194
"2010-05-19 21:00:00",2.07565546035767,"peak",10,20.7565546035767
"2010-05-19 22:00:00",1.19513237476349,"off_peak",3,3.58539712429047
"2010-05-19 23:00:00",0.511992216110229,"off_peak",3,1.53597664833069
"2010-05-20 00:00:00",0.75104296207428,"off_peak",3,2.25312888622284
"2010-05-20 01:00:00",0.418291062116623,"off_peak",3,1.25487318634987
"2010-05-20 02:00:00",0.453729838132858,"off_peak",3,1.36118951439857
"2010-05-20 03:00:00",0.41849473118782,"off_peak",3,1.25548419356346
"2010-05-20 04:00:00",0.447678536176682,"off_peak",3,1.34303560853004
"2010-05-20 05:00:00",0.390158355236053,"off_peak",3,1.17047506570816
"2010-05-20 06:00:00",0.662208914756775,"normal",6,3.97325348854065
"2010-05-20 07:00:00",1.32995581626892,"normal",6,7.97973489761353
"2010-05-20 08:00:00",1.53861308097839,"normal",6,9.23167848587036
"2010-05-20 09:00:00",1.4905424118042,"normal",6,8.9432544708252
"2010-05-20 10:00:00",1.31697571277618,"normal",6,7.9018542766571
"2010-05-20 11:00:00",1.45619702339172,"normal",6,8.73718214035034
"2010-05-20 12:00:00",1.32721531391144,"normal",6,7.96329188346863
"2010-05-20 13:00:00",1.13644182682037,"normal",6,6.81865096092224
"2010-05-20 14:00:00",0.645332038402557,"normal",6,3.87199223041534
"2010-05-20 15:00:00",0.765770792961121,"normal",6,4.59462475776672
"2010-05-20 16:00:00",0.467723488807678,"normal",6,2.80634093284607
"2010-05-20 17:00:00",0.706591546535492,"peak",10,7.06591546535492
"2010-05-20 18:00:00",0.820267200469971,"peak",10,8.20267200469971
"2010-05-20 19:00:00",1.60395181179047,"peak",10,16.0395181179047
"2010-05-20 20:00:00",1.75203394889832,"peak",10,17.5203394889832
"2010-05-20 21:00:00",1.02101147174835,"peak",10,10.2101147174835
"2010-05-20 22:00:00",0.750247478485107,"off_peak",3,2.25074243545532
"2010-05-20 23:00:00",0.629195749759674,"off_peak",3,1.88758724927902
"2010-05-21 00:00:00",0.579563438892365,"off_peak",3,1.73869031667709
"2010-05-21 01:00:00",0.451422870159149,"off_peak",3,1.35426861047745
"2010-05-21 02:00:00",0.622172653675079,"off_peak",3,1.86651796102524
"2010-05-21 03:00:00",0.608130931854248,"off_peak",3,1.82439279556274
"2010-05-21 04:00:00",0.470187813043594,"off_peak",3,1.41056343913078
"2010-05-21 05:00:00",0.420512437820435,"off_peak",3,1.2615373134613
"2010-05-21 06:00:00",0.962570607662201,"normal",6,5.77542364597321
"2010-05-21 07:00:00",1.07945466041565,"normal",6,6.4767279624939
"2010-05-21 08:00:00",1.42821025848389,"normal",6,8.56926155090332
"2010-05-21 09:00:00",1.65142822265625,"normal",6,9.9085693359375
"2010-05-21 10:00:00",1.63124859333038,"normal",6,9.7874915599823
"2010-05-21 11:00:00",1.44184613227844,"normal",6,8.65107679367065
"2010-05-21 12:00:00",1.43884479999542,"normal",6,8.63306879997253
"2010-05-21 13:00:00",0.712944209575653,"normal",6,4.27766525745392
"2010-05-21 14:00:00",0.593281447887421,"normal",6,3.55968868732452
"2010-05-21 15:00:00",0.873813271522522,"normal",6,5.24287962913513
"2010-05-21 16:00:00",1.30539238452911,"normal",6,7.83235430717468
"2010-05-21 17:00:00",0.813082814216614,"peak",10,8.13082814216614
"2010-05-21 18:00:00",0.574374079704285,"peak",10,5.74374079704285
"2010-05-21 19:00:00",1.13383173942566,"peak",10,11.3383173942566
"2010-05-21 20:00:00",1.51065373420715,"peak",10,15.1065373420715
"2010-05-21 21:00:00",1.65049564838409,"peak",10,16.5049564838409
"2010-05-21 22:00:00",0.806739270687103,"off_peak",3,2.42021781206131
"2010-05-21 23:00:00",0.530474364757538,"off_peak",3,1.59142309427261
"2010-05-22 00:00:00",0.489094167947769,"off_peak",3,1.46728250384331
"2010-05-22 01:00:00",0.49088928103447,"off_peak",3,1.47266784310341
"2010-05-22 02:00:00",0.535342693328857,"off_peak",3,1.60602807998657
"2010-05-22 03:00:00",0.449396967887878,"off_peak",3,1.34819090366364
"2010-05-22 04:00:00",0.636746048927307,"off_peak",3,1.91023814678192
"2010-05-22 05:00:00",0.649253726005554,"off_peak",3,1.94776117801666
"2010-05-22 06:00:00",0.601011693477631,"normal",6,3.60607016086578
"2010-05-22 07:00:00",1.3121086359024,"normal",6,7.87265181541443
"2010-05-22 08:00:00",1.7153707742691,"normal",6,10.2922246456146
"2010-05-22 09:00:00",1.79455101490021,"normal",6,10.7673060894012
"2010-05-22 10:00:00",1.8040896654129,"normal",6,10.8245379924774
"2010-05-22 11:00:00",1.71762120723724,"normal",6,10.3057272434235
"2010-05-22 12:00:00",2.13549852371216,"normal",6,12.8129911422729
"2010-05-22 13:00:00",2.16740036010742,"normal",6,13.0044021606445
"2010-05-22 14:00:00",1.39236199855804,"normal",6,8.35417199134827
"2010-05-22 15:00:00",1.60182547569275,"normal",6,9.61095285415649
"2010-05-22 16:00:00",1.50356698036194,"normal",6,9.02140188217163
"2010-05-22 17:00:00",1.56354665756226,"peak",10,15.6354665756226
"2010-05-22 18:00:00",1.38391733169556,"peak",10,13.8391733169556
"2010-05-22 19:00:00",0.995550572872162,"peak",10,9.95550572872162
"2010-05-22 20:00:00",1.7400848865509,"peak",10,17.400848865509
"2010-05-22 21:00:00",2.37968158721924,"peak",10,23.7968158721924
"2010-05-22 22:00:00",1.71499681472778,"off_peak",3,5.14499044418335
"2010-05-22 23:00:00",1.31700623035431,"off_peak",3,3.95101869106293
"2010-05-23 00:00:00",0.402907341718674,"off_peak",3,1.20872202515602
"2010-05-23 01:00:00",0.445727735757828,"off_peak",3,1.33718320727348
"2010-05-23 02:00:00",0.457385063171387,"off_peak",3,1.37215518951416
"2010-05-23 03:00:00",0.378201246261597,"off_peak",3,1.13460373878479
"2010-05-23 04:00:00",0.442123234272003,"off_peak",3,1.32636970281601
"2010-05-23 05:00:00",0.436185717582703,"off_peak",3,1.30855715274811
"2010-05-23 06:00:00",0.81815093755722,"normal",6,4.90890562534332
"2010-05-23 07:00:00",0.772800862789154,"normal",6,4.63680517673492
"2010-05-23 08:00:00",1.12431001663208,"normal",6,6.74586009979248
"2010-05-23 09:00:00",1.26177549362183,"normal",6,7.57065296173096
"2010-05-23 10:00:00",1.73867177963257,"normal",6,10.4320306777954
"2010-05-23 11:00:00",1.31018805503845,"normal",6,7.86112833023071
"2010-05-23 12:00:00",1.23358035087585,"normal",6,7.40148210525513
"2010-05-23 13:00:00",0.979149281978607,"normal",6,5.87489569187164
"2010-05-23 14:00:00",1.52991425991058,"normal",6,9.1794855594635
"2010-05-23 15:00:00",1.54965472221375,"normal",6,9.29792833328247
"2010-05-23 16:00:00",1.63109636306763,"normal",6,9.78657817840576
"2010-05-23 17:00:00",1.68125772476196,"peak",10,16.8125772476196
"2010-05-23 18:00:00",0.992200136184692,"peak",10,9.92200136184692
"2010-05-23 19:00:00",1.22473466396332,"peak",10,12.2473466396332
"2010-05-23 20:00:00",1.2856285572052,"peak",10,12.856285572052
"2010-05-23 21:00:00",1.45866596698761,"peak",10,14.5866596698761
"2010-05-23 22:00:00",1.63134503364563,"off_peak",3,4.89403510093689
"2010-05-23 23:00:00",0.954595148563385,"off_peak",3,2.86378544569016
"2010-05-24 00:00:00",0.41805773973465,"off_peak",3,1.25417321920395
"2010-05-24 01:00:00",0.476057797670364,"off_peak",3,1.42817339301109
"2010-05-24 02:00:00",0.493313699960709,"off_peak",3,1.47994109988213
"2010-05-24 03:00:00",0.494274824857712,"off_peak",3,1.48282447457314
"2010-05-24 04:00:00",0.464621961116791,"off_peak",3,1.39386588335037
"2010-05-24 05:00:00",0.427127808332443,"off_peak",3,1.28138342499733
"2010-05-24 06:00:00",0.677550673484802,"normal",6,4.06530404090881
"2010-05-24 07:00:00",1.56921017169952,"normal",6,9.41526103019714
"2010-05-24 08:00:00",1.04848086833954,"normal",6,6.29088521003723
"2010-05-24 09:00:00",1.26872706413269,"normal",6,7.61236238479614
"2010-05-24 10:00:00",1.21763038635254,"normal",6,7.30578231811523
"2010-05-24 11:00:00",1.25842988491058,"normal",6,7.5505793094635
"2010-05-24 12:00:00",0.881266295909882,"normal",6,5.28759777545929
"2010-05-24 13:00:00",1.34605991840363,"normal",6,8.07635951042175
"2010-05-24 14:00:00",0.660417377948761,"normal",6,3.96250426769257
"2010-05-24 15:00:00",0.525328814983368,"normal",6,3.15197288990021
"2010-05-24 16:00:00",0.603752195835114,"normal",6,3.62251317501068
"2010-05-24 17:00:00",0.952632904052734,"peak",10,9.52632904052734
"2010-05-24 18:00:00",1.35040473937988,"peak",10,13.5040473937988
"2010-05-24 19:00:00",1.44901609420776,"peak",10,14.4901609420776
"2010-05-24 20:00:00",1.41661882400513,"peak",10,14.1661882400513
"2010-05-24 21:00:00",1.9670637845993,"peak",10,19.670637845993
"2010-05-24 22:00:00",1.46957695484161,"off_peak",3,4.40873086452484
"2010-05-24 23:00:00",0.686199188232422,"off_peak",3,2.05859756469727
"2010-05-25 00:00:00",0.416521996259689,"off_peak",3,1.24956598877907
"2010-05-25 01:00:00",0.3630710542202,"off_peak",3,1.0892131626606
"2010-05-25 02:00:00",0.436126828193665,"off_peak",3,1.30838048458099
"2010-05-25 03:00:00",0.39116108417511,"off_peak",3,1.17348325252533
"2010-05-25 04:00:00",0.437315732240677,"off_peak",3,1.31194719672203
"2010-05-25 05:00:00",0.600612878799438,"off_peak",3,1.80183863639832
"2010-05-25 06:00:00",1.0890064239502,"normal",6,6.53403854370117
"2010-05-25 07:00:00",1.51292359828949,"normal",6,9.07754158973694
"2010-05-25 08:00:00",1.60163366794586,"normal",6,9.60980200767517
"2010-05-25 09:00:00",1.45285487174988,"normal",6,8.71712923049927
"2010-05-25 10:00:00",1.44277930259705,"normal",6,8.65667581558228
"2010-05-25 11:00:00",1.43174040317535,"normal",6,8.59044241905212
"2010-05-25 12:00:00",1.28605270385742,"normal",6,7.71631622314453
"2010-05-25 13:00:00",0.633025765419006,"normal",6,3.79815459251404
"2010-05-25 14:00:00",0.469272315502167,"normal",6,2.815633893013
"2010-05-25 15:00:00",0.420187175273895,"normal",6,2.52112305164337
"2010-05-25 16:00:00",0.488298565149307,"normal",6,2.92979139089584
"2010-05-25 17:00:00",0.84132844209671,"peak",10,8.4132844209671
"2010-05-25 18:00:00",1.06067025661469,"peak",10,10.6067025661469
"2010-05-25 19:00:00",1.17318058013916,"peak",10,11.7318058013916
"2010-05-25 20:00:00",1.82840609550476,"peak",10,18.2840609550476
"2010-05-25 21:00:00",1.79940485954285,"peak",10,17.9940485954285
"2010-05-25 22:00:00",1.55498242378235,"off_peak",3,4.66494727134705
"2010-05-25 23:00:00",0.479661226272583,"off_peak",3,1.43898367881775
"2010-05-26 00:00:00",0.415656238794327,"off_peak",3,1.24696871638298
"2010-05-26 01:00:00",0.388666301965714,"off_peak",3,1.16599890589714
"2010-05-26 02:00:00",0.388823539018631,"off_peak",3,1.16647061705589
"2010-05-26 03:00:00",0.382703423500061,"off_peak",3,1.14811027050018
"2010-05-26 04:00:00",0.465719938278198,"off_peak",3,1.39715981483459
"2010-05-26 05:00:00",0.567622721195221,"off_peak",3,1.70286816358566
"2010-05-26 06:00:00",0.965767800807953,"normal",6,5.79460680484772
"2010-05-26 07:00:00",1.47433435916901,"normal",6,8.84600615501404
"2010-05-26 08:00:00",1.59484505653381,"normal",6,9.56907033920288
"2010-05-26 09:00:00",1.80686283111572,"normal",6,10.8411769866943
"2010-05-26 10:00:00",1.76435101032257,"normal",6,10.5861060619354
"2010-05-26 11:00:00",1.53540396690369,"normal",6,9.21242380142212
"2010-05-26 12:00:00",1.55011475086212,"normal",6,9.30068850517273
"2010-05-26 13:00:00",0.597103953361511,"normal",6,3.58262372016907
"2010-05-26 14:00:00",1.12557744979858,"normal",6,6.7534646987915
"2010-05-26 15:00:00",0.583029448986053,"normal",6,3.49817669391632
"2010-05-26 16:00:00",0.553115963935852,"normal",6,3.31869578361511
"2010-05-26 17:00:00",0.522944927215576,"peak",10,5.22944927215576
"2010-05-26 18:00:00",0.686961054801941,"peak",10,6.86961054801941
"2010-05-26 19:00:00",1.24684143066406,"peak",10,12.4684143066406
"2010-05-26 20:00:00",2.16452717781067,"peak",10,21.6452717781067
"2010-05-26 21:00:00",2.04745984077454,"peak",10,20.4745984077454
"2010-05-26 22:00:00",1.00054132938385,"off_peak",3,3.00162398815155
"2010-05-26 23:00:00",0.605862677097321,"off_peak",3,1.81758803129196
"2010-05-27 00:00:00",0.396274477243423,"off_peak",3,1.18882343173027
"2010-05-27 01:00:00",0.352706849575043,"off_peak",3,1.05812054872513
"2010-05-27 02:00:00",0.35147300362587,"off_peak",3,1.05441901087761
"2010-05-27 03:00:00",0.381323575973511,"off_peak",3,1.14397072792053
"2010-05-27 04:00:00",0.51967579126358,"off_peak",3,1.55902737379074
"2010-05-27 05:00:00",0.464105099439621,"off_peak",3,1.39231529831886
"2010-05-27 06:00:00",0.904076635837555,"normal",6,5.42445981502533
"2010-05-27 07:00:00",1.13438594341278,"normal",6,6.80631566047668
"2010-05-27 08:00:00",1.43416726589203,"normal",6,8.60500359535217
"2010-05-27 09:00:00",1.47674953937531,"normal",6,8.86049723625183
"2010-05-27 10:00:00",1.46120393276215,"normal",6,8.76722359657288
"2010-05-27 11:00:00",1.17151725292206,"normal",6,7.02910351753235
"2010-05-27 12:00:00",1.13999664783478,"normal",6,6.83997988700867
"2010-05-27 13:00:00",1.25053107738495,"normal",6,7.50318646430969
"2010-05-27 14:00:00",1.32748484611511,"normal",6,7.96490907669067
"2010-05-27 15:00:00",0.436471343040466,"normal",6,2.6188280582428
"2010-05-27 16:00:00",0.719012975692749,"normal",6,4.31407785415649
"2010-05-27 17:00:00",0.439263492822647,"peak",10,4.39263492822647
"2010-05-27 18:00:00",0.835970282554626,"peak",10,8.35970282554626
"2010-05-27 19:00:00",1.27975952625275,"peak",10,12.7975952625275
"2010-05-27 20:00:00",1.66227877140045,"peak",10,16.6227877140045
"2010-05-27 21:00:00",1.69434654712677,"peak",10,16.9434654712677
"2010-05-27 22:00:00",1.20903599262238,"off_peak",3,3.62710797786713
"2010-05-27 23:00:00",0.511455357074738,"off_peak",3,1.53436607122421
"2010-05-28 00:00:00",0.515719056129456,"off_peak",3,1.54715716838837
"2010-05-28 01:00:00",0.528540372848511,"off_peak",3,1.58562111854553
"2010-05-28 02:00:00",0.427860379219055,"off_peak",3,1.28358113765717
"2010-05-28 03:00:00",0.328645467758179,"off_peak",3,0.985936403274536
"2010-05-28 04:00:00",0.350204557180405,"off_peak",3,1.05061367154121
"2010-05-28 05:00:00",0.331047296524048,"off_peak",3,0.993141889572144
"2010-05-28 06:00:00",0.753515541553497,"normal",6,4.52109324932098
"2010-05-28 07:00:00",1.4010705947876,"normal",6,8.40642356872559
"2010-05-28 08:00:00",1.56166923046112,"normal",6,9.37001538276672
"2010-05-28 09:00:00",1.48036158084869,"normal",6,8.88216948509216
"2010-05-28 10:00:00",1.53539407253265,"normal",6,9.21236443519592
"2010-05-28 11:00:00",1.41442632675171,"normal",6,8.48655796051025
"2010-05-28 12:00:00",1.06583368778229,"normal",6,6.39500212669373
"2010-05-28 13:00:00",0.639047741889954,"normal",6,3.83428645133972
"2010-05-28 14:00:00",0.770354747772217,"normal",6,4.6221284866333
"2010-05-28 15:00:00",0.909475803375244,"normal",6,5.45685482025146
"2010-05-28 16:00:00",1.15007591247559,"normal",6,6.90045547485352
"2010-05-28 17:00:00",1.2733998298645,"peak",10,12.733998298645
"2010-05-28 18:00:00",1.16504979133606,"peak",10,11.6504979133606
"2010-05-28 19:00:00",1.14782762527466,"peak",10,11.4782762527466
"2010-05-28 20:00:00",1.33481812477112,"peak",10,13.3481812477112
"2010-05-28 21:00:00",1.21843791007996,"peak",10,12.1843791007996
"2010-05-28 22:00:00",1.01224172115326,"off_peak",3,3.03672516345978
"2010-05-28 23:00:00",0.877495527267456,"off_peak",3,2.63248658180237
"2010-05-29 00:00:00",0.785401582717896,"off_peak",3,2.35620474815369
"2010-05-29 01:00:00",0.498337298631668,"off_peak",3,1.495011895895
"2010-05-29 02:00:00",0.507128477096558,"off_peak",3,1.52138543128967
"2010-05-29 03:00:00",0.385040163993835,"off_peak",3,1.15512049198151
"2010-05-29 04:00:00",0.331352919340134,"off_peak",3,0.994058758020401
"2010-05-29 05:00:00",0.276915431022644,"off_peak",3,0.830746293067932
"2010-05-29 06:00:00",0.669578015804291,"normal",6,4.01746809482574
"2010-05-29 07:00:00",1.31985855102539,"normal",6,7.91915130615234
"2010-05-29 08:00:00",1.77023470401764,"normal",6,10.6214082241058
"2010-05-29 09:00:00",1.46867990493774,"normal",6,8.81207942962646
"2010-05-29 10:00:00",1.45325231552124,"normal",6,8.71951389312744
"2010-05-29 11:00:00",2.00925707817078,"normal",6,12.0555424690247
"2010-05-29 12:00:00",1.13701128959656,"normal",6,6.82206773757935
"2010-05-29 13:00:00",2.00183653831482,"normal",6,12.0110192298889
"2010-05-29 14:00:00",1.61590051651001,"normal",6,9.69540309906006
"2010-05-29 15:00:00",1.78657531738281,"normal",6,10.7194519042969
"2010-05-29 16:00:00",1.11154210567474,"normal",6,6.66925263404846
"2010-05-29 17:00:00",0.958605527877808,"peak",10,9.58605527877808
"2010-05-29 18:00:00",1.21238481998444,"peak",10,12.1238481998444
"2010-05-29 19:00:00",2.56156492233276,"peak",10,25.6156492233276
"2010-05-29 20:00:00",2.21127939224243,"peak",10,22.1127939224243
"2010-05-29 21:00:00",1.85637176036835,"peak",10,18.5637176036835
"2010-05-29 22:00:00",1.97035145759583,"off_peak",3,5.91105437278748
"2010-05-29 23:00:00",1.17271661758423,"off_peak",3,3.51814985275269
"2010-05-30 00:00:00",1.31770062446594,"off_peak",3,3.95310187339783
"2010-05-30 01:00:00",0.4491026699543,"off_peak",3,1.3473080098629
"2010-05-30 02:00:00",1.19444024562836,"off_peak",3,3.58332073688507
"2010-05-30 03:00:00",0.455263525247574,"off_peak",3,1.36579057574272
"2010-05-30 04:00:00",0.430813759565353,"off_peak",3,1.29244127869606
"2010-05-30 05:00:00",0.541119754314423,"off_peak",3,1.62335926294327
"2010-05-30 06:00:00",0.656076788902283,"normal",6,3.9364607334137
"2010-05-30 07:00:00",0.762243568897247,"normal",6,4.57346141338348
"2010-05-30 08:00:00",1.13427603244781,"normal",6,6.80565619468689
"2010-05-30 09:00:00",1.38928604125977,"normal",6,8.33571624755859
"2010-05-30 10:00:00",1.07525336742401,"normal",6,6.45152020454407
"2010-05-30 11:00:00",1.58655488491058,"normal",6,9.5193293094635
"2010-05-30 12:00:00",1.23734652996063,"normal",6,7.42407917976379
"2010-05-30 13:00:00",1.02985596656799,"normal",6,6.17913579940796
"2010-05-30 14:00:00",1.11880147457123,"normal",6,6.71280884742737
"2010-05-30 15:00:00",0.711707890033722,"normal",6,4.27024734020233
"2010-05-30 16:00:00",1.48146998882294,"normal",6,8.88881993293762
"2010-05-30 17:00:00",1.09010493755341,"peak",10,10.9010493755341
"2010-05-30 18:00:00",2.25994253158569,"peak",10,22.5994253158569
"2010-05-30 19:00:00",1.93169963359833,"peak",10,19.3169963359833
"2010-05-30 20:00:00",1.89232003688812,"peak",10,18.9232003688812
"2010-05-30 21:00:00",2.23493003845215,"peak",10,22.3493003845215
"2010-05-30 22:00:00",1.64400517940521,"off_peak",3,4.93201553821564
"2010-05-30 23:00:00",0.463078558444977,"off_peak",3,1.38923567533493
"2010-05-31 00:00:00",0.375370711088181,"off_peak",3,1.12611213326454
"2010-05-31 01:00:00",0.316811233758926,"off_peak",3,0.950433701276779
"2010-05-31 02:00:00",0.334055811166763,"off_peak",3,1.00216743350029
"2010-05-31 03:00:00",0.494280636310577,"off_peak",3,1.48284190893173
"2010-05-31 04:00:00",0.409844905138016,"off_peak",3,1.22953471541405
"2010-05-31 05:00:00",0.45492959022522,"off_peak",3,1.36478877067566
"2010-05-31 06:00:00",0.930260419845581,"normal",6,5.58156251907349
"2010-05-31 07:00:00",1.57803809642792,"normal",6,9.4682285785675
"2010-05-31 08:00:00",1.62862467765808,"normal",6,9.77174806594849
"2010-05-31 09:00:00",1.46973586082458,"normal",6,8.81841516494751
"2010-05-31 10:00:00",1.32549858093262,"normal",6,7.9529914855957
"2010-05-31 11:00:00",1.11758172512054,"normal",6,6.70549035072327
"2010-05-31 12:00:00",1.08052790164948,"normal",6,6.48316740989685
"2010-05-31 13:00:00",0.749100089073181,"normal",6,4.49460053443909
"2010-05-31 14:00:00",0.32344663143158,"normal",6,1.94067978858948
"2010-05-31 15:00:00",0.295043170452118,"normal",6,1.77025902271271
"2010-05-31 16:00:00",0.771632015705109,"normal",6,4.62979209423065
"2010-05-31 17:00:00",1.80944728851318,"peak",10,18.0944728851318
"2010-05-31 18:00:00",1.60051250457764,"peak",10,16.0051250457764
"2010-05-31 19:00:00",1.75890696048737,"peak",10,17.5890696048737
"2010-05-31 20:00:00",1.73077499866486,"peak",10,17.3077499866486
"2010-05-31 21:00:00",1.14045691490173,"peak",10,11.4045691490173
"2010-05-31 22:00:00",1.2428719997406,"off_peak",3,3.7286159992218
"2010-05-31 23:00:00",0.962123155593872,"off_peak",3,2.88636946678162
"2010-06-01 00:00:00",0.43214675784111,"off_peak",3,1.29644027352333
"2010-06-01 01:00:00",0.324925690889359,"off_peak",3,0.974777072668076
"2010-06-01 02:00:00",0.345236927270889,"off_peak",3,1.03571078181267
"2010-06-01 03:00:00",0.311621725559235,"off_peak",3,0.934865176677704
"2010-06-01 04:00:00",0.33723059296608,"off_peak",3,1.01169177889824
"2010-06-01 05:00:00",0.422838151454926,"off_peak",3,1.26851445436478
"2010-06-01 06:00:00",1.00821125507355,"normal",6,6.04926753044128
"2010-06-01 07:00:00",1.52497112751007,"normal",6,9.14982676506042
"2010-06-01 08:00:00",1.565993309021,"normal",6,9.39595985412598
"2010-06-01 09:00:00",1.49395847320557,"normal",6,8.9637508392334
"2010-06-01 10:00:00",1.65158891677856,"normal",6,9.90953350067139
"2010-06-01 11:00:00",1.19500052928925,"normal",6,7.17000317573547
"2010-06-01 12:00:00",1.18254399299622,"normal",6,7.09526395797729
"2010-06-01 13:00:00",1.41996812820435,"normal",6,8.51980876922607
"2010-06-01 14:00:00",1.35037291049957,"normal",6,8.10223746299744
"2010-06-01 15:00:00",1.17398309707642,"normal",6,7.0438985824585
"2010-06-01 16:00:00",1.23915207386017,"normal",6,7.43491244316101
"2010-06-01 17:00:00",0.804290950298309,"peak",10,8.04290950298309
"2010-06-01 18:00:00",0.683083653450012,"peak",10,6.83083653450012
"2010-06-01 19:00:00",1.04898774623871,"peak",10,10.4898774623871
"2010-06-01 20:00:00",1.01987087726593,"peak",10,10.1987087726593
"2010-06-01 21:00:00",1.48130321502686,"peak",10,14.8130321502686
"2010-06-01 22:00:00",0.933262467384338,"off_peak",3,2.79978740215302
"2010-06-01 23:00:00",0.789975345134735,"off_peak",3,2.36992603540421
"2010-06-02 00:00:00",0.600562572479248,"off_peak",3,1.80168771743774
"2010-06-02 01:00:00",0.378050714731216,"off_peak",3,1.13415214419365
"2010-06-02 02:00:00",0.654682874679565,"off_peak",3,1.9640486240387
"2010-06-02 03:00:00",0.622469782829285,"off_peak",3,1.86740934848785
"2010-06-02 04:00:00",0.384974449872971,"off_peak",3,1.15492334961891
"2010-06-02 05:00:00",0.328571915626526,"off_peak",3,0.985715746879578
"2010-06-02 06:00:00",0.811454355716705,"normal",6,4.86872613430023
"2010-06-02 07:00:00",1.43848121166229,"normal",6,8.63088726997375
"2010-06-02 08:00:00",1.70440852642059,"normal",6,10.2264511585236
"2010-06-02 09:00:00",1.1159428358078,"normal",6,6.6956570148468
"2010-06-02 10:00:00",1.21871674060822,"normal",6,7.31230044364929
"2010-06-02 11:00:00",0.91318142414093,"normal",6,5.47908854484558
"2010-06-02 12:00:00",0.813012778759003,"normal",6,4.87807667255402
"2010-06-02 13:00:00",0.564579486846924,"normal",6,3.38747692108154
"2010-06-02 14:00:00",0.56338894367218,"normal",6,3.38033366203308
"2010-06-02 15:00:00",0.337603390216827,"normal",6,2.02562034130096
"2010-06-02 16:00:00",1.01521253585815,"normal",6,6.09127521514893
"2010-06-02 17:00:00",0.376047343015671,"peak",10,3.76047343015671
"2010-06-02 18:00:00",0.445050984621048,"peak",10,4.45050984621048
"2010-06-02 19:00:00",0.729120910167694,"peak",10,7.29120910167694
"2010-06-02 20:00:00",0.702800035476685,"peak",10,7.02800035476685
"2010-06-02 21:00:00",1.02576231956482,"peak",10,10.2576231956482
"2010-06-02 22:00:00",1.20937848091125,"off_peak",3,3.62813544273376
"2010-06-02 23:00:00",0.591530919075012,"off_peak",3,1.77459275722504
"2010-06-03 00:00:00",0.339953869581223,"off_peak",3,1.01986160874367
"2010-06-03 01:00:00",0.436106324195862,"off_peak",3,1.30831897258759
"2010-06-03 02:00:00",0.306473851203918,"off_peak",3,0.919421553611755
"2010-06-03 03:00:00",0.332277745008469,"off_peak",3,0.996833235025406
"2010-06-03 04:00:00",0.353757172822952,"off_peak",3,1.06127151846886
"2010-06-03 05:00:00",0.308810263872147,"off_peak",3,0.92643079161644
"2010-06-03 06:00:00",0.592246532440186,"normal",6,3.55347919464111
"2010-06-03 07:00:00",1.29726850986481,"normal",6,7.78361105918884
"2010-06-03 08:00:00",1.52988505363464,"normal",6,9.17931032180786
"2010-06-03 09:00:00",1.7224760055542,"normal",6,10.3348560333252
"2010-06-03 10:00:00",1.53954863548279,"normal",6,9.23729181289673
"2010-06-03 11:00:00",1.24972224235535,"normal",6,7.49833345413208
"2010-06-03 12:00:00",1.13483786582947,"normal",6,6.80902719497681
"2010-06-03 13:00:00",1.5173476934433,"normal",6,9.10408616065979
"2010-06-03 14:00:00",1.69379997253418,"normal",6,10.1627998352051
"2010-06-03 15:00:00",1.19687986373901,"normal",6,7.18127918243408
"2010-06-03 16:00:00",1.24056255817413,"normal",6,7.4433753490448
"2010-06-03 17:00:00",0.436508297920227,"peak",10,4.36508297920227
"2010-06-03 18:00:00",0.459274798631668,"peak",10,4.59274798631668
"2010-06-03 19:00:00",0.912195801734924,"peak",10,9.12195801734924
"2010-06-03 20:00:00",1.4047440290451,"peak",10,14.047440290451
"2010-06-03 21:00:00",0.870356857776642,"peak",10,8.70356857776642
"2010-06-03 22:00:00",0.920584857463837,"off_peak",3,2.76175457239151
"2010-06-03 23:00:00",0.770270466804504,"off_peak",3,2.31081140041351
"2010-06-04 00:00:00",0.440616726875305,"off_peak",3,1.32185018062592
"2010-06-04 01:00:00",0.320466428995132,"off_peak",3,0.961399286985397
"2010-06-04 02:00:00",0.988197863101959,"off_peak",3,2.96459358930588
"2010-06-04 03:00:00",0.37131804227829,"off_peak",3,1.11395412683487
"2010-06-04 04:00:00",0.284068882465363,"off_peak",3,0.852206647396088
"2010-06-04 05:00:00",0.348329156637192,"off_peak",3,1.04498746991158
"2010-06-04 06:00:00",0.961298584938049,"normal",6,5.7677915096283
"2010-06-04 07:00:00",1.67881596088409,"normal",6,10.0728957653046
"2010-06-04 08:00:00",1.61182236671448,"normal",6,9.67093420028687
"2010-06-04 09:00:00",1.4437962770462,"normal",6,8.66277766227722
"2010-06-04 10:00:00",1.53456223011017,"normal",6,9.20737338066101
"2010-06-04 11:00:00",1.13781154155731,"normal",6,6.82686924934387
"2010-06-04 12:00:00",0.959331870079041,"normal",6,5.75599122047424
"2010-06-04 13:00:00",0.7996746301651,"normal",6,4.7980477809906
"2010-06-04 14:00:00",1.05363535881042,"normal",6,6.32181215286255
"2010-06-04 15:00:00",1.08025467395782,"normal",6,6.48152804374695
"2010-06-04 16:00:00",1.15255260467529,"normal",6,6.91531562805176
"2010-06-04 17:00:00",1.2138500213623,"peak",10,12.138500213623
"2010-06-04 18:00:00",0.910920441150665,"peak",10,9.10920441150665
"2010-06-04 19:00:00",0.901288092136383,"peak",10,9.01288092136383
"2010-06-04 20:00:00",0.592434048652649,"peak",10,5.92434048652649
"2010-06-04 21:00:00",0.765312075614929,"peak",10,7.65312075614929
"2010-06-04 22:00:00",1.50948119163513,"off_peak",3,4.5284435749054
"2010-06-04 23:00:00",0.796973764896393,"off_peak",3,2.39092129468918
"2010-06-05 00:00:00",0.828176498413086,"off_peak",3,2.48452949523926
"2010-06-05 01:00:00",1.18078744411469,"off_peak",3,3.54236233234406
"2010-06-05 02:00:00",0.493163108825684,"off_peak",3,1.47948932647705
"2010-06-05 03:00:00",0.393319755792618,"off_peak",3,1.17995926737785
"2010-06-05 04:00:00",0.323163956403732,"off_peak",3,0.969491869211197
"2010-06-05 05:00:00",0.355523884296417,"off_peak",3,1.06657165288925
"2010-06-05 06:00:00",0.539758145809174,"normal",6,3.23854887485504
"2010-06-05 07:00:00",1.37586557865143,"normal",6,8.25519347190857
"2010-06-05 08:00:00",1.56407010555267,"normal",6,9.38442063331604
"2010-06-05 09:00:00",1.50122678279877,"normal",6,9.0073606967926
"2010-06-05 10:00:00",1.49943649768829,"normal",6,8.99661898612976
"2010-06-05 11:00:00",1.16591477394104,"normal",6,6.99548864364624
"2010-06-05 12:00:00",1.73897278308868,"normal",6,10.4338366985321
"2010-06-05 13:00:00",2.11064505577087,"normal",6,12.6638703346252
"2010-06-05 14:00:00",0.956687867641449,"normal",6,5.74012720584869
"2010-06-05 15:00:00",1.56599485874176,"normal",6,9.39596915245056
"2010-06-05 16:00:00",1.14011859893799,"normal",6,6.84071159362793
"2010-06-05 17:00:00",1.56564128398895,"peak",10,15.6564128398895
"2010-06-05 18:00:00",0.993786811828613,"peak",10,9.93786811828613
"2010-06-05 19:00:00",1.98661434650421,"peak",10,19.8661434650421
"2010-06-05 20:00:00",1.51336407661438,"peak",10,15.1336407661438
"2010-06-05 21:00:00",1.80254936218262,"peak",10,18.0254936218262
"2010-06-05 22:00:00",0.761046946048737,"off_peak",3,2.28314083814621
"2010-06-05 23:00:00",1.72208607196808,"off_peak",3,5.16625821590424
"2010-06-06 00:00:00",1.75661420822144,"off_peak",3,5.26984262466431
"2010-06-06 01:00:00",1.70871019363403,"off_peak",3,5.1261305809021
"2010-06-06 02:00:00",1.10880160331726,"off_peak",3,3.32640480995178
"2010-06-06 03:00:00",0.391039997339249,"off_peak",3,1.17311999201775
"2010-06-06 04:00:00",0.402362436056137,"off_peak",3,1.20708730816841
"2010-06-06 05:00:00",0.366724073886871,"off_peak",3,1.10017222166061
"2010-06-06 06:00:00",0.596946775913239,"normal",6,3.58168065547943
"2010-06-06 07:00:00",0.736561417579651,"normal",6,4.41936850547791
"2010-06-06 08:00:00",1.08336281776428,"normal",6,6.50017690658569
"2010-06-06 09:00:00",0.866495728492737,"normal",6,5.19897437095642
"2010-06-06 10:00:00",1.42492604255676,"normal",6,8.54955625534058
"2010-06-06 11:00:00",1.30898451805115,"normal",6,7.85390710830688
"2010-06-06 12:00:00",0.776865899562836,"normal",6,4.66119539737701
"2010-06-06 13:00:00",2.02617192268372,"normal",6,12.1570315361023
"2010-06-06 14:00:00",1.55651688575745,"normal",6,9.33910131454468
"2010-06-06 15:00:00",1.52625417709351,"normal",6,9.15752506256104
"2010-06-06 16:00:00",1.34287858009338,"normal",6,8.0572714805603
"2010-06-06 17:00:00",2.39243054389954,"peak",10,23.9243054389954
"2010-06-06 18:00:00",2.26529479026794,"peak",10,22.6529479026794
"2010-06-06 19:00:00",1.09398519992828,"peak",10,10.9398519992828
"2010-06-06 20:00:00",0.550820410251617,"peak",10,5.50820410251617
"2010-06-06 21:00:00",0.880501508712769,"peak",10,8.80501508712769
"2010-06-06 22:00:00",1.3723760843277,"off_peak",3,4.11712825298309
"2010-06-06 23:00:00",1.38742113113403,"off_peak",3,4.1622633934021
"2010-06-07 00:00:00",0.595806181430817,"off_peak",3,1.78741854429245
"2010-06-07 01:00:00",0.416391670703888,"off_peak",3,1.24917501211166
"2010-06-07 02:00:00",0.393951237201691,"off_peak",3,1.18185371160507
"2010-06-07 03:00:00",0.339187413454056,"off_peak",3,1.01756224036217
"2010-06-07 04:00:00",0.389838457107544,"off_peak",3,1.16951537132263
"2010-06-07 05:00:00",0.438895702362061,"off_peak",3,1.31668710708618
"2010-06-07 06:00:00",0.903194487094879,"normal",6,5.41916692256927
"2010-06-07 07:00:00",1.55150699615479,"normal",6,9.30904197692871
"2010-06-07 08:00:00",1.6529129743576,"normal",6,9.91747784614563
"2010-06-07 09:00:00",1.39815044403076,"normal",6,8.38890266418457
"2010-06-07 10:00:00",1.43753123283386,"normal",6,8.62518739700317
"2010-06-07 11:00:00",0.691646933555603,"normal",6,4.14988160133362
"2010-06-07 12:00:00",0.480112284421921,"normal",6,2.88067370653152
"2010-06-07 13:00:00",0.461537063121796,"normal",6,2.76922237873077
"2010-06-07 14:00:00",0.491709619760513,"normal",6,2.95025771856308
"2010-06-07 15:00:00",0.335544288158417,"normal",6,2.0132657289505
"2010-06-07 16:00:00",0.536292731761932,"normal",6,3.21775639057159
"2010-06-07 17:00:00",0.559205412864685,"peak",10,5.59205412864685
"2010-06-07 18:00:00",1.10957109928131,"peak",10,11.0957109928131
"2010-06-07 19:00:00",1.11224246025085,"peak",10,11.1224246025085
"2010-06-07 20:00:00",1.06085586547852,"peak",10,10.6085586547852
"2010-06-07 21:00:00",1.55949819087982,"peak",10,15.5949819087982
"2010-06-07 22:00:00",1.20006632804871,"off_peak",3,3.60019898414612
"2010-06-07 23:00:00",0.673079133033752,"off_peak",3,2.01923739910126
"2010-06-08 00:00:00",0.499904483556747,"off_peak",3,1.49971345067024
"2010-06-08 01:00:00",0.539683043956757,"off_peak",3,1.61904913187027
"2010-06-08 02:00:00",0.386814594268799,"off_peak",3,1.1604437828064
"2010-06-08 03:00:00",0.315037727355957,"off_peak",3,0.945113182067871
"2010-06-08 04:00:00",0.372736990451813,"off_peak",3,1.11821097135544
"2010-06-08 05:00:00",0.371037214994431,"off_peak",3,1.11311164498329
"2010-06-08 06:00:00",0.851107478141785,"normal",6,5.10664486885071
"2010-06-08 07:00:00",1.27620041370392,"normal",6,7.65720248222351
"2010-06-08 08:00:00",1.58636581897736,"normal",6,9.51819491386414
"2010-06-08 09:00:00",1.70757102966309,"normal",6,10.2454261779785
"2010-06-08 10:00:00",1.52164745330811,"normal",6,9.12988471984863
"2010-06-08 11:00:00",1.30093014240265,"normal",6,7.80558085441589
"2010-06-08 12:00:00",1.49756669998169,"normal",6,8.98540019989014
"2010-06-08 13:00:00",1.16627681255341,"normal",6,6.99766087532043
"2010-06-08 14:00:00",1.10029780864716,"normal",6,6.60178685188293
"2010-06-08 15:00:00",0.39864581823349,"normal",6,2.39187490940094
"2010-06-08 16:00:00",0.615625143051147,"normal",6,3.69375085830688
"2010-06-08 17:00:00",0.83134251832962,"peak",10,8.3134251832962
"2010-06-08 18:00:00",0.871285974979401,"peak",10,8.71285974979401
"2010-06-08 19:00:00",1.14581406116486,"peak",10,11.4581406116486
"2010-06-08 20:00:00",1.44344258308411,"peak",10,14.4344258308411
"2010-06-08 21:00:00",1.24773073196411,"peak",10,12.4773073196411
"2010-06-08 22:00:00",1.39976668357849,"off_peak",3,4.19930005073547
"2010-06-08 23:00:00",0.724009692668915,"off_peak",3,2.17202907800674
"2010-06-09 00:00:00",0.567907094955444,"off_peak",3,1.70372128486633
"2010-06-09 01:00:00",0.402241379022598,"off_peak",3,1.20672413706779
"2010-06-09 02:00:00",0.439873516559601,"off_peak",3,1.3196205496788
"2010-06-09 03:00:00",0.327363193035126,"off_peak",3,0.982089579105377
"2010-06-09 04:00:00",0.396154671907425,"off_peak",3,1.18846401572227
"2010-06-09 05:00:00",0.453560441732407,"off_peak",3,1.36068132519722
"2010-06-09 06:00:00",0.882130920886993,"normal",6,5.29278552532196
"2010-06-09 07:00:00",1.50003814697266,"normal",6,9.00022888183594
"2010-06-09 08:00:00",1.57722592353821,"normal",6,9.46335554122925
"2010-06-09 09:00:00",1.19845139980316,"normal",6,7.19070839881897
"2010-06-09 10:00:00",1.26783549785614,"normal",6,7.60701298713684
"2010-06-09 11:00:00",1.39164471626282,"normal",6,8.3498682975769
"2010-06-09 12:00:00",1.40489029884338,"normal",6,8.4293417930603
"2010-06-09 13:00:00",0.489732801914215,"normal",6,2.93839681148529
"2010-06-09 14:00:00",1.74929463863373,"normal",6,10.4957678318024
"2010-06-09 15:00:00",0.743548631668091,"normal",6,4.46129179000854
"2010-06-09 16:00:00",0.789762794971466,"normal",6,4.7385767698288
"2010-06-09 17:00:00",0.607165634632111,"peak",10,6.07165634632111
"2010-06-09 18:00:00",1.37289202213287,"peak",10,13.7289202213287
"2010-06-09 19:00:00",1.52020037174225,"peak",10,15.2020037174225
"2010-06-09 20:00:00",1.29475426673889,"peak",10,12.9475426673889
"2010-06-09 21:00:00",1.74377298355103,"peak",10,17.4377298355103
"2010-06-09 22:00:00",1.4957058429718,"off_peak",3,4.48711752891541
"2010-06-09 23:00:00",0.556524515151978,"off_peak",3,1.66957354545593
"2010-06-10 00:00:00",0.451543152332306,"off_peak",3,1.35462945699692
"2010-06-10 01:00:00",0.405971318483353,"off_peak",3,1.21791395545006
"2010-06-10 02:00:00",0.368089854717255,"off_peak",3,1.10426956415176
"2010-06-10 03:00:00",0.387507051229477,"off_peak",3,1.16252115368843
"2010-06-10 04:00:00",0.378934949636459,"off_peak",3,1.13680484890938
"2010-06-10 05:00:00",0.383280366659164,"off_peak",3,1.14984109997749
"2010-06-10 06:00:00",0.92143040895462,"normal",6,5.52858245372772
"2010-06-10 07:00:00",1.5649665594101,"normal",6,9.38979935646057
"2010-06-10 08:00:00",1.54934990406036,"normal",6,9.29609942436218
"2010-06-10 09:00:00",1.55781424045563,"normal",6,9.34688544273376
"2010-06-10 10:00:00",1.18012094497681,"normal",6,7.08072566986084
"2010-06-10 11:00:00",1.30964303016663,"normal",6,7.85785818099976
"2010-06-10 12:00:00",1.24288856983185,"normal",6,7.45733141899109
"2010-06-10 13:00:00",1.22343385219574,"normal",6,7.34060311317444
"2010-06-10 14:00:00",0.851124823093414,"normal",6,5.10674893856049
"2010-06-10 15:00:00",0.406042456626892,"normal",6,2.43625473976135
"2010-06-10 16:00:00",0.400795549154282,"normal",6,2.40477329492569
"2010-06-10 17:00:00",0.537388503551483,"peak",10,5.37388503551483
"2010-06-10 18:00:00",0.787507116794586,"peak",10,7.87507116794586
"2010-06-10 19:00:00",1.17660450935364,"peak",10,11.7660450935364
"2010-06-10 20:00:00",1.41397154331207,"peak",10,14.1397154331207
"2010-06-10 21:00:00",1.65081822872162,"peak",10,16.5081822872162
"2010-06-10 22:00:00",1.03512358665466,"off_peak",3,3.10537075996399
"2010-06-10 23:00:00",0.478934794664383,"off_peak",3,1.43680438399315
"2010-06-11 00:00:00",0.397473871707916,"off_peak",3,1.19242161512375
"2010-06-11 01:00:00",0.41211074590683,"off_peak",3,1.23633223772049
"2010-06-11 02:00:00",0.385166198015213,"off_peak",3,1.15549859404564
"2010-06-11 03:00:00",0.364816665649414,"off_peak",3,1.09444999694824
"2010-06-11 04:00:00",0.431799322366714,"off_peak",3,1.29539796710014
"2010-06-11 05:00:00",0.577930331230164,"off_peak",3,1.73379099369049
"2010-06-11 06:00:00",0.995959341526031,"normal",6,5.97575604915619
"2010-06-11 07:00:00",1.82817494869232,"normal",6,10.9690496921539
"2010-06-11 08:00:00",1.55376839637756,"normal",6,9.32261037826538
"2010-06-11 09:00:00",1.61821782588959,"normal",6,9.70930695533752
"2010-06-11 10:00:00",1.5644543170929,"normal",6,9.38672590255737
"2010-06-11 11:00:00",1.27059233188629,"normal",6,7.62355399131775
"2010-06-11 12:00:00",1.23616564273834,"normal",6,7.41699385643005
"2010-06-11 13:00:00",1.65623021125793,"normal",6,9.93738126754761
"2010-06-11 14:00:00",1.00946950912476,"normal",6,6.05681705474854
"2010-06-11 15:00:00",0.519835352897644,"normal",6,3.11901211738586
"2010-06-11 16:00:00",0.88763415813446,"normal",6,5.32580494880676
"2010-06-11 17:00:00",0.934705972671509,"peak",10,9.34705972671509
"2010-06-11 18:00:00",0.854462087154388,"peak",10,8.54462087154388
"2010-06-11 19:00:00",1.00346755981445,"peak",10,10.0346755981445
"2010-06-11 20:00:00",1.73765623569489,"peak",10,17.3765623569489
"2010-06-11 21:00:00",1.32834959030151,"peak",10,13.2834959030151
"2010-06-11 22:00:00",1.07346200942993,"off_peak",3,3.22038602828979
"2010-06-11 23:00:00",0.865542232990265,"off_peak",3,2.59662669897079
"2010-06-12 00:00:00",0.747530400753021,"off_peak",3,2.24259120225906
"2010-06-12 01:00:00",0.640204668045044,"off_peak",3,1.92061400413513
"2010-06-12 02:00:00",0.43586590886116,"off_peak",3,1.30759772658348
"2010-06-12 03:00:00",0.552524089813232,"off_peak",3,1.6575722694397
"2010-06-12 04:00:00",0.36744499206543,"off_peak",3,1.10233497619629
"2010-06-12 05:00:00",0.352311134338379,"off_peak",3,1.05693340301514
"2010-06-12 06:00:00",0.533710181713104,"normal",6,3.20226109027863
"2010-06-12 07:00:00",1.49149262905121,"normal",6,8.94895577430725
"2010-06-12 08:00:00",1.53741025924683,"normal",6,9.22446155548096
"2010-06-12 09:00:00",1.49506855010986,"normal",6,8.97041130065918
"2010-06-12 10:00:00",1.45104277133942,"normal",6,8.7062566280365
"2010-06-12 11:00:00",1.44089269638062,"normal",6,8.64535617828369
"2010-06-12 12:00:00",1.07472395896912,"normal",6,6.4483437538147
"2010-06-12 13:00:00",1.79030609130859,"normal",6,10.7418365478516
"2010-06-12 14:00:00",1.39434683322906,"normal",6,8.36608099937439
"2010-06-12 15:00:00",0.986487746238708,"normal",6,5.91892647743225
"2010-06-12 16:00:00",1.5128253698349,"normal",6,9.0769522190094
"2010-06-12 17:00:00",1.42218387126923,"peak",10,14.2218387126923
"2010-06-12 18:00:00",1.89153182506561,"peak",10,18.9153182506561
"2010-06-12 19:00:00",2.0201723575592,"peak",10,20.201723575592
"2010-06-12 20:00:00",2.10746884346008,"peak",10,21.0746884346008
"2010-06-12 21:00:00",1.85116028785706,"peak",10,18.5116028785706
"2010-06-12 22:00:00",1.74039161205292,"off_peak",3,5.22117483615875
"2010-06-12 23:00:00",1.76458406448364,"off_peak",3,5.29375219345093
"2010-06-13 00:00:00",1.21086871623993,"off_peak",3,3.63260614871979
"2010-06-13 01:00:00",0.712828814983368,"off_peak",3,2.1384864449501
"2010-06-13 02:00:00",0.319126337766647,"off_peak",3,0.957379013299942
"2010-06-13 03:00:00",0.537767589092255,"off_peak",3,1.61330276727676
"2010-06-13 04:00:00",0.508011519908905,"off_peak",3,1.52403455972672
"2010-06-13 05:00:00",0.637687265872955,"off_peak",3,1.91306179761887
"2010-06-13 06:00:00",0.566287398338318,"normal",6,3.39772439002991
"2010-06-13 07:00:00",0.624423444271088,"normal",6,3.74654066562653
"2010-06-13 08:00:00",0.976978659629822,"normal",6,5.86187195777893
"2010-06-13 09:00:00",1.08306539058685,"normal",6,6.49839234352112
"2010-06-13 10:00:00",1.08619010448456,"normal",6,6.51714062690735
"2010-06-13 11:00:00",2.08117294311523,"normal",6,12.4870376586914
"2010-06-13 12:00:00",1.88723075389862,"normal",6,11.3233845233917
"2010-06-13 13:00:00",1.2098799943924,"normal",6,7.25927996635437
"2010-06-13 14:00:00",1.90908741950989,"normal",6,11.4545245170593
"2010-06-13 15:00:00",1.49817299842834,"normal",6,8.98903799057007
"2010-06-13 16:00:00",0.964659631252289,"normal",6,5.78795778751373
"2010-06-13 17:00:00",0.760994911193848,"peak",10,7.60994911193848
"2010-06-13 18:00:00",1.37529063224792,"peak",10,13.7529063224792
"2010-06-13 19:00:00",1.60001611709595,"peak",10,16.0001611709595
"2010-06-13 20:00:00",1.61307322978973,"peak",10,16.1307322978973
"2010-06-13 21:00:00",1.71057021617889,"peak",10,17.1057021617889
"2010-06-13 22:00:00",1.59183371067047,"off_peak",3,4.77550113201141
"2010-06-13 23:00:00",1.01728177070618,"off_peak",3,3.05184531211853
"2010-06-14 00:00:00",0.502717912197113,"off_peak",3,1.50815373659134
"2010-06-14 01:00:00",0.483243554830551,"off_peak",3,1.44973066449165
"2010-06-14 02:00:00",0.374620914459229,"off_peak",3,1.12386274337769
"2010-06-14 03:00:00",0.550097167491913,"off_peak",3,1.65029150247574
"2010-06-14 04:00:00",0.367092579603195,"off_peak",3,1.10127773880959
"2010-06-14 05:00:00",0.406483352184296,"off_peak",3,1.21945005655289
"2010-06-14 06:00:00",0.781225323677063,"normal",6,4.68735194206238
"2010-06-14 07:00:00",1.63777458667755,"normal",6,9.82664752006531
"2010-06-14 08:00:00",1.56031095981598,"normal",6,9.36186575889587
"2010-06-14 09:00:00",1.31656587123871,"normal",6,7.89939522743225
"2010-06-14 10:00:00",1.17670238018036,"normal",6,7.06021428108215
"2010-06-14 11:00:00",1.04863142967224,"normal",6,6.29178857803345
"2010-06-14 12:00:00",1.15544998645782,"normal",6,6.93269991874695
"2010-06-14 13:00:00",1.41002345085144,"normal",6,8.46014070510864
"2010-06-14 14:00:00",0.824898898601532,"normal",6,4.94939339160919
"2010-06-14 15:00:00",0.438600569963455,"normal",6,2.63160341978073
"2010-06-14 16:00:00",0.316358923912048,"normal",6,1.89815354347229
"2010-06-14 17:00:00",0.56249463558197,"peak",10,5.6249463558197
"2010-06-14 18:00:00",0.526998043060303,"peak",10,5.26998043060303
"2010-06-14 19:00:00",1.17169868946075,"peak",10,11.7169868946075
"2010-06-14 20:00:00",1.14331221580505,"peak",10,11.4331221580505
"2010-06-14 21:00:00",1.73637104034424,"peak",10,17.3637104034424
"2010-06-14 22:00:00",1.32626366615295,"off_peak",3,3.97879099845886
"2010-06-14 23:00:00",0.473241865634918,"off_peak",3,1.41972559690475
"2010-06-15 00:00:00",0.494895190000534,"off_peak",3,1.4846855700016
"2010-06-15 01:00:00",0.423246741294861,"off_peak",3,1.26974022388458
"2010-06-15 02:00:00",0.329036295413971,"off_peak",3,0.987108886241913
"2010-06-15 03:00:00",0.315969884395599,"off_peak",3,0.947909653186798
"2010-06-15 04:00:00",0.340852439403534,"off_peak",3,1.0225573182106
"2010-06-15 05:00:00",0.425109654664993,"off_peak",3,1.27532896399498
"2010-06-15 06:00:00",0.637988865375519,"normal",6,3.82793319225311
"2010-06-15 07:00:00",1.50740122795105,"normal",6,9.0444073677063
"2010-06-15 08:00:00",1.54039919376373,"normal",6,9.2423951625824
"2010-06-15 09:00:00",1.2867648601532,"normal",6,7.72058916091919
"2010-06-15 10:00:00",1.33601236343384,"normal",6,8.01607418060303
"2010-06-15 11:00:00",0.799878776073456,"normal",6,4.79927265644073
"2010-06-15 12:00:00",1.11513829231262,"normal",6,6.69082975387573
"2010-06-15 13:00:00",1.1549299955368,"normal",6,6.92957997322083
"2010-06-15 14:00:00",1.2984778881073,"normal",6,7.7908673286438
"2010-06-15 15:00:00",1.14130830764771,"normal",6,6.84784984588623
"2010-06-15 16:00:00",0.656270384788513,"normal",6,3.93762230873108
"2010-06-15 17:00:00",0.403850018978119,"peak",10,4.03850018978119
"2010-06-15 18:00:00",0.58348137140274,"peak",10,5.8348137140274
"2010-06-15 19:00:00",0.69876766204834,"peak",10,6.9876766204834
"2010-06-15 20:00:00",1.42026686668396,"peak",10,14.2026686668396
"2010-06-15 21:00:00",1.75329852104187,"peak",10,17.5329852104187
"2010-06-15 22:00:00",1.08388268947601,"off_peak",3,3.25164806842804
"2010-06-15 23:00:00",0.670780539512634,"off_peak",3,2.0123416185379
"2010-06-16 00:00:00",0.441675812005997,"off_peak",3,1.32502743601799
"2010-06-16 01:00:00",0.510935127735138,"off_peak",3,1.53280538320541
"2010-06-16 02:00:00",0.563056707382202,"off_peak",3,1.68917012214661
"2010-06-16 03:00:00",0.942080974578857,"off_peak",3,2.82624292373657
"2010-06-16 04:00:00",0.592860221862793,"off_peak",3,1.77858066558838
"2010-06-16 05:00:00",0.585996448993683,"off_peak",3,1.75798934698105
"2010-06-16 06:00:00",0.848222255706787,"normal",6,5.08933353424072
"2010-06-16 07:00:00",1.5950984954834,"normal",6,9.57059097290039
"2010-06-16 08:00:00",1.03736793994904,"normal",6,6.22420763969421
"2010-06-16 09:00:00",1.49861657619476,"normal",6,8.99169945716858
"2010-06-16 10:00:00",1.56819534301758,"normal",6,9.40917205810547
"2010-06-16 11:00:00",1.49111104011536,"normal",6,8.94666624069214
"2010-06-16 12:00:00",1.27491509914398,"normal",6,7.64949059486389
"2010-06-16 13:00:00",1.30771541595459,"normal",6,7.84629249572754
"2010-06-16 14:00:00",1.33847916126251,"normal",6,8.03087496757507
"2010-06-16 15:00:00",0.758053839206696,"normal",6,4.54832303524017
"2010-06-16 16:00:00",1.19368433952332,"normal",6,7.16210603713989
"2010-06-16 17:00:00",1.15037059783936,"peak",10,11.5037059783936
"2010-06-16 18:00:00",1.06263732910156,"peak",10,10.6263732910156
"2010-06-16 19:00:00",1.20996010303497,"peak",10,12.0996010303497
"2010-06-16 20:00:00",0.687525868415833,"peak",10,6.87525868415833
"2010-06-16 21:00:00",1.51562511920929,"peak",10,15.1562511920929
"2010-06-16 22:00:00",1.60678279399872,"off_peak",3,4.82034838199615
"2010-06-16 23:00:00",0.807541608810425,"off_peak",3,2.42262482643127
"2010-06-17 00:00:00",0.519631206989288,"off_peak",3,1.55889362096786
"2010-06-17 01:00:00",0.369714587926865,"off_peak",3,1.10914376378059
"2010-06-17 02:00:00",0.389498651027679,"off_peak",3,1.16849595308304
"2010-06-17 03:00:00",0.38440927863121,"off_peak",3,1.15322783589363
"2010-06-17 04:00:00",0.410505056381226,"off_peak",3,1.23151516914368
"2010-06-17 05:00:00",0.509771168231964,"off_peak",3,1.52931350469589
"2010-06-17 06:00:00",1.01864957809448,"normal",6,6.11189746856689
"2010-06-17 07:00:00",1.69208383560181,"normal",6,10.1525030136108
"2010-06-17 08:00:00",1.46853315830231,"normal",6,8.81119894981384
"2010-06-17 09:00:00",1.0873202085495,"normal",6,6.523921251297
"2010-06-17 10:00:00",0.637097179889679,"normal",6,3.82258307933807
"2010-06-17 11:00:00",1.00349152088165,"normal",6,6.02094912528992
"2010-06-17 12:00:00",1.48450314998627,"normal",6,8.9070188999176
"2010-06-17 13:00:00",1.2283239364624,"normal",6,7.36994361877441
"2010-06-17 14:00:00",1.40290009975433,"normal",6,8.417400598526
"2010-06-17 15:00:00",0.561798632144928,"normal",6,3.37079179286957
"2010-06-17 16:00:00",0.426320284605026,"normal",6,2.55792170763016
"2010-06-17 17:00:00",0.394147604703903,"peak",10,3.94147604703903
"2010-06-17 18:00:00",0.531201720237732,"peak",10,5.31201720237732
"2010-06-17 19:00:00",0.531802177429199,"peak",10,5.31802177429199
"2010-06-17 20:00:00",0.741935968399048,"peak",10,7.41935968399048
"2010-06-17 21:00:00",1.86496090888977,"peak",10,18.6496090888977
"2010-06-17 22:00:00",1.12486231327057,"off_peak",3,3.37458693981171
"2010-06-17 23:00:00",0.503735601902008,"off_peak",3,1.51120680570602
"2010-06-18 00:00:00",0.546686053276062,"off_peak",3,1.64005815982819
"2010-06-18 01:00:00",0.544216930866241,"off_peak",3,1.63265079259872
"2010-06-18 02:00:00",0.607430398464203,"off_peak",3,1.82229119539261
"2010-06-18 03:00:00",0.328919172286987,"off_peak",3,0.986757516860962
"2010-06-18 04:00:00",0.37262487411499,"off_peak",3,1.11787462234497
"2010-06-18 05:00:00",0.339492678642273,"off_peak",3,1.01847803592682
"2010-06-18 06:00:00",0.830852687358856,"normal",6,4.98511612415314
"2010-06-18 07:00:00",1.14855575561523,"normal",6,6.89133453369141
"2010-06-18 08:00:00",1.40807545185089,"normal",6,8.44845271110535
"2010-06-18 09:00:00",1.48354291915894,"normal",6,8.90125751495361
"2010-06-18 10:00:00",1.35592305660248,"normal",6,8.13553833961487
"2010-06-18 11:00:00",1.55835843086243,"normal",6,9.35015058517456
"2010-06-18 12:00:00",1.58916437625885,"normal",6,9.5349862575531
"2010-06-18 13:00:00",1.31712055206299,"normal",6,7.90272331237793
"2010-06-18 14:00:00",1.23569250106812,"normal",6,7.41415500640869
"2010-06-18 15:00:00",0.775777220726013,"normal",6,4.65466332435608
"2010-06-18 16:00:00",0.338001728057861,"normal",6,2.02801036834717
"2010-06-18 17:00:00",0.589942395687103,"peak",10,5.89942395687103
"2010-06-18 18:00:00",0.986950099468231,"peak",10,9.86950099468231
"2010-06-18 19:00:00",0.882995009422302,"peak",10,8.82995009422302
"2010-06-18 20:00:00",1.19094324111938,"peak",10,11.9094324111938
"2010-06-18 21:00:00",1.8169572353363,"peak",10,18.169572353363
"2010-06-18 22:00:00",1.03180086612701,"off_peak",3,3.09540259838104
"2010-06-18 23:00:00",0.534708380699158,"off_peak",3,1.60412514209747
"2010-06-19 00:00:00",0.474078863859177,"off_peak",3,1.42223659157753
"2010-06-19 01:00:00",0.552083909511566,"off_peak",3,1.6562517285347
"2010-06-19 02:00:00",0.426510453224182,"off_peak",3,1.27953135967255
"2010-06-19 03:00:00",0.476790606975555,"off_peak",3,1.43037182092667
"2010-06-19 04:00:00",0.389331191778183,"off_peak",3,1.16799357533455
"2010-06-19 05:00:00",0.357846647500992,"off_peak",3,1.07353994250298
"2010-06-19 06:00:00",0.609649479389191,"normal",6,3.65789687633514
"2010-06-19 07:00:00",0.835566699504852,"normal",6,5.01340019702911
"2010-06-19 08:00:00",1.3741774559021,"normal",6,8.2450647354126
"2010-06-19 09:00:00",1.17155706882477,"normal",6,7.02934241294861
"2010-06-19 10:00:00",1.55633616447449,"normal",6,9.33801698684692
"2010-06-19 11:00:00",1.57235491275787,"normal",6,9.43412947654724
"2010-06-19 12:00:00",1.77432692050934,"normal",6,10.645961523056
"2010-06-19 13:00:00",0.954604268074036,"normal",6,5.72762560844421
"2010-06-19 14:00:00",1.60961246490479,"normal",6,9.65767478942871
"2010-06-19 15:00:00",1.01100659370422,"normal",6,6.06603956222534
"2010-06-19 16:00:00",0.96717894077301,"normal",6,5.80307364463806
"2010-06-19 17:00:00",1.7481015920639,"peak",10,17.481015920639
"2010-06-19 18:00:00",1.30163216590881,"peak",10,13.0163216590881
"2010-06-19 19:00:00",0.713987350463867,"peak",10,7.13987350463867
"2010-06-19 20:00:00",0.598183214664459,"peak",10,5.98183214664459
"2010-06-19 21:00:00",1.33910858631134,"peak",10,13.3910858631134
"2010-06-19 22:00:00",1.81900799274445,"off_peak",3,5.45702397823334
"2010-06-19 23:00:00",1.48990631103516,"off_peak",3,4.46971893310547
"2010-06-20 00:00:00",0.676229596138,"off_peak",3,2.028688788414
"2010-06-20 01:00:00",0.521027266979218,"off_peak",3,1.56308180093765
"2010-06-20 02:00:00",0.424919098615646,"off_peak",3,1.27475729584694
"2010-06-20 03:00:00",0.329220116138458,"off_peak",3,0.987660348415375
"2010-06-20 04:00:00",0.394179344177246,"off_peak",3,1.18253803253174
"2010-06-20 05:00:00",0.278794646263123,"off_peak",3,0.836383938789368
"2010-06-20 06:00:00",0.54851895570755,"normal",6,3.2911137342453
"2010-06-20 07:00:00",0.588557481765747,"normal",6,3.53134489059448
"2010-06-20 08:00:00",0.732546865940094,"normal",6,4.39528119564056
"2010-06-20 09:00:00",1.20851969718933,"normal",6,7.25111818313599
"2010-06-20 10:00:00",1.27402353286743,"normal",6,7.64414119720459
"2010-06-20 11:00:00",1.30356991291046,"normal",6,7.82141947746277
"2010-06-20 12:00:00",1.44246995449066,"normal",6,8.65481972694397
"2010-06-20 13:00:00",1.76529109477997,"normal",6,10.5917465686798
"2010-06-20 14:00:00",1.55050647258759,"normal",6,9.30303883552551
"2010-06-20 15:00:00",1.2413637638092,"normal",6,7.44818258285522
"2010-06-20 16:00:00",0.519134998321533,"normal",6,3.1148099899292
"2010-06-20 17:00:00",0.77418977022171,"peak",10,7.7418977022171
"2010-06-20 18:00:00",1.582435131073,"peak",10,15.82435131073
"2010-06-20 19:00:00",2.1400294303894,"peak",10,21.400294303894
"2010-06-20 20:00:00",2.39033174514771,"peak",10,23.9033174514771
"2010-06-20 21:00:00",2.04052805900574,"peak",10,20.4052805900574
"2010-06-20 22:00:00",1.52668416500092,"off_peak",3,4.58005249500275
"2010-06-20 23:00:00",1.02622199058533,"off_peak",3,3.07866597175598
"2010-06-21 00:00:00",0.609056830406189,"off_peak",3,1.82717049121857
"2010-06-21 01:00:00",0.331156045198441,"off_peak",3,0.993468135595322
"2010-06-21 02:00:00",0.356464952230453,"off_peak",3,1.06939485669136
"2010-06-21 03:00:00",0.311629682779312,"off_peak",3,0.934889048337936
"2010-06-21 04:00:00",0.343521803617477,"off_peak",3,1.03056541085243
"2010-06-21 05:00:00",0.319852709770203,"off_peak",3,0.959558129310608
"2010-06-21 06:00:00",0.806459784507751,"normal",6,4.83875870704651
"2010-06-21 07:00:00",0.646505057811737,"normal",6,3.87903034687042
"2010-06-21 08:00:00",1.16598665714264,"normal",6,6.99591994285583
"2010-06-21 09:00:00",1.40125155448914,"normal",6,8.40750932693481
"2010-06-21 10:00:00",1.24886584281921,"normal",6,7.49319505691528
"2010-06-21 11:00:00",1.02847754955292,"normal",6,6.1708652973175
"2010-06-21 12:00:00",1.24921059608459,"normal",6,7.49526357650757
"2010-06-21 13:00:00",0.879063427448273,"normal",6,5.27438056468964
"2010-06-21 14:00:00",0.634618878364563,"normal",6,3.80771327018738
"2010-06-21 15:00:00",1.14883637428284,"normal",6,6.89301824569702
"2010-06-21 16:00:00",1.62256371974945,"normal",6,9.7353823184967
"2010-06-21 17:00:00",0.577292144298553,"peak",10,5.77292144298553
"2010-06-21 18:00:00",1.15255391597748,"peak",10,11.5255391597748
"2010-06-21 19:00:00",2.09688782691956,"peak",10,20.9688782691956
"2010-06-21 20:00:00",1.62631785869598,"peak",10,16.2631785869598
"2010-06-21 21:00:00",1.93302285671234,"peak",10,19.3302285671234
"2010-06-21 22:00:00",1.31716632843018,"off_peak",3,3.95149898529053
"2010-06-21 23:00:00",1.1098290681839,"off_peak",3,3.3294872045517
"2010-06-22 00:00:00",0.426181584596634,"off_peak",3,1.2785447537899
"2010-06-22 01:00:00",0.390491127967834,"off_peak",3,1.1714733839035
"2010-06-22 02:00:00",0.332943916320801,"off_peak",3,0.998831748962402
"2010-06-22 03:00:00",0.345577359199524,"off_peak",3,1.03673207759857
"2010-06-22 04:00:00",0.349057376384735,"off_peak",3,1.04717212915421
"2010-06-22 05:00:00",0.472792536020279,"off_peak",3,1.41837760806084
"2010-06-22 06:00:00",0.789689600467682,"normal",6,4.73813760280609
"2010-06-22 07:00:00",1.32602822780609,"normal",6,7.95616936683655
"2010-06-22 08:00:00",1.57032203674316,"normal",6,9.42193222045898
"2010-06-22 09:00:00",1.4574226140976,"normal",6,8.74453568458557
"2010-06-22 10:00:00",1.39167737960815,"normal",6,8.35006427764893
"2010-06-22 11:00:00",1.51807284355164,"normal",6,9.10843706130981
"2010-06-22 12:00:00",0.942859649658203,"normal",6,5.65715789794922
"2010-06-22 13:00:00",0.710192859172821,"normal",6,4.26115715503693
"2010-06-22 14:00:00",1.22373723983765,"normal",6,7.34242343902588
"2010-06-22 15:00:00",0.976454138755798,"normal",6,5.85872483253479
"2010-06-22 16:00:00",0.710553586483002,"normal",6,4.26332151889801
"2010-06-22 17:00:00",0.603085517883301,"peak",10,6.03085517883301
"2010-06-22 18:00:00",1.77961945533752,"peak",10,17.7961945533752
"2010-06-22 19:00:00",1.63514399528503,"peak",10,16.3514399528503
"2010-06-22 20:00:00",1.41883993148804,"peak",10,14.1883993148804
"2010-06-22 21:00:00",1.35572123527527,"peak",10,13.5572123527527
"2010-06-22 22:00:00",1.30576252937317,"off_peak",3,3.91728758811951
"2010-06-22 23:00:00",1.1431177854538,"off_peak",3,3.42935335636139
"2010-06-23 00:00:00",0.546252012252808,"off_peak",3,1.63875603675842
"2010-06-23 01:00:00",0.347598731517792,"off_peak",3,1.04279619455338
"2010-06-23 02:00:00",0.336680710315704,"off_peak",3,1.01004213094711
"2010-06-23 03:00:00",0.337209612131119,"off_peak",3,1.01162883639336
"2010-06-23 04:00:00",0.333476930856705,"off_peak",3,1.00043079257011
"2010-06-23 05:00:00",0.42947256565094,"off_peak",3,1.28841769695282
"2010-06-23 06:00:00",0.987281382083893,"normal",6,5.92368829250336
"2010-06-23 07:00:00",1.31306409835815,"normal",6,7.87838459014893
"2010-06-23 08:00:00",1.55077648162842,"normal",6,9.30465888977051
"2010-06-23 09:00:00",1.29217743873596,"normal",6,7.75306463241577
"2010-06-23 10:00:00",1.28891432285309,"normal",6,7.73348593711853
"2010-06-23 11:00:00",1.74607300758362,"normal",6,10.4764380455017
"2010-06-23 12:00:00",1.33315813541412,"normal",6,7.99894881248474
"2010-06-23 13:00:00",0.976719260215759,"normal",6,5.86031556129456
"2010-06-23 14:00:00",0.441250145435333,"normal",6,2.647500872612
"2010-06-23 15:00:00",0.461709260940552,"normal",6,2.77025556564331
"2010-06-23 16:00:00",0.54673308134079,"normal",6,3.28039848804474
"2010-06-23 17:00:00",0.603942513465881,"peak",10,6.03942513465881
"2010-06-23 18:00:00",1.25664591789246,"peak",10,12.5664591789246
"2010-06-23 19:00:00",1.71905815601349,"peak",10,17.1905815601349
"2010-06-23 20:00:00",1.68005132675171,"peak",10,16.8005132675171
"2010-06-23 21:00:00",1.57713449001312,"peak",10,15.7713449001312
"2010-06-23 22:00:00",2.23111057281494,"off_peak",3,6.69333171844482
"2010-06-23 23:00:00",0.645521581172943,"off_peak",3,1.93656474351883
"2010-06-24 00:00:00",0.371187478303909,"off_peak",3,1.11356243491173
"2010-06-24 01:00:00",0.34844908118248,"off_peak",3,1.04534724354744
"2010-06-24 02:00:00",0.369542419910431,"off_peak",3,1.10862725973129
"2010-06-24 03:00:00",0.403000056743622,"off_peak",3,1.20900017023087
"2010-06-24 04:00:00",0.523381233215332,"off_peak",3,1.570143699646
"2010-06-24 05:00:00",0.629378736019135,"off_peak",3,1.8881362080574
"2010-06-24 06:00:00",0.95938104391098,"normal",6,5.75628626346588
"2010-06-24 07:00:00",1.05697500705719,"normal",6,6.34185004234314
"2010-06-24 08:00:00",1.33882391452789,"normal",6,8.03294348716736
"2010-06-24 09:00:00",1.45512926578522,"normal",6,8.7307755947113
"2010-06-24 10:00:00",1.23645663261414,"normal",6,7.41873979568481
"2010-06-24 11:00:00",0.671448290348053,"normal",6,4.02868974208832
"2010-06-24 12:00:00",0.518828272819519,"normal",6,3.11296963691711
"2010-06-24 13:00:00",0.537800490856171,"normal",6,3.22680294513702
"2010-06-24 14:00:00",0.425605207681656,"normal",6,2.55363124608994
"2010-06-24 15:00:00",0.380427658557892,"normal",6,2.28256595134735
"2010-06-24 16:00:00",0.410171985626221,"normal",6,2.46103191375732
"2010-06-24 17:00:00",0.633673846721649,"peak",10,6.33673846721649
"2010-06-24 18:00:00",0.811511099338531,"peak",10,8.11511099338531
"2010-06-24 19:00:00",1.3962916135788,"peak",10,13.962916135788
"2010-06-24 20:00:00",1.79917287826538,"peak",10,17.9917287826538
"2010-06-24 21:00:00",1.46258330345154,"peak",10,14.6258330345154
"2010-06-24 22:00:00",1.30683958530426,"off_peak",3,3.92051875591278
"2010-06-24 23:00:00",1.01295721530914,"off_peak",3,3.03887164592743
"2010-06-25 00:00:00",0.392430275678635,"off_peak",3,1.1772908270359
"2010-06-25 01:00:00",0.332076877355576,"off_peak",3,0.996230632066727
"2010-06-25 02:00:00",0.330800235271454,"off_peak",3,0.992400705814362
"2010-06-25 03:00:00",0.32368591427803,"off_peak",3,0.971057742834091
"2010-06-25 04:00:00",0.363620579242706,"off_peak",3,1.09086173772812
"2010-06-25 05:00:00",0.533761084079742,"off_peak",3,1.60128325223923
"2010-06-25 06:00:00",0.691593647003174,"normal",6,4.14956188201904
"2010-06-25 07:00:00",1.53058552742004,"normal",6,9.18351316452026
"2010-06-25 08:00:00",1.50428104400635,"normal",6,9.02568626403809
"2010-06-25 09:00:00",1.0635005235672,"normal",6,6.3810031414032
"2010-06-25 10:00:00",1.455894947052,"normal",6,8.73536968231201
"2010-06-25 11:00:00",1.33799612522125,"normal",6,8.02797675132751
"2010-06-25 12:00:00",1.44277191162109,"normal",6,8.65663146972656
"2010-06-25 13:00:00",1.47278559207916,"normal",6,8.83671355247498
"2010-06-25 14:00:00",0.793634712696075,"normal",6,4.76180827617645
"2010-06-25 15:00:00",0.34615159034729,"normal",6,2.07690954208374
"2010-06-25 16:00:00",0.338671416044235,"normal",6,2.03202849626541
"2010-06-25 17:00:00",0.55511474609375,"peak",10,5.5511474609375
"2010-06-25 18:00:00",0.798277378082275,"peak",10,7.98277378082275
"2010-06-25 19:00:00",0.881975471973419,"peak",10,8.81975471973419
"2010-06-25 20:00:00",0.835899710655212,"peak",10,8.35899710655212
"2010-06-25 21:00:00",0.876185595989227,"peak",10,8.76185595989227
"2010-06-25 22:00:00",1.52760410308838,"off_peak",3,4.58281230926514
"2010-06-25 23:00:00",1.017911195755,"off_peak",3,3.05373358726501
"2010-06-26 00:00:00",0.35005459189415,"off_peak",3,1.05016377568245
"2010-06-26 01:00:00",0.386207491159439,"off_peak",3,1.15862247347832
"2010-06-26 02:00:00",0.332145780324936,"off_peak",3,0.996437340974808
"2010-06-26 03:00:00",0.322618126869202,"off_peak",3,0.967854380607605
"2010-06-26 04:00:00",0.378070384263992,"off_peak",3,1.13421115279198
"2010-06-26 05:00:00",0.460565537214279,"off_peak",3,1.38169661164284
"2010-06-26 06:00:00",0.738512516021729,"normal",6,4.43107509613037
"2010-06-26 07:00:00",0.772281229496002,"normal",6,4.63368737697601
"2010-06-26 08:00:00",0.777514040470123,"normal",6,4.66508424282074
"2010-06-26 09:00:00",0.695906698703766,"normal",6,4.1754401922226
"2010-06-26 10:00:00",1.24900102615356,"normal",6,7.49400615692139
"2010-06-26 11:00:00",1.71338164806366,"normal",6,10.280289888382
"2010-06-26 12:00:00",0.919797897338867,"normal",6,5.5187873840332
"2010-06-26 13:00:00",1.52050244808197,"normal",6,9.12301468849182
"2010-06-26 14:00:00",1.09542429447174,"normal",6,6.57254576683044
"2010-06-26 15:00:00",0.575815856456757,"normal",6,3.45489513874054
"2010-06-26 16:00:00",0.686466157436371,"normal",6,4.11879694461823
"2010-06-26 17:00:00",0.968385100364685,"peak",10,9.68385100364685
"2010-06-26 18:00:00",1.53892958164215,"peak",10,15.3892958164215
"2010-06-26 19:00:00",1.58664262294769,"peak",10,15.8664262294769
"2010-06-26 20:00:00",0.465225726366043,"peak",10,4.65225726366043
"2010-06-26 21:00:00",0.887147128582001,"peak",10,8.87147128582001
"2010-06-26 22:00:00",0.698310196399689,"off_peak",3,2.09493058919907
"2010-06-26 23:00:00",0.441995769739151,"off_peak",3,1.32598730921745
"2010-06-27 00:00:00",0.576061248779297,"off_peak",3,1.72818374633789
"2010-06-27 01:00:00",0.487013071775436,"off_peak",3,1.46103921532631
"2010-06-27 02:00:00",0.527363896369934,"off_peak",3,1.5820916891098
"2010-06-27 03:00:00",0.384596616029739,"off_peak",3,1.15378984808922
"2010-06-27 04:00:00",0.420741856098175,"off_peak",3,1.26222556829453
"2010-06-27 05:00:00",0.314575225114822,"off_peak",3,0.943725675344467
"2010-06-27 06:00:00",0.407769501209259,"normal",6,2.44661700725555
"2010-06-27 07:00:00",0.449068337678909,"normal",6,2.69441002607346
"2010-06-27 08:00:00",0.92452210187912,"normal",6,5.54713261127472
"2010-06-27 09:00:00",0.544812560081482,"normal",6,3.26887536048889
"2010-06-27 10:00:00",1.41959571838379,"normal",6,8.51757431030273
"2010-06-27 11:00:00",1.09436416625977,"normal",6,6.56618499755859
"2010-06-27 12:00:00",0.962121844291687,"normal",6,5.77273106575012
"2010-06-27 13:00:00",1.11721217632294,"normal",6,6.70327305793762
"2010-06-27 14:00:00",1.43982422351837,"normal",6,8.63894534111023
"2010-06-27 15:00:00",1.33391296863556,"normal",6,8.00347781181335
"2010-06-27 16:00:00",0.805047988891602,"normal",6,4.83028793334961
"2010-06-27 17:00:00",1.11929678916931,"peak",10,11.1929678916931
"2010-06-27 18:00:00",1.15070474147797,"peak",10,11.5070474147797
"2010-06-27 19:00:00",1.43758869171143,"peak",10,14.3758869171143
"2010-06-27 20:00:00",0.648566007614136,"peak",10,6.48566007614136
"2010-06-27 21:00:00",0.737357378005981,"peak",10,7.37357378005981
"2010-06-27 22:00:00",1.13056194782257,"off_peak",3,3.39168584346771
"2010-06-27 23:00:00",0.939262330532074,"off_peak",3,2.81778699159622
"2010-06-28 00:00:00",0.463017493486404,"off_peak",3,1.38905248045921
"2010-06-28 01:00:00",0.321785062551498,"off_peak",3,0.965355187654495
"2010-06-28 02:00:00",0.3753642141819,"off_peak",3,1.1260926425457
"2010-06-28 03:00:00",0.609275579452515,"off_peak",3,1.82782673835754
"2010-06-28 04:00:00",0.52502566576004,"off_peak",3,1.57507699728012
"2010-06-28 05:00:00",0.38297438621521,"off_peak",3,1.14892315864563
"2010-06-28 06:00:00",0.672263443470001,"normal",6,4.03358066082001
"2010-06-28 07:00:00",1.37518978118896,"normal",6,8.25113868713379
"2010-06-28 08:00:00",1.23077929019928,"normal",6,7.38467574119568
"2010-06-28 09:00:00",1.3029910326004,"normal",6,7.81794619560242
"2010-06-28 10:00:00",0.751619160175323,"normal",6,4.50971496105194
"2010-06-28 11:00:00",0.477467000484467,"normal",6,2.8648020029068
"2010-06-28 12:00:00",0.989072799682617,"normal",6,5.9344367980957
"2010-06-28 13:00:00",0.852514445781708,"normal",6,5.11508667469025
"2010-06-28 14:00:00",0.719199955463409,"normal",6,4.31519973278046
"2010-06-28 15:00:00",0.903069734573364,"normal",6,5.41841840744019
"2010-06-28 16:00:00",1.3817971944809,"normal",6,8.29078316688538
"2010-06-28 17:00:00",0.818488359451294,"peak",10,8.18488359451294
"2010-06-28 18:00:00",1.36596441268921,"peak",10,13.6596441268921
"2010-06-28 19:00:00",1.43571150302887,"peak",10,14.3571150302887
"2010-06-28 20:00:00",1.20624303817749,"peak",10,12.0624303817749
"2010-06-28 21:00:00",0.979360997676849,"peak",10,9.79360997676849
"2010-06-28 22:00:00",1.10395646095276,"off_peak",3,3.31186938285828
"2010-06-28 23:00:00",0.971666276454926,"off_peak",3,2.91499882936478
"2010-06-29 00:00:00",0.885270476341248,"off_peak",3,2.65581142902374
"2010-06-29 01:00:00",0.451954692602158,"off_peak",3,1.35586407780647
"2010-06-29 02:00:00",0.412887424230576,"off_peak",3,1.23866227269173
"2010-06-29 03:00:00",0.381144374608994,"off_peak",3,1.14343312382698
"2010-06-29 04:00:00",0.358542233705521,"off_peak",3,1.07562670111656
"2010-06-29 05:00:00",0.481605768203735,"off_peak",3,1.44481730461121
"2010-06-29 06:00:00",0.901485979557037,"normal",6,5.40891587734222
"2010-06-29 07:00:00",1.00569832324982,"normal",6,6.0341899394989
"2010-06-29 08:00:00",1.28528726100922,"normal",6,7.7117235660553
"2010-06-29 09:00:00",1.50592184066772,"normal",6,9.03553104400635
"2010-06-29 10:00:00",1.4848747253418,"normal",6,8.90924835205078
"2010-06-29 11:00:00",1.62928748130798,"normal",6,9.7757248878479
"2010-06-29 12:00:00",0.627744913101196,"normal",6,3.76646947860718
"2010-06-29 13:00:00",0.640634894371033,"normal",6,3.8438093662262
"2010-06-29 14:00:00",0.93837296962738,"normal",6,5.63023781776428
"2010-06-29 15:00:00",1.04160952568054,"normal",6,6.24965715408325
"2010-06-29 16:00:00",0.493397504091263,"normal",6,2.96038502454758
"2010-06-29 17:00:00",1.16259920597076,"peak",10,11.6259920597076
"2010-06-29 18:00:00",1.34481120109558,"peak",10,13.4481120109558
"2010-06-29 19:00:00",1.14153957366943,"peak",10,11.4153957366943
"2010-06-29 20:00:00",0.98887425661087,"peak",10,9.8887425661087
"2010-06-29 21:00:00",1.17262077331543,"peak",10,11.7262077331543
"2010-06-29 22:00:00",1.50765931606293,"off_peak",3,4.52297794818878
"2010-06-29 23:00:00",1.16684556007385,"off_peak",3,3.50053668022156
"2010-06-30 00:00:00",0.371421903371811,"off_peak",3,1.11426571011543
"2010-06-30 01:00:00",0.373581677675247,"off_peak",3,1.12074503302574
"2010-06-30 02:00:00",0.520560443401337,"off_peak",3,1.56168133020401
"2010-06-30 03:00:00",0.411047220230103,"off_peak",3,1.23314166069031
"2010-06-30 04:00:00",0.341279894113541,"off_peak",3,1.02383968234062
"2010-06-30 05:00:00",0.371158927679062,"off_peak",3,1.11347678303719
"2010-06-30 06:00:00",0.686764776706696,"normal",6,4.12058866024017
"2010-06-30 07:00:00",1.14887261390686,"normal",6,6.89323568344116
"2010-06-30 08:00:00",1.29757905006409,"normal",6,7.78547430038452
"2010-06-30 09:00:00",1.33965742588043,"normal",6,8.03794455528259
"2010-06-30 10:00:00",0.638889729976654,"normal",6,3.83333837985992
"2010-06-30 11:00:00",0.491040766239166,"normal",6,2.946244597435
"2010-06-30 12:00:00",0.903847813606262,"normal",6,5.42308688163757
"2010-06-30 13:00:00",1.04574608802795,"normal",6,6.27447652816772
"2010-06-30 14:00:00",1.15114319324493,"normal",6,6.9068591594696
"2010-06-30 15:00:00",1.13906133174896,"normal",6,6.83436799049377
"2010-06-30 16:00:00",0.675985157489777,"normal",6,4.05591094493866
"2010-06-30 17:00:00",0.797460198402405,"peak",10,7.97460198402405
"2010-06-30 18:00:00",1.5031830072403,"peak",10,15.031830072403
"2010-06-30 19:00:00",1.45043981075287,"peak",10,14.5043981075287
"2010-06-30 20:00:00",1.20423674583435,"peak",10,12.0423674583435
"2010-06-30 21:00:00",1.40596640110016,"peak",10,14.0596640110016
"2010-06-30 22:00:00",1.25068771839142,"off_peak",3,3.75206315517426
"2010-06-30 23:00:00",1.0504709482193,"off_peak",3,3.1514128446579
"2010-07-01 00:00:00",0.928974509239197,"off_peak",3,2.78692352771759
"2010-07-01 01:00:00",1.56412374973297,"off_peak",3,4.69237124919891
"2010-07-01 02:00:00",0.433032363653183,"off_peak",3,1.29909709095955
"2010-07-01 03:00:00",0.35256427526474,"off_peak",3,1.05769282579422
"2010-07-01 04:00:00",0.38144588470459,"off_peak",3,1.14433765411377
"2010-07-01 05:00:00",0.422567099332809,"off_peak",3,1.26770129799843
"2010-07-01 06:00:00",0.651421844959259,"normal",6,3.90853106975555
"2010-07-01 07:00:00",0.959805369377136,"normal",6,5.75883221626282
"2010-07-01 08:00:00",0.707294821739197,"normal",6,4.24376893043518
"2010-07-01 09:00:00",0.751551628112793,"normal",6,4.50930976867676
"2010-07-01 10:00:00",0.876437604427338,"normal",6,5.25862562656403
"2010-07-01 11:00:00",1.24393260478973,"normal",6,7.4635956287384
"2010-07-01 12:00:00",1.27746140956879,"normal",6,7.66476845741272
"2010-07-01 13:00:00",1.23159849643707,"normal",6,7.38959097862244
"2010-07-01 14:00:00",0.76080584526062,"normal",6,4.56483507156372
"2010-07-01 15:00:00",0.829298377037048,"normal",6,4.97579026222229
"2010-07-01 16:00:00",0.857097744941711,"normal",6,5.14258646965027
"2010-07-01 17:00:00",1.13882982730865,"peak",10,11.3882982730865
"2010-07-01 18:00:00",1.0789395570755,"peak",10,10.789395570755
"2010-07-01 19:00:00",1.44094920158386,"peak",10,14.4094920158386
"2010-07-01 20:00:00",0.744448721408844,"peak",10,7.44448721408844
"2010-07-01 21:00:00",0.688139975070953,"peak",10,6.88139975070953
"2010-07-01 22:00:00",1.34336280822754,"off_peak",3,4.03008842468262
"2010-07-01 23:00:00",1.0934134721756,"off_peak",3,3.28024041652679
"2010-07-02 00:00:00",0.661864936351776,"off_peak",3,1.98559480905533
"2010-07-02 01:00:00",0.875469446182251,"off_peak",3,2.62640833854675
"2010-07-02 02:00:00",0.49650439620018,"off_peak",3,1.48951318860054
"2010-07-02 03:00:00",0.425399988889694,"off_peak",3,1.27619996666908
"2010-07-02 04:00:00",1.24119532108307,"off_peak",3,3.72358596324921
"2010-07-02 05:00:00",0.575969636440277,"off_peak",3,1.72790890932083
"2010-07-02 06:00:00",0.638749182224274,"normal",6,3.83249509334564
"2010-07-02 07:00:00",0.651656150817871,"normal",6,3.90993690490723
"2010-07-02 08:00:00",0.656874358654022,"normal",6,3.94124615192413
"2010-07-02 09:00:00",0.630922377109528,"normal",6,3.78553426265717
"2010-07-02 10:00:00",0.746653020381927,"normal",6,4.47991812229156
"2010-07-02 11:00:00",0.765754520893097,"normal",6,4.59452712535858
"2010-07-02 12:00:00",1.15166711807251,"normal",6,6.91000270843506
"2010-07-02 13:00:00",0.806684911251068,"normal",6,4.84010946750641
"2010-07-02 14:00:00",0.544289946556091,"normal",6,3.26573967933655
"2010-07-02 15:00:00",0.876665472984314,"normal",6,5.25999283790588
"2010-07-02 16:00:00",0.823588073253632,"normal",6,4.94152843952179
"2010-07-02 17:00:00",1.02089810371399,"peak",10,10.2089810371399
"2010-07-02 18:00:00",0.674307346343994,"peak",10,6.74307346343994
"2010-07-02 19:00:00",0.833319127559662,"peak",10,8.33319127559662
"2010-07-02 20:00:00",1.28484225273132,"peak",10,12.8484225273132
"2010-07-02 21:00:00",1.4550746679306,"peak",10,14.550746679306
"2010-07-02 22:00:00",1.07624161243439,"off_peak",3,3.22872483730316
"2010-07-02 23:00:00",0.502515316009521,"off_peak",3,1.50754594802856
"2010-07-03 00:00:00",0.485248267650604,"off_peak",3,1.45574480295181
"2010-07-03 01:00:00",0.480333238840103,"off_peak",3,1.44099971652031
"2010-07-03 02:00:00",0.549982488155365,"off_peak",3,1.64994746446609
"2010-07-03 03:00:00",1.18182981014252,"off_peak",3,3.54548943042755
"2010-07-03 04:00:00",0.644558846950531,"off_peak",3,1.93367654085159
"2010-07-03 05:00:00",0.412594050168991,"off_peak",3,1.23778215050697
"2010-07-03 06:00:00",0.604414701461792,"normal",6,3.62648820877075
"2010-07-03 07:00:00",0.767103016376495,"normal",6,4.60261809825897
"2010-07-03 08:00:00",1.01373600959778,"normal",6,6.08241605758667
"2010-07-03 09:00:00",0.616297006607056,"normal",6,3.69778203964233
"2010-07-03 10:00:00",0.674587965011597,"normal",6,4.04752779006958
"2010-07-03 11:00:00",0.752326905727386,"normal",6,4.51396143436432
"2010-07-03 12:00:00",0.99018007516861,"normal",6,5.94108045101166
"2010-07-03 13:00:00",0.984291017055511,"normal",6,5.90574610233307
"2010-07-03 14:00:00",0.818842709064484,"normal",6,4.9130562543869
"2010-07-03 15:00:00",0.664721131324768,"normal",6,3.98832678794861
"2010-07-03 16:00:00",0.619846880435944,"normal",6,3.71908128261566
"2010-07-03 17:00:00",0.647758722305298,"peak",10,6.47758722305298
"2010-07-03 18:00:00",0.82830935716629,"peak",10,8.2830935716629
"2010-07-03 19:00:00",1.09138226509094,"peak",10,10.9138226509094
"2010-07-03 20:00:00",1.16760551929474,"peak",10,11.6760551929474
"2010-07-03 21:00:00",1.24605858325958,"peak",10,12.4605858325958
"2010-07-03 22:00:00",1.04823577404022,"off_peak",3,3.14470732212067
"2010-07-03 23:00:00",1.18916666507721,"off_peak",3,3.56749999523163
"2010-07-04 00:00:00",1.31914305686951,"off_peak",3,3.95742917060852
"2010-07-04 01:00:00",1.01459383964539,"off_peak",3,3.04378151893616
"2010-07-04 02:00:00",1.39661645889282,"off_peak",3,4.18984937667847
"2010-07-04 03:00:00",1.54465520381927,"off_peak",3,4.63396561145782
"2010-07-04 04:00:00",1.40257096290588,"off_peak",3,4.20771288871765
"2010-07-04 05:00:00",1.42672395706177,"off_peak",3,4.2801718711853
"2010-07-04 06:00:00",1.28302824497223,"normal",6,7.69816946983337
"2010-07-04 07:00:00",1.26848149299622,"normal",6,7.61088895797729
"2010-07-04 08:00:00",1.64663600921631,"normal",6,9.87981605529785
"2010-07-04 09:00:00",1.15877187252045,"normal",6,6.95263123512268
"2010-07-04 10:00:00",1.07637548446655,"normal",6,6.45825290679932
"2010-07-04 11:00:00",1.35710084438324,"normal",6,8.14260506629944
"2010-07-04 12:00:00",1.11236810684204,"normal",6,6.67420864105225
"2010-07-04 13:00:00",0.51242458820343,"normal",6,3.07454752922058
"2010-07-04 14:00:00",0.66359668970108,"normal",6,3.98158013820648
"2010-07-04 15:00:00",0.560337245464325,"normal",6,3.36202347278595
"2010-07-04 16:00:00",0.473004132509232,"normal",6,2.83802479505539
"2010-07-04 17:00:00",0.557292580604553,"peak",10,5.57292580604553
"2010-07-04 18:00:00",0.933540761470795,"peak",10,9.33540761470795
"2010-07-04 19:00:00",0.919871509075165,"peak",10,9.19871509075165
"2010-07-04 20:00:00",0.5787633061409,"peak",10,5.787633061409
"2010-07-04 21:00:00",0.925743520259857,"peak",10,9.25743520259857
"2010-07-04 22:00:00",1.52744388580322,"off_peak",3,4.58233165740967
"2010-07-04 23:00:00",0.996977031230927,"off_peak",3,2.99093109369278
"2010-07-05 00:00:00",0.629777491092682,"off_peak",3,1.88933247327805
"2010-07-05 01:00:00",0.4273641705513,"off_peak",3,1.2820925116539
"2010-07-05 02:00:00",0.458175599575043,"off_peak",3,1.37452679872513
"2010-07-05 03:00:00",0.388024151325226,"off_peak",3,1.16407245397568
"2010-07-05 04:00:00",0.380122423171997,"off_peak",3,1.14036726951599
"2010-07-05 05:00:00",0.39468514919281,"off_peak",3,1.18405544757843
"2010-07-05 06:00:00",0.830836832523346,"normal",6,4.98502099514008
"2010-07-05 07:00:00",0.716912746429443,"normal",6,4.30147647857666
"2010-07-05 08:00:00",1.23937726020813,"normal",6,7.43626356124878
"2010-07-05 09:00:00",1.08625149726868,"normal",6,6.51750898361206
"2010-07-05 10:00:00",0.440049976110458,"normal",6,2.64029985666275
"2010-07-05 11:00:00",0.481962651014328,"normal",6,2.89177590608597
"2010-07-05 12:00:00",0.440993964672089,"normal",6,2.64596378803253
"2010-07-05 13:00:00",0.760292530059814,"normal",6,4.56175518035889
"2010-07-05 14:00:00",0.776202082633972,"normal",6,4.65721249580383
"2010-07-05 15:00:00",0.977855145931244,"normal",6,5.86713087558746
"2010-07-05 16:00:00",1.0808413028717,"normal",6,6.48504781723022
"2010-07-05 17:00:00",0.930100500583649,"peak",10,9.30100500583649
"2010-07-05 18:00:00",0.399630308151245,"peak",10,3.99630308151245
"2010-07-05 19:00:00",0.506239116191864,"peak",10,5.06239116191864
"2010-07-05 20:00:00",1.04072856903076,"peak",10,10.4072856903076
"2010-07-05 21:00:00",1.48648405075073,"peak",10,14.8648405075073
"2010-07-05 22:00:00",1.32036471366882,"off_peak",3,3.96109414100647
"2010-07-05 23:00:00",0.973863244056702,"off_peak",3,2.9215897321701
"2010-07-06 00:00:00",0.896278202533722,"off_peak",3,2.68883460760117
"2010-07-06 01:00:00",0.402717083692551,"off_peak",3,1.20815125107765
"2010-07-06 02:00:00",0.364662975072861,"off_peak",3,1.09398892521858
"2010-07-06 03:00:00",0.414011627435684,"off_peak",3,1.24203488230705
"2010-07-06 04:00:00",0.387420922517776,"off_peak",3,1.16226276755333
"2010-07-06 05:00:00",0.360855758190155,"off_peak",3,1.08256727457047
"2010-07-06 06:00:00",0.621656537055969,"normal",6,3.72993922233582
"2010-07-06 07:00:00",1.05823230743408,"normal",6,6.34939384460449
"2010-07-06 08:00:00",1.2232528924942,"normal",6,7.33951735496521
"2010-07-06 09:00:00",1.25826740264893,"normal",6,7.54960441589355
"2010-07-06 10:00:00",1.13470411300659,"normal",6,6.80822467803955
"2010-07-06 11:00:00",1.05522418022156,"normal",6,6.33134508132935
"2010-07-06 12:00:00",0.373155415058136,"normal",6,2.23893249034882
"2010-07-06 13:00:00",0.462021350860596,"normal",6,2.77212810516357
"2010-07-06 14:00:00",0.972434222698212,"normal",6,5.83460533618927
"2010-07-06 15:00:00",0.807003319263458,"normal",6,4.84201991558075
"2010-07-06 16:00:00",0.742530465126038,"normal",6,4.45518279075623
"2010-07-06 17:00:00",0.856396377086639,"peak",10,8.56396377086639
"2010-07-06 18:00:00",0.729951322078705,"peak",10,7.29951322078705
"2010-07-06 19:00:00",0.949217200279236,"peak",10,9.49217200279236
"2010-07-06 20:00:00",1.27117693424225,"peak",10,12.7117693424225
"2010-07-06 21:00:00",1.65440797805786,"peak",10,16.5440797805786
"2010-07-06 22:00:00",0.931633114814758,"off_peak",3,2.79489934444427
"2010-07-06 23:00:00",0.340994775295258,"off_peak",3,1.02298432588577
"2010-07-07 00:00:00",0.47021758556366,"off_peak",3,1.41065275669098
"2010-07-07 01:00:00",0.498879611492157,"off_peak",3,1.49663883447647
"2010-07-07 02:00:00",0.624568700790405,"off_peak",3,1.87370610237122
"2010-07-07 03:00:00",0.348480850458145,"off_peak",3,1.04544255137444
"2010-07-07 04:00:00",0.461233258247375,"off_peak",3,1.38369977474213
"2010-07-07 05:00:00",0.466240048408508,"off_peak",3,1.39872014522552
"2010-07-07 06:00:00",0.562331259250641,"normal",6,3.37398755550385
"2010-07-07 07:00:00",1.39068365097046,"normal",6,8.34410190582275
"2010-07-07 08:00:00",0.833454132080078,"normal",6,5.00072479248047
"2010-07-07 09:00:00",0.997837066650391,"normal",6,5.98702239990234
"2010-07-07 10:00:00",0.421829074621201,"normal",6,2.5309744477272
"2010-07-07 11:00:00",0.389710307121277,"normal",6,2.33826184272766
"2010-07-07 12:00:00",0.480809241533279,"normal",6,2.88485544919968
"2010-07-07 13:00:00",0.801397442817688,"normal",6,4.80838465690613
"2010-07-07 14:00:00",0.732437551021576,"normal",6,4.39462530612946
"2010-07-07 15:00:00",1.20193409919739,"normal",6,7.21160459518433
"2010-07-07 16:00:00",0.868183195590973,"normal",6,5.20909917354584
"2010-07-07 17:00:00",0.439489483833313,"peak",10,4.39489483833313
"2010-07-07 18:00:00",0.603665113449097,"peak",10,6.03665113449097
"2010-07-07 19:00:00",0.592773497104645,"peak",10,5.92773497104645
"2010-07-07 20:00:00",1.07448530197144,"peak",10,10.7448530197144
"2010-07-07 21:00:00",1.51552081108093,"peak",10,15.1552081108093
"2010-07-07 22:00:00",0.927392721176147,"off_peak",3,2.78217816352844
"2010-07-07 23:00:00",0.806325495243073,"off_peak",3,2.41897648572922
"2010-07-08 00:00:00",0.343169242143631,"off_peak",3,1.02950772643089
"2010-07-08 01:00:00",0.423742055892944,"off_peak",3,1.27122616767883
"2010-07-08 02:00:00",0.486458539962769,"off_peak",3,1.45937561988831
"2010-07-08 03:00:00",0.375112444162369,"off_peak",3,1.12533733248711
"2010-07-08 04:00:00",0.366771757602692,"off_peak",3,1.10031527280807
"2010-07-08 05:00:00",0.491743385791779,"off_peak",3,1.47523015737534
"2010-07-08 06:00:00",0.645645380020142,"normal",6,3.87387228012085
"2010-07-08 07:00:00",0.883627355098724,"normal",6,5.30176413059235
"2010-07-08 08:00:00",1.35182988643646,"normal",6,8.11097931861877
"2010-07-08 09:00:00",0.928221762180328,"normal",6,5.56933057308197
"2010-07-08 10:00:00",0.35108745098114,"normal",6,2.10652470588684
"2010-07-08 11:00:00",0.682234346866608,"normal",6,4.09340608119965
"2010-07-08 12:00:00",0.616952240467072,"normal",6,3.70171344280243
"2010-07-08 13:00:00",0.395596563816071,"normal",6,2.37357938289642
"2010-07-08 14:00:00",1.16675770282745,"normal",6,7.00054621696472
"2010-07-08 15:00:00",1.50296819210052,"normal",6,9.01780915260315
"2010-07-08 16:00:00",0.703957319259644,"normal",6,4.22374391555786
"2010-07-08 17:00:00",1.3089097738266,"peak",10,13.089097738266
"2010-07-08 18:00:00",0.537318468093872,"peak",10,5.37318468093872
"2010-07-08 19:00:00",0.934416234493256,"peak",10,9.34416234493256
"2010-07-08 20:00:00",1.10936832427979,"peak",10,11.0936832427979
"2010-07-08 21:00:00",1.66977310180664,"peak",10,16.6977310180664
"2010-07-08 22:00:00",1.11931705474854,"off_peak",3,3.35795116424561
"2010-07-08 23:00:00",0.92649632692337,"off_peak",3,2.77948898077011
"2010-07-09 00:00:00",0.669759333133698,"off_peak",3,2.00927799940109
"2010-07-09 01:00:00",0.776790022850037,"off_peak",3,2.33037006855011
"2010-07-09 02:00:00",0.393626719713211,"off_peak",3,1.18088015913963
"2010-07-09 03:00:00",0.489014893770218,"off_peak",3,1.46704468131065
"2010-07-09 04:00:00",0.448109269142151,"off_peak",3,1.34432780742645
"2010-07-09 05:00:00",0.538090348243713,"off_peak",3,1.61427104473114
"2010-07-09 06:00:00",0.75077885389328,"normal",6,4.50467312335968
"2010-07-09 07:00:00",1.21059834957123,"normal",6,7.26359009742737
"2010-07-09 08:00:00",1.01725769042969,"normal",6,6.10354614257812
"2010-07-09 09:00:00",0.731810808181763,"normal",6,4.39086484909058
"2010-07-09 10:00:00",0.760916829109192,"normal",6,4.56550097465515
"2010-07-09 11:00:00",0.952420711517334,"normal",6,5.714524269104
"2010-07-09 12:00:00",0.718351542949677,"normal",6,4.31010925769806
"2010-07-09 13:00:00",0.750830888748169,"normal",6,4.50498533248901
"2010-07-09 14:00:00",1.15975701808929,"normal",6,6.95854210853577
"2010-07-09 15:00:00",0.770601630210876,"normal",6,4.62360978126526
"2010-07-09 16:00:00",0.823009252548218,"normal",6,4.93805551528931
"2010-07-09 17:00:00",0.743690252304077,"peak",10,7.43690252304077
"2010-07-09 18:00:00",0.69577693939209,"peak",10,6.9577693939209
"2010-07-09 19:00:00",0.928768932819366,"peak",10,9.28768932819366
"2010-07-09 20:00:00",0.867640733718872,"peak",10,8.67640733718872
"2010-07-09 21:00:00",1.15713822841644,"peak",10,11.5713822841644
"2010-07-09 22:00:00",0.920774936676025,"off_peak",3,2.76232481002808
"2010-07-09 23:00:00",0.804182291030884,"off_peak",3,2.41254687309265
"2010-07-10 00:00:00",0.651197493076324,"off_peak",3,1.95359247922897
"2010-07-10 01:00:00",0.382414013147354,"off_peak",3,1.14724203944206
"2010-07-10 02:00:00",0.344368070363998,"off_peak",3,1.033104211092
"2010-07-10 03:00:00",0.39715588092804,"off_peak",3,1.19146764278412
"2010-07-10 04:00:00",0.511083543300629,"off_peak",3,1.53325062990189
"2010-07-10 05:00:00",0.384847402572632,"off_peak",3,1.1545422077179
"2010-07-10 06:00:00",0.505557835102081,"normal",6,3.03334701061249
"2010-07-10 07:00:00",0.695846617221832,"normal",6,4.17507970333099
"2010-07-10 08:00:00",0.561650454998016,"normal",6,3.3699027299881
"2010-07-10 09:00:00",0.75226753950119,"normal",6,4.51360523700714
"2010-07-10 10:00:00",1.49860894680023,"normal",6,8.99165368080139
"2010-07-10 11:00:00",0.882141947746277,"normal",6,5.29285168647766
"2010-07-10 12:00:00",0.715472757816315,"normal",6,4.29283654689789
"2010-07-10 13:00:00",0.658284068107605,"normal",6,3.94970440864563
"2010-07-10 14:00:00",1.45425713062286,"normal",6,8.72554278373718
"2010-07-10 15:00:00",1.36335837841034,"normal",6,8.18015027046204
"2010-07-10 16:00:00",1.29739367961884,"normal",6,7.78436207771301
"2010-07-10 17:00:00",0.770134150981903,"peak",10,7.70134150981903
"2010-07-10 18:00:00",0.951949059963226,"peak",10,9.51949059963226
"2010-07-10 19:00:00",0.802765548229218,"peak",10,8.02765548229218
"2010-07-10 20:00:00",1.02716970443726,"peak",10,10.2716970443726
"2010-07-10 21:00:00",1.19689786434174,"peak",10,11.9689786434174
"2010-07-10 22:00:00",0.812865674495697,"off_peak",3,2.43859702348709
"2010-07-10 23:00:00",0.862060904502869,"off_peak",3,2.58618271350861
"2010-07-11 00:00:00",0.468654841184616,"off_peak",3,1.40596452355385
"2010-07-11 01:00:00",0.406150221824646,"off_peak",3,1.21845066547394
"2010-07-11 02:00:00",0.571217179298401,"off_peak",3,1.7136515378952
"2010-07-11 03:00:00",0.577394425868988,"off_peak",3,1.73218327760696
"2010-07-11 04:00:00",0.457541733980179,"off_peak",3,1.37262520194054
"2010-07-11 05:00:00",0.554616153240204,"off_peak",3,1.66384845972061
"2010-07-11 06:00:00",0.944460570812225,"normal",6,5.66676342487335
"2010-07-11 07:00:00",0.970676779747009,"normal",6,5.82406067848206
"2010-07-11 08:00:00",0.59030020236969,"normal",6,3.54180121421814
"2010-07-11 09:00:00",0.771702945232391,"normal",6,4.63021767139435
"2010-07-11 10:00:00",0.951206028461456,"normal",6,5.70723617076874
"2010-07-11 11:00:00",1.3587052822113,"normal",6,8.15223169326782
"2010-07-11 12:00:00",1.18014252185822,"normal",6,7.08085513114929
"2010-07-11 13:00:00",0.754295408725739,"normal",6,4.52577245235443
"2010-07-11 14:00:00",1.01374852657318,"normal",6,6.08249115943909
"2010-07-11 15:00:00",0.666696667671204,"normal",6,4.00018000602722
"2010-07-11 16:00:00",0.772063195705414,"normal",6,4.63237917423248
"2010-07-11 17:00:00",0.870286345481873,"peak",10,8.70286345481873
"2010-07-11 18:00:00",0.879091501235962,"peak",10,8.79091501235962
"2010-07-11 19:00:00",1.05920159816742,"peak",10,10.5920159816742
"2010-07-11 20:00:00",1.46858656406403,"peak",10,14.6858656406403
"2010-07-11 21:00:00",0.94758814573288,"peak",10,9.4758814573288
"2010-07-11 22:00:00",0.843473434448242,"off_peak",3,2.53042030334473
"2010-07-11 23:00:00",1.00931656360626,"off_peak",3,3.02794969081879
"2010-07-12 00:00:00",1.19901359081268,"off_peak",3,3.59704077243805
"2010-07-12 01:00:00",0.531206727027893,"off_peak",3,1.59362018108368
"2010-07-12 02:00:00",0.393146306276321,"off_peak",3,1.17943891882896
"2010-07-12 03:00:00",0.453658193349838,"off_peak",3,1.36097458004951
"2010-07-12 04:00:00",0.389297068119049,"off_peak",3,1.16789120435715
"2010-07-12 05:00:00",0.403176665306091,"off_peak",3,1.20952999591827
"2010-07-12 06:00:00",0.626522481441498,"normal",6,3.75913488864899
"2010-07-12 07:00:00",1.03384518623352,"normal",6,6.20307111740112
"2010-07-12 08:00:00",0.914276361465454,"normal",6,5.48565816879272
"2010-07-12 09:00:00",0.843814074993134,"normal",6,5.0628844499588
"2010-07-12 10:00:00",0.817329704761505,"normal",6,4.90397822856903
"2010-07-12 11:00:00",0.788319110870361,"normal",6,4.72991466522217
"2010-07-12 12:00:00",0.811380505561829,"normal",6,4.86828303337097
"2010-07-12 13:00:00",0.728254377841949,"normal",6,4.3695262670517
"2010-07-12 14:00:00",0.859479427337646,"normal",6,5.15687656402588
"2010-07-12 15:00:00",0.690990149974823,"normal",6,4.14594089984894
"2010-07-12 16:00:00",0.693684041500092,"normal",6,4.16210424900055
"2010-07-12 17:00:00",0.518110394477844,"peak",10,5.18110394477844
"2010-07-12 18:00:00",1.13747179508209,"peak",10,11.3747179508209
"2010-07-12 19:00:00",1.18983519077301,"peak",10,11.8983519077301
"2010-07-12 20:00:00",0.811964988708496,"peak",10,8.11964988708496
"2010-07-12 21:00:00",1.58303904533386,"peak",10,15.8303904533386
"2010-07-12 22:00:00",1.4037834405899,"off_peak",3,4.21135032176971
"2010-07-12 23:00:00",0.950538635253906,"off_peak",3,2.85161590576172
"2010-07-13 00:00:00",0.426603078842163,"off_peak",3,1.27980923652649
"2010-07-13 01:00:00",0.378726810216904,"off_peak",3,1.13618043065071
"2010-07-13 02:00:00",0.439493089914322,"off_peak",3,1.31847926974297
"2010-07-13 03:00:00",0.377645373344421,"off_peak",3,1.13293612003326
"2010-07-13 04:00:00",0.383568525314331,"off_peak",3,1.15070557594299
"2010-07-13 05:00:00",0.464912921190262,"off_peak",3,1.39473876357079
"2010-07-13 06:00:00",0.67155122756958,"normal",6,4.02930736541748
"2010-07-13 07:00:00",0.927679240703583,"normal",6,5.5660754442215
"2010-07-13 08:00:00",1.049729347229,"normal",6,6.29837608337402
"2010-07-13 09:00:00",1.34064614772797,"normal",6,8.0438768863678
"2010-07-13 10:00:00",1.34647500514984,"normal",6,8.07885003089905
"2010-07-13 11:00:00",0.584094345569611,"normal",6,3.50456607341766
"2010-07-13 12:00:00",0.688134431838989,"normal",6,4.12880659103394
"2010-07-13 13:00:00",0.725880861282349,"normal",6,4.35528516769409
"2010-07-13 14:00:00",1.17550313472748,"normal",6,7.05301880836487
"2010-07-13 15:00:00",1.18724822998047,"normal",6,7.12348937988281
"2010-07-13 16:00:00",0.80668318271637,"normal",6,4.84009909629822
"2010-07-13 17:00:00",0.566352248191833,"peak",10,5.66352248191833
"2010-07-13 18:00:00",0.730208873748779,"peak",10,7.30208873748779
"2010-07-13 19:00:00",1.20974600315094,"peak",10,12.0974600315094
"2010-07-13 20:00:00",1.3342376947403,"peak",10,13.342376947403
"2010-07-13 21:00:00",1.4345680475235,"peak",10,14.345680475235
"2010-07-13 22:00:00",1.47570049762726,"off_peak",3,4.42710149288177
"2010-07-13 23:00:00",0.906146585941315,"off_peak",3,2.71843975782394
"2010-07-14 00:00:00",0.548204779624939,"off_peak",3,1.64461433887482
"2010-07-14 01:00:00",0.418141216039658,"off_peak",3,1.25442364811897
"2010-07-14 02:00:00",0.507032454013824,"off_peak",3,1.52109736204147
"2010-07-14 03:00:00",0.477424770593643,"off_peak",3,1.43227431178093
"2010-07-14 04:00:00",0.365188241004944,"off_peak",3,1.09556472301483
"2010-07-14 05:00:00",0.438918948173523,"off_peak",3,1.31675684452057
"2010-07-14 06:00:00",0.691315174102783,"normal",6,4.1478910446167
"2010-07-14 07:00:00",0.860498547554016,"normal",6,5.1629912853241
"2010-07-14 08:00:00",1.25828850269318,"normal",6,7.54973101615906
"2010-07-14 09:00:00",1.09009838104248,"normal",6,6.54059028625488
"2010-07-14 10:00:00",0.88526064157486,"normal",6,5.31156384944916
"2010-07-14 11:00:00",0.686186075210571,"normal",6,4.11711645126343
"2010-07-14 12:00:00",0.935673296451569,"normal",6,5.61403977870941
"2010-07-14 13:00:00",1.06478118896484,"normal",6,6.38868713378906
"2010-07-14 14:00:00",1.14421451091766,"normal",6,6.86528706550598
"2010-07-14 15:00:00",1.09528255462646,"normal",6,6.57169532775879
"2010-07-14 16:00:00",0.809130311012268,"normal",6,4.85478186607361
"2010-07-14 17:00:00",0.621910989284515,"peak",10,6.21910989284515
"2010-07-14 18:00:00",0.707635641098022,"peak",10,7.07635641098022
"2010-07-14 19:00:00",0.824094533920288,"peak",10,8.24094533920288
"2010-07-14 20:00:00",1.34311711788177,"peak",10,13.4311711788177
"2010-07-14 21:00:00",1.29340052604675,"peak",10,12.9340052604675
"2010-07-14 22:00:00",1.4861695766449,"off_peak",3,4.45850872993469
"2010-07-14 23:00:00",1.2824479341507,"off_peak",3,3.84734380245209
"2010-07-15 00:00:00",1.75231862068176,"off_peak",3,5.25695586204529
"2010-07-15 01:00:00",1.50232076644897,"off_peak",3,4.50696229934692
"2010-07-15 02:00:00",0.984035015106201,"off_peak",3,2.9521050453186
"2010-07-15 03:00:00",0.759474217891693,"off_peak",3,2.27842265367508
"2010-07-15 04:00:00",0.386460661888123,"off_peak",3,1.15938198566437
"2010-07-15 05:00:00",0.479158401489258,"off_peak",3,1.43747520446777
"2010-07-15 06:00:00",0.693880975246429,"normal",6,4.16328585147858
"2010-07-15 07:00:00",1.34185039997101,"normal",6,8.05110239982605
"2010-07-15 08:00:00",0.845436453819275,"normal",6,5.07261872291565
"2010-07-15 09:00:00",0.824628412723541,"normal",6,4.94777047634125
"2010-07-15 10:00:00",1.1840740442276,"normal",6,7.1044442653656
"2010-07-15 11:00:00",0.768361926078796,"normal",6,4.61017155647278
"2010-07-15 12:00:00",0.744971573352814,"normal",6,4.46982944011688
"2010-07-15 13:00:00",0.709416627883911,"normal",6,4.25649976730347
"2010-07-15 14:00:00",0.648537456989288,"normal",6,3.89122474193573
"2010-07-15 15:00:00",0.707903265953064,"normal",6,4.24741959571838
"2010-07-15 16:00:00",1.2489937543869,"normal",6,7.49396252632141
"2010-07-15 17:00:00",0.845716834068298,"peak",10,8.45716834068298
"2010-07-15 18:00:00",0.607066869735718,"peak",10,6.07066869735718
"2010-07-15 19:00:00",0.858681440353394,"peak",10,8.58681440353394
"2010-07-15 20:00:00",0.956077635288239,"peak",10,9.56077635288239
"2010-07-15 21:00:00",1.11797273159027,"peak",10,11.1797273159027
"2010-07-15 22:00:00",1.53102171421051,"off_peak",3,4.59306514263153
"2010-07-15 23:00:00",1.16813635826111,"off_peak",3,3.50440907478333
"2010-07-16 00:00:00",0.69644296169281,"off_peak",3,2.08932888507843
"2010-07-16 01:00:00",0.517827451229095,"off_peak",3,1.55348235368729
"2010-07-16 02:00:00",0.45883384346962,"off_peak",3,1.37650153040886
"2010-07-16 03:00:00",0.397291779518127,"off_peak",3,1.19187533855438
"2010-07-16 04:00:00",0.446715950965881,"off_peak",3,1.34014785289764
"2010-07-16 05:00:00",0.439708948135376,"off_peak",3,1.31912684440613
"2010-07-16 06:00:00",0.895774841308594,"normal",6,5.37464904785156
"2010-07-16 07:00:00",0.757923483848572,"normal",6,4.54754090309143
"2010-07-16 08:00:00",0.614254713058472,"normal",6,3.68552827835083
"2010-07-16 09:00:00",1.19932341575623,"normal",6,7.19594049453735
"2010-07-16 10:00:00",0.866466045379639,"normal",6,5.19879627227783
"2010-07-16 11:00:00",0.864936172962189,"normal",6,5.18961703777313
"2010-07-16 12:00:00",0.476367086172104,"normal",6,2.85820251703262
"2010-07-16 13:00:00",0.547796607017517,"normal",6,3.2867796421051
"2010-07-16 14:00:00",0.845346808433533,"normal",6,5.0720808506012
"2010-07-16 15:00:00",0.948867559432983,"normal",6,5.6932053565979
"2010-07-16 16:00:00",1.21039855480194,"normal",6,7.26239132881165
"2010-07-16 17:00:00",0.737541615962982,"peak",10,7.37541615962982
"2010-07-16 18:00:00",0.511005699634552,"peak",10,5.11005699634552
"2010-07-16 19:00:00",0.530575811862946,"peak",10,5.30575811862946
"2010-07-16 20:00:00",0.61880624294281,"peak",10,6.1880624294281
"2010-07-16 21:00:00",0.589470207691193,"peak",10,5.89470207691193
"2010-07-16 22:00:00",1.35807752609253,"off_peak",3,4.07423257827759
"2010-07-16 23:00:00",0.985645651817322,"off_peak",3,2.95693695545197
"2010-07-17 00:00:00",0.603933870792389,"off_peak",3,1.81180161237717
"2010-07-17 01:00:00",0.554651081562042,"off_peak",3,1.66395324468613
"2010-07-17 02:00:00",0.651880443096161,"off_peak",3,1.95564132928848
"2010-07-17 03:00:00",0.725644469261169,"off_peak",3,2.17693340778351
"2010-07-17 04:00:00",0.364552170038223,"off_peak",3,1.09365651011467
"2010-07-17 05:00:00",0.350523769855499,"off_peak",3,1.0515713095665
"2010-07-17 06:00:00",0.375012218952179,"normal",6,2.25007331371307
"2010-07-17 07:00:00",0.422354429960251,"normal",6,2.53412657976151
"2010-07-17 08:00:00",0.489300668239594,"normal",6,2.93580400943756
"2010-07-17 09:00:00",0.958046555519104,"normal",6,5.74827933311462
"2010-07-17 10:00:00",1.26194715499878,"normal",6,7.57168292999268
"2010-07-17 11:00:00",1.24647879600525,"normal",6,7.47887277603149
"2010-07-17 12:00:00",0.549001276493073,"normal",6,3.29400765895844
"2010-07-17 13:00:00",0.563707828521729,"normal",6,3.38224697113037
"2010-07-17 14:00:00",0.605591595172882,"normal",6,3.63354957103729
"2010-07-17 15:00:00",0.490677237510681,"normal",6,2.94406342506409
"2010-07-17 16:00:00",0.44948336482048,"normal",6,2.69690018892288
"2010-07-17 17:00:00",0.484325408935547,"peak",10,4.84325408935547
"2010-07-17 18:00:00",0.457131117582321,"peak",10,4.57131117582321
"2010-07-17 19:00:00",0.506176114082336,"peak",10,5.06176114082336
"2010-07-17 20:00:00",0.517132639884949,"peak",10,5.17132639884949
"2010-07-17 21:00:00",1.15957462787628,"peak",10,11.5957462787628
"2010-07-17 22:00:00",1.1612583398819,"off_peak",3,3.48377501964569
"2010-07-17 23:00:00",0.767021775245667,"off_peak",3,2.301065325737
"2010-07-18 00:00:00",0.638419151306152,"off_peak",3,1.91525745391846
"2010-07-18 01:00:00",0.479898005723953,"off_peak",3,1.43969401717186
"2010-07-18 02:00:00",0.444613188505173,"off_peak",3,1.33383956551552
"2010-07-18 03:00:00",0.371562898159027,"off_peak",3,1.11468869447708
"2010-07-18 04:00:00",0.60767650604248,"off_peak",3,1.82302951812744
"2010-07-18 05:00:00",0.277888715267181,"off_peak",3,0.833666145801544
"2010-07-18 06:00:00",0.370771765708923,"normal",6,2.22463059425354
"2010-07-18 07:00:00",0.477236568927765,"normal",6,2.86341941356659
"2010-07-18 08:00:00",0.758090019226074,"normal",6,4.54854011535645
"2010-07-18 09:00:00",0.424477815628052,"normal",6,2.54686689376831
"2010-07-18 10:00:00",0.565053582191467,"normal",6,3.3903214931488
"2010-07-18 11:00:00",0.348051816225052,"normal",6,2.08831089735031
"2010-07-18 12:00:00",0.35135817527771,"normal",6,2.10814905166626
"2010-07-18 13:00:00",0.49375918507576,"normal",6,2.96255511045456
"2010-07-18 14:00:00",0.424825698137283,"normal",6,2.5489541888237
"2010-07-18 15:00:00",0.549199521541595,"normal",6,3.29519712924957
"2010-07-18 16:00:00",0.289198249578476,"normal",6,1.73518949747086
"2010-07-18 17:00:00",0.401915520429611,"peak",10,4.01915520429611
"2010-07-18 18:00:00",0.410309731960297,"peak",10,4.10309731960297
"2010-07-18 19:00:00",0.780839443206787,"peak",10,7.80839443206787
"2010-07-18 20:00:00",1.09325540065765,"peak",10,10.9325540065765
"2010-07-18 21:00:00",1.14550769329071,"peak",10,11.4550769329071
"2010-07-18 22:00:00",1.22344648838043,"off_peak",3,3.6703394651413
"2010-07-18 23:00:00",0.836650133132935,"off_peak",3,2.5099503993988
"2010-07-19 00:00:00",0.837504148483276,"off_peak",3,2.51251244544983
"2010-07-19 01:00:00",0.350135952234268,"off_peak",3,1.0504078567028
"2010-07-19 02:00:00",0.339387685060501,"off_peak",3,1.0181630551815
"2010-07-19 03:00:00",0.292707800865173,"off_peak",3,0.87812340259552
"2010-07-19 04:00:00",0.294203847646713,"off_peak",3,0.88261154294014
"2010-07-19 05:00:00",0.314924448728561,"off_peak",3,0.944773346185684
"2010-07-19 06:00:00",0.563549697399139,"normal",6,3.38129818439484
"2010-07-19 07:00:00",1.10068917274475,"normal",6,6.60413503646851
"2010-07-19 08:00:00",0.755430221557617,"normal",6,4.5325813293457
"2010-07-19 09:00:00",0.379963517189026,"normal",6,2.27978110313416
"2010-07-19 10:00:00",0.401099354028702,"normal",6,2.40659612417221
"2010-07-19 11:00:00",0.478316098451614,"normal",6,2.86989659070969
"2010-07-19 12:00:00",0.409983992576599,"normal",6,2.45990395545959
"2010-07-19 13:00:00",0.32375630736351,"normal",6,1.94253784418106
"2010-07-19 14:00:00",0.527817904949188,"normal",6,3.16690742969513
"2010-07-19 15:00:00",0.655133724212646,"normal",6,3.93080234527588
"2010-07-19 16:00:00",0.716342091560364,"normal",6,4.29805254936218
"2010-07-19 17:00:00",0.58126574754715,"peak",10,5.8126574754715
"2010-07-19 18:00:00",1.13347041606903,"peak",10,11.3347041606903
"2010-07-19 19:00:00",1.31037962436676,"peak",10,13.1037962436676
"2010-07-19 20:00:00",1.28111886978149,"peak",10,12.8111886978149
"2010-07-19 21:00:00",0.504662692546844,"peak",10,5.04662692546844
"2010-07-19 22:00:00",0.545085787773132,"off_peak",3,1.6352573633194
"2010-07-19 23:00:00",0.889841496944427,"off_peak",3,2.66952449083328
"2010-07-20 00:00:00",0.344529032707214,"off_peak",3,1.03358709812164
"2010-07-20 01:00:00",0.426741749048233,"off_peak",3,1.2802252471447
"2010-07-20 02:00:00",0.364723384380341,"off_peak",3,1.09417015314102
"2010-07-20 03:00:00",0.482128202915192,"off_peak",3,1.44638460874557
"2010-07-20 04:00:00",0.454418331384659,"off_peak",3,1.36325499415398
"2010-07-20 05:00:00",0.356665432453156,"off_peak",3,1.06999629735947
"2010-07-20 06:00:00",0.69545578956604,"normal",6,4.17273473739624
"2010-07-20 07:00:00",1.29274809360504,"normal",6,7.75648856163025
"2010-07-20 08:00:00",0.495191216468811,"normal",6,2.97114729881287
"2010-07-20 09:00:00",0.450356960296631,"normal",6,2.70214176177979
"2010-07-20 10:00:00",0.487472385168076,"normal",6,2.92483431100845
"2010-07-20 11:00:00",0.883889675140381,"normal",6,5.30333805084229
"2010-07-20 12:00:00",0.775003671646118,"normal",6,4.65002202987671
"2010-07-20 13:00:00",0.451054155826569,"normal",6,2.70632493495941
"2010-07-20 14:00:00",0.492634415626526,"normal",6,2.95580649375916
"2010-07-20 15:00:00",0.456457436084747,"normal",6,2.73874461650848
"2010-07-20 16:00:00",0.350993633270264,"normal",6,2.10596179962158
"2010-07-20 17:00:00",0.474853008985519,"peak",10,4.74853008985519
"2010-07-20 18:00:00",0.986244797706604,"peak",10,9.86244797706604
"2010-07-20 19:00:00",0.906496822834015,"peak",10,9.06496822834015
"2010-07-20 20:00:00",1.02293145656586,"peak",10,10.2293145656586
"2010-07-20 21:00:00",1.719522356987,"peak",10,17.19522356987
"2010-07-20 22:00:00",1.02177083492279,"off_peak",3,3.06531250476837
"2010-07-20 23:00:00",0.635159611701965,"off_peak",3,1.9054788351059
"2010-07-21 00:00:00",0.633077144622803,"off_peak",3,1.89923143386841
"2010-07-21 01:00:00",0.579446077346802,"off_peak",3,1.73833823204041
"2010-07-21 02:00:00",0.525410175323486,"off_peak",3,1.57623052597046
"2010-07-21 03:00:00",0.358939826488495,"off_peak",3,1.07681947946548
"2010-07-21 04:00:00",0.333825051784515,"off_peak",3,1.00147515535355
"2010-07-21 05:00:00",0.364206731319427,"off_peak",3,1.09262019395828
"2010-07-21 06:00:00",0.642482399940491,"normal",6,3.85489439964294
"2010-07-21 07:00:00",0.626631081104279,"normal",6,3.75978648662567
"2010-07-21 08:00:00",0.832467198371887,"normal",6,4.99480319023132
"2010-07-21 09:00:00",0.757261753082275,"normal",6,4.54357051849365
"2010-07-21 10:00:00",0.492177128791809,"normal",6,2.95306277275085
"2010-07-21 11:00:00",0.485277384519577,"normal",6,2.91166430711746
"2010-07-21 12:00:00",0.485982120037079,"normal",6,2.91589272022247
"2010-07-21 13:00:00",0.386237949132919,"normal",6,2.31742769479752
"2010-07-21 14:00:00",0.720137476921082,"normal",6,4.32082486152649
"2010-07-21 15:00:00",0.767111778259277,"normal",6,4.60267066955566
"2010-07-21 16:00:00",0.716754078865051,"normal",6,4.30052447319031
"2010-07-21 17:00:00",1.01863241195679,"peak",10,10.1863241195679
"2010-07-21 18:00:00",0.834317326545715,"peak",10,8.34317326545715
"2010-07-21 19:00:00",0.651795983314514,"peak",10,6.51795983314514
"2010-07-21 20:00:00",0.95536345243454,"peak",10,9.5536345243454
"2010-07-21 21:00:00",1.44422888755798,"peak",10,14.4422888755798
"2010-07-21 22:00:00",0.81242036819458,"off_peak",3,2.43726110458374
"2010-07-21 23:00:00",1.24572050571442,"off_peak",3,3.73716151714325
"2010-07-22 00:00:00",1.70242404937744,"off_peak",3,5.10727214813232
"2010-07-22 01:00:00",1.4594304561615,"off_peak",3,4.3782913684845
"2010-07-22 02:00:00",1.47620940208435,"off_peak",3,4.42862820625305
"2010-07-22 03:00:00",1.14358174800873,"off_peak",3,3.43074524402618
"2010-07-22 04:00:00",1.123779296875,"off_peak",3,3.371337890625
"2010-07-22 05:00:00",1.02828764915466,"off_peak",3,3.08486294746399
"2010-07-22 06:00:00",0.626390218734741,"normal",6,3.75834131240845
"2010-07-22 07:00:00",0.716826617717743,"normal",6,4.30095970630646
"2010-07-22 08:00:00",0.762666761875153,"normal",6,4.57600057125092
"2010-07-22 09:00:00",0.830418527126312,"normal",6,4.98251116275787
"2010-07-22 10:00:00",0.565351545810699,"normal",6,3.3921092748642
"2010-07-22 11:00:00",0.479364395141602,"normal",6,2.87618637084961
"2010-07-22 12:00:00",0.48222616314888,"normal",6,2.89335697889328
"2010-07-22 13:00:00",0.522654473781586,"normal",6,3.13592684268951
"2010-07-22 14:00:00",0.540557265281677,"normal",6,3.24334359169006
"2010-07-22 15:00:00",1.15946877002716,"normal",6,6.95681262016296
"2010-07-22 16:00:00",0.556528806686401,"normal",6,3.33917284011841
"2010-07-22 17:00:00",0.584446966648102,"peak",10,5.84446966648102
"2010-07-22 18:00:00",0.577809154987335,"peak",10,5.77809154987335
"2010-07-22 19:00:00",0.670296192169189,"peak",10,6.70296192169189
"2010-07-22 20:00:00",0.659540355205536,"peak",10,6.59540355205536
"2010-07-22 21:00:00",0.655201971530914,"peak",10,6.55201971530914
"2010-07-22 22:00:00",1.2155305147171,"off_peak",3,3.64659154415131
"2010-07-22 23:00:00",1.40681540966034,"off_peak",3,4.22044622898102
"2010-07-23 00:00:00",0.542551517486572,"off_peak",3,1.62765455245972
"2010-07-23 01:00:00",0.51705139875412,"off_peak",3,1.55115419626236
"2010-07-23 02:00:00",0.83688098192215,"off_peak",3,2.51064294576645
"2010-07-23 03:00:00",0.593737065792084,"off_peak",3,1.78121119737625
"2010-07-23 04:00:00",0.870100200176239,"off_peak",3,2.61030060052872
"2010-07-23 05:00:00",0.611923217773438,"off_peak",3,1.83576965332031
"2010-07-23 06:00:00",0.637667715549469,"normal",6,3.82600629329681
"2010-07-23 07:00:00",0.544311046600342,"normal",6,3.26586627960205
"2010-07-23 08:00:00",0.578086197376251,"normal",6,3.46851718425751
"2010-07-23 09:00:00",0.756307899951935,"normal",6,4.53784739971161
"2010-07-23 10:00:00",1.17899298667908,"normal",6,7.07395792007446
"2010-07-23 11:00:00",0.551706969738007,"normal",6,3.31024181842804
"2010-07-23 12:00:00",0.437307417392731,"normal",6,2.62384450435638
"2010-07-23 13:00:00",0.798755705356598,"normal",6,4.79253423213959
"2010-07-23 14:00:00",0.904432654380798,"normal",6,5.42659592628479
"2010-07-23 15:00:00",0.672678768634796,"normal",6,4.03607261180878
"2010-07-23 16:00:00",0.849671423435211,"normal",6,5.09802854061127
"2010-07-23 17:00:00",0.718785107135773,"peak",10,7.18785107135773
"2010-07-23 18:00:00",0.492201864719391,"peak",10,4.92201864719391
"2010-07-23 19:00:00",0.553737998008728,"peak",10,5.53737998008728
"2010-07-23 20:00:00",1.43380963802338,"peak",10,14.3380963802338
"2010-07-23 21:00:00",1.39426589012146,"peak",10,13.9426589012146
"2010-07-23 22:00:00",1.52558672428131,"off_peak",3,4.57676017284393
"2010-07-23 23:00:00",0.583519816398621,"off_peak",3,1.75055944919586
"2010-07-24 00:00:00",0.465561330318451,"off_peak",3,1.39668399095535
"2010-07-24 01:00:00",0.77922660112381,"off_peak",3,2.33767980337143
"2010-07-24 02:00:00",0.650247693061829,"off_peak",3,1.95074307918549
"2010-07-24 03:00:00",0.516626834869385,"off_peak",3,1.54988050460815
"2010-07-24 04:00:00",0.412877917289734,"off_peak",3,1.2386337518692
"2010-07-24 05:00:00",0.354235857725143,"off_peak",3,1.06270757317543
"2010-07-24 06:00:00",0.398818761110306,"normal",6,2.39291256666183
"2010-07-24 07:00:00",0.617918848991394,"normal",6,3.70751309394836
"2010-07-24 08:00:00",0.897762835025787,"normal",6,5.38657701015472
"2010-07-24 09:00:00",0.993330061435699,"normal",6,5.9599803686142
"2010-07-24 10:00:00",0.558564841747284,"normal",6,3.3513890504837
"2010-07-24 11:00:00",0.509449481964111,"normal",6,3.05669689178467
"2010-07-24 12:00:00",0.591669380664825,"normal",6,3.55001628398895
"2010-07-24 13:00:00",0.869461715221405,"normal",6,5.21677029132843
"2010-07-24 14:00:00",0.878069519996643,"normal",6,5.26841711997986
"2010-07-24 15:00:00",0.489128112792969,"normal",6,2.93476867675781
"2010-07-24 16:00:00",0.487034618854523,"normal",6,2.92220771312714
"2010-07-24 17:00:00",0.486595809459686,"peak",10,4.86595809459686
"2010-07-24 18:00:00",0.488501578569412,"peak",10,4.88501578569412
"2010-07-24 19:00:00",0.992711007595062,"peak",10,9.92711007595062
"2010-07-24 20:00:00",1.20022654533386,"peak",10,12.0022654533386
"2010-07-24 21:00:00",0.965117752552032,"peak",10,9.65117752552032
"2010-07-24 22:00:00",1.47234737873077,"off_peak",3,4.41704213619232
"2010-07-24 23:00:00",0.857508838176727,"off_peak",3,2.57252651453018
"2010-07-25 00:00:00",0.697387278079987,"off_peak",3,2.09216183423996
"2010-07-25 01:00:00",0.694646179676056,"off_peak",3,2.08393853902817
"2010-07-25 02:00:00",0.550607919692993,"off_peak",3,1.65182375907898
"2010-07-25 03:00:00",0.414021700620651,"off_peak",3,1.24206510186195
"2010-07-25 04:00:00",0.375031709671021,"off_peak",3,1.12509512901306
"2010-07-25 05:00:00",0.397115647792816,"off_peak",3,1.19134694337845
"2010-07-25 06:00:00",0.405508309602737,"normal",6,2.43304985761642
"2010-07-25 07:00:00",0.812578678131104,"normal",6,4.87547206878662
"2010-07-25 08:00:00",0.880142390727997,"normal",6,5.28085434436798
"2010-07-25 09:00:00",0.573955953121185,"normal",6,3.44373571872711
"2010-07-25 10:00:00",0.528226852416992,"normal",6,3.16936111450195
"2010-07-25 11:00:00",1.24400901794434,"normal",6,7.46405410766602
"2010-07-25 12:00:00",1.32896256446838,"normal",6,7.9737753868103
"2010-07-25 13:00:00",1.34707236289978,"normal",6,8.08243417739868
"2010-07-25 14:00:00",0.792403280735016,"normal",6,4.7544196844101
"2010-07-25 15:00:00",0.449963122606277,"normal",6,2.69977873563766
"2010-07-25 16:00:00",0.470646411180496,"normal",6,2.82387846708298
"2010-07-25 17:00:00",0.583197772502899,"peak",10,5.83197772502899
"2010-07-25 18:00:00",0.625217497348785,"peak",10,6.25217497348785
"2010-07-25 19:00:00",0.720815300941467,"peak",10,7.20815300941467
"2010-07-25 20:00:00",1.03411793708801,"peak",10,10.3411793708801
"2010-07-25 21:00:00",1.25439751148224,"peak",10,12.5439751148224
"2010-07-25 22:00:00",0.90663343667984,"off_peak",3,2.71990031003952
"2010-07-25 23:00:00",0.772830486297607,"off_peak",3,2.31849145889282
"2010-07-26 00:00:00",1.52300226688385,"off_peak",3,4.56900680065155
"2010-07-26 01:00:00",0.292186260223389,"off_peak",3,0.876558780670166
"2010-07-26 02:00:00",0.425867587327957,"off_peak",3,1.27760276198387
"2010-07-26 03:00:00",0.337954491376877,"off_peak",3,1.01386347413063
"2010-07-26 04:00:00",0.400065153837204,"off_peak",3,1.20019546151161
"2010-07-26 05:00:00",0.335473746061325,"off_peak",3,1.00642123818398
"2010-07-26 06:00:00",0.756654381752014,"normal",6,4.53992629051208
"2010-07-26 07:00:00",0.757605075836182,"normal",6,4.54563045501709
"2010-07-26 08:00:00",0.670076906681061,"normal",6,4.02046144008636
"2010-07-26 09:00:00",1.44348478317261,"normal",6,8.66090869903564
"2010-07-26 10:00:00",0.507760167121887,"normal",6,3.04656100273132
"2010-07-26 11:00:00",0.698124408721924,"normal",6,4.18874645233154
"2010-07-26 12:00:00",1.12222874164581,"normal",6,6.73337244987488
"2010-07-26 13:00:00",0.56414532661438,"normal",6,3.38487195968628
"2010-07-26 14:00:00",0.370665460824966,"normal",6,2.2239927649498
"2010-07-26 15:00:00",0.400838583707809,"normal",6,2.40503150224686
"2010-07-26 16:00:00",0.318196296691895,"normal",6,1.90917778015137
"2010-07-26 17:00:00",0.440962940454483,"peak",10,4.40962940454483
"2010-07-26 18:00:00",0.413748383522034,"peak",10,4.13748383522034
"2010-07-26 19:00:00",0.624531865119934,"peak",10,6.24531865119934
"2010-07-26 20:00:00",0.632612645626068,"peak",10,6.32612645626068
"2010-07-26 21:00:00",0.595756232738495,"peak",10,5.95756232738495
"2010-07-26 22:00:00",1.20489764213562,"off_peak",3,3.61469292640686
"2010-07-26 23:00:00",1.13848149776459,"off_peak",3,3.41544449329376
"2010-07-27 00:00:00",0.95503842830658,"off_peak",3,2.86511528491974
"2010-07-27 01:00:00",1.06767797470093,"off_peak",3,3.20303392410278
"2010-07-27 02:00:00",1.39729690551758,"off_peak",3,4.19189071655273
"2010-07-27 03:00:00",0.372893929481506,"off_peak",3,1.11868178844452
"2010-07-27 04:00:00",0.346861094236374,"off_peak",3,1.04058328270912
"2010-07-27 05:00:00",0.319220393896103,"off_peak",3,0.957661181688309
"2010-07-27 06:00:00",0.486193150281906,"normal",6,2.91715890169144
"2010-07-27 07:00:00",0.439807683229446,"normal",6,2.63884609937668
"2010-07-27 08:00:00",0.459403932094574,"normal",6,2.75642359256744
"2010-07-27 09:00:00",0.517385900020599,"normal",6,3.1043154001236
"2010-07-27 10:00:00",1.04019904136658,"normal",6,6.24119424819946
"2010-07-27 11:00:00",0.916408181190491,"normal",6,5.49844908714294
"2010-07-27 12:00:00",0.678045868873596,"normal",6,4.06827521324158
"2010-07-27 13:00:00",0.776597201824188,"normal",6,4.65958321094513
"2010-07-27 14:00:00",0.544409275054932,"normal",6,3.26645565032959
"2010-07-27 15:00:00",0.321105241775513,"normal",6,1.92663145065308
"2010-07-27 16:00:00",0.848882079124451,"normal",6,5.0932924747467
"2010-07-27 17:00:00",0.359294176101685,"peak",10,3.59294176101685
"2010-07-27 18:00:00",0.39634570479393,"peak",10,3.9634570479393
"2010-07-27 19:00:00",0.561908543109894,"peak",10,5.61908543109894
"2010-07-27 20:00:00",0.398979693651199,"peak",10,3.98979693651199
"2010-07-27 21:00:00",0.660806000232697,"peak",10,6.60806000232697
"2010-07-27 22:00:00",1.07669913768768,"off_peak",3,3.23009741306305
"2010-07-27 23:00:00",1.20366096496582,"off_peak",3,3.61098289489746
"2010-07-28 00:00:00",0.828607141971588,"off_peak",3,2.48582142591476
"2010-07-28 01:00:00",0.946024656295776,"off_peak",3,2.83807396888733
"2010-07-28 02:00:00",1.16864681243896,"off_peak",3,3.50594043731689
"2010-07-28 03:00:00",0.384639173746109,"off_peak",3,1.15391752123833
"2010-07-28 04:00:00",0.346707195043564,"off_peak",3,1.04012158513069
"2010-07-28 05:00:00",0.319181978702545,"off_peak",3,0.957545936107635
"2010-07-28 06:00:00",0.397873371839523,"normal",6,2.38724023103714
"2010-07-28 07:00:00",0.862951338291168,"normal",6,5.17770802974701
"2010-07-28 08:00:00",1.31560015678406,"normal",6,7.89360094070435
"2010-07-28 09:00:00",1.0487505197525,"normal",6,6.29250311851501
"2010-07-28 10:00:00",0.87406325340271,"normal",6,5.24437952041626
"2010-07-28 11:00:00",0.408384621143341,"normal",6,2.45030772686005
"2010-07-28 12:00:00",0.416022330522537,"normal",6,2.49613398313522
"2010-07-28 13:00:00",0.440407574176788,"normal",6,2.64244544506073
"2010-07-28 14:00:00",0.380894273519516,"normal",6,2.2853656411171
"2010-07-28 15:00:00",0.348247081041336,"normal",6,2.08948248624802
"2010-07-28 16:00:00",0.469882428646088,"normal",6,2.81929457187653
"2010-07-28 17:00:00",0.450218945741653,"peak",10,4.50218945741653
"2010-07-28 18:00:00",0.520574748516083,"peak",10,5.20574748516083
"2010-07-28 19:00:00",0.752106428146362,"peak",10,7.52106428146362
"2010-07-28 20:00:00",0.969995617866516,"peak",10,9.69995617866516
"2010-07-28 21:00:00",1.0228613615036,"peak",10,10.228613615036
"2010-07-28 22:00:00",0.471233904361725,"off_peak",3,1.41370171308517
"2010-07-28 23:00:00",0.472974479198456,"off_peak",3,1.41892343759537
"2010-07-29 00:00:00",0.25358459353447,"off_peak",3,0.760753780603409
"2010-07-29 01:00:00",0.350613355636597,"off_peak",3,1.05184006690979
"2010-07-29 02:00:00",0.352983921766281,"off_peak",3,1.05895176529884
"2010-07-29 03:00:00",0.358019262552261,"off_peak",3,1.07405778765678
"2010-07-29 04:00:00",0.403028160333633,"off_peak",3,1.2090844810009
"2010-07-29 05:00:00",0.35860201716423,"off_peak",3,1.07580605149269
"2010-07-29 06:00:00",0.564394176006317,"normal",6,3.3863650560379
"2010-07-29 07:00:00",0.612122654914856,"normal",6,3.67273592948914
"2010-07-29 08:00:00",1.03035235404968,"normal",6,6.1821141242981
"2010-07-29 09:00:00",0.296674430370331,"normal",6,1.78004658222198
"2010-07-29 10:00:00",0.403731673955917,"normal",6,2.4223900437355
"2010-07-29 11:00:00",0.335161119699478,"normal",6,2.01096671819687
"2010-07-29 12:00:00",0.329003721475601,"normal",6,1.97402232885361
"2010-07-29 13:00:00",0.29712125658989,"normal",6,1.78272753953934
"2010-07-29 14:00:00",0.38814651966095,"normal",6,2.3288791179657
"2010-07-29 15:00:00",0.386750966310501,"normal",6,2.32050579786301
"2010-07-29 16:00:00",0.344083577394485,"normal",6,2.06450146436691
"2010-07-29 17:00:00",0.440390378236771,"peak",10,4.40390378236771
"2010-07-29 18:00:00",0.443503618240356,"peak",10,4.43503618240356
"2010-07-29 19:00:00",0.940156102180481,"peak",10,9.40156102180481
"2010-07-29 20:00:00",0.49405100941658,"peak",10,4.9405100941658
"2010-07-29 21:00:00",0.368622362613678,"peak",10,3.68622362613678
"2010-07-29 22:00:00",0.272032111883163,"off_peak",3,0.81609633564949
"2010-07-29 23:00:00",0.348499059677124,"off_peak",3,1.04549717903137
"2010-07-30 00:00:00",0.366547882556915,"off_peak",3,1.09964364767075
"2010-07-30 01:00:00",0.363663285970688,"off_peak",3,1.09098985791206
"2010-07-30 02:00:00",0.396479189395905,"off_peak",3,1.18943756818771
"2010-07-30 03:00:00",0.330602586269379,"off_peak",3,0.991807758808136
"2010-07-30 04:00:00",0.365869253873825,"off_peak",3,1.09760776162148
"2010-07-30 05:00:00",0.373595535755157,"off_peak",3,1.12078660726547
"2010-07-30 06:00:00",0.508625388145447,"normal",6,3.05175232887268
"2010-07-30 07:00:00",0.756585419178009,"normal",6,4.53951251506805
"2010-07-30 08:00:00",0.459893524646759,"normal",6,2.75936114788055
"2010-07-30 09:00:00",0.608895421028137,"normal",6,3.65337252616882
"2010-07-30 10:00:00",0.371841341257095,"normal",6,2.23104804754257
"2010-07-30 11:00:00",0.321698993444443,"normal",6,1.93019396066666
"2010-07-30 12:00:00",0.337116897106171,"normal",6,2.02270138263702
"2010-07-30 13:00:00",0.342748701572418,"normal",6,2.05649220943451
"2010-07-30 14:00:00",0.353268146514893,"normal",6,2.11960887908936
"2010-07-30 15:00:00",0.376666218042374,"normal",6,2.25999730825424
"2010-07-30 16:00:00",0.34332600235939,"normal",6,2.05995601415634
"2010-07-30 17:00:00",0.418593645095825,"peak",10,4.18593645095825
"2010-07-30 18:00:00",0.740953624248505,"peak",10,7.40953624248505
"2010-07-30 19:00:00",0.672859668731689,"peak",10,6.72859668731689
"2010-07-30 20:00:00",0.266739040613174,"peak",10,2.66739040613174
"2010-07-30 21:00:00",0.285292983055115,"peak",10,2.85292983055115
"2010-07-30 22:00:00",0.288565635681152,"off_peak",3,0.865696907043457
"2010-07-30 23:00:00",0.400909394025803,"off_peak",3,1.20272818207741
"2010-07-31 00:00:00",0.343216478824615,"off_peak",3,1.02964943647385
"2010-07-31 01:00:00",0.397343665361404,"off_peak",3,1.19203099608421
"2010-07-31 02:00:00",0.345412224531174,"off_peak",3,1.03623667359352
"2010-07-31 03:00:00",0.37293416261673,"off_peak",3,1.11880248785019
"2010-07-31 04:00:00",0.35196179151535,"off_peak",3,1.05588537454605
"2010-07-31 05:00:00",0.614226162433624,"off_peak",3,1.84267848730087
"2010-07-31 06:00:00",0.498829483985901,"normal",6,2.99297690391541
"2010-07-31 07:00:00",0.510421454906464,"normal",6,3.06252872943878
"2010-07-31 08:00:00",0.426764667034149,"normal",6,2.5605880022049
"2010-07-31 09:00:00",0.31975245475769,"normal",6,1.91851472854614
"2010-07-31 10:00:00",0.366370260715485,"normal",6,2.19822156429291
"2010-07-31 11:00:00",0.354657977819443,"normal",6,2.12794786691666
"2010-07-31 12:00:00",0.465039163827896,"normal",6,2.79023498296738
"2010-07-31 13:00:00",0.439163476228714,"normal",6,2.63498085737228
"2010-07-31 14:00:00",0.526244282722473,"normal",6,3.15746569633484
"2010-07-31 15:00:00",0.383402526378632,"normal",6,2.30041515827179
"2010-07-31 16:00:00",0.593444168567657,"normal",6,3.56066501140594
"2010-07-31 17:00:00",0.777570962905884,"peak",10,7.77570962905884
"2010-07-31 18:00:00",0.578708231449127,"peak",10,5.78708231449127
"2010-07-31 19:00:00",0.486356377601624,"peak",10,4.86356377601624
"2010-07-31 20:00:00",0.468281328678131,"peak",10,4.68281328678131
"2010-07-31 21:00:00",0.38815313577652,"peak",10,3.8815313577652
"2010-07-31 22:00:00",0.338510721921921,"off_peak",3,1.01553216576576
"2010-07-31 23:00:00",0.328455179929733,"off_peak",3,0.9853655397892
"2010-08-01 00:00:00",0.334621727466583,"off_peak",3,1.00386518239975
"2010-08-01 01:00:00",0.390725404024124,"off_peak",3,1.17217621207237
"2010-08-01 02:00:00",0.353968977928162,"off_peak",3,1.06190693378448
"2010-08-01 03:00:00",0.407305419445038,"off_peak",3,1.22191625833511
"2010-08-01 04:00:00",0.417748779058456,"off_peak",3,1.25324633717537
"2010-08-01 05:00:00",0.56743597984314,"off_peak",3,1.70230793952942
"2010-08-01 06:00:00",0.337390661239624,"normal",6,2.02434396743774
"2010-08-01 07:00:00",0.353982239961624,"normal",6,2.12389343976974
"2010-08-01 08:00:00",0.330936789512634,"normal",6,1.98562073707581
"2010-08-01 09:00:00",0.336576610803604,"normal",6,2.01945966482162
"2010-08-01 10:00:00",0.355975419282913,"normal",6,2.13585251569748
"2010-08-01 11:00:00",0.363149791955948,"normal",6,2.17889875173569
"2010-08-01 12:00:00",0.492343306541443,"normal",6,2.95405983924866
"2010-08-01 13:00:00",0.359819918870926,"normal",6,2.15891951322556
"2010-08-01 14:00:00",0.478675335645676,"normal",6,2.87205201387405
"2010-08-01 15:00:00",0.336036920547485,"normal",6,2.01622152328491
"2010-08-01 16:00:00",0.561689615249634,"normal",6,3.3701376914978
"2010-08-01 17:00:00",0.73474383354187,"peak",10,7.3474383354187
"2010-08-01 18:00:00",0.528460144996643,"peak",10,5.28460144996643
"2010-08-01 19:00:00",0.34017613530159,"peak",10,3.4017613530159
"2010-08-01 20:00:00",0.327175915241241,"peak",10,3.27175915241241
"2010-08-01 21:00:00",0.415264219045639,"peak",10,4.15264219045639
"2010-08-01 22:00:00",0.318626493215561,"off_peak",3,0.955879479646683
"2010-08-01 23:00:00",0.289556950330734,"off_peak",3,0.868670850992203
"2010-08-02 00:00:00",0.368655920028687,"off_peak",3,1.10596776008606
"2010-08-02 01:00:00",0.370824545621872,"off_peak",3,1.11247363686562
"2010-08-02 02:00:00",0.328346073627472,"off_peak",3,0.985038220882416
"2010-08-02 03:00:00",0.374230206012726,"off_peak",3,1.12269061803818
"2010-08-02 04:00:00",0.452751576900482,"off_peak",3,1.35825473070145
"2010-08-02 05:00:00",0.505293250083923,"off_peak",3,1.51587975025177
"2010-08-02 06:00:00",0.376165360212326,"normal",6,2.25699216127396
"2010-08-02 07:00:00",0.447320163249969,"normal",6,2.68392097949982
"2010-08-02 08:00:00",0.349891662597656,"normal",6,2.09934997558594
"2010-08-02 09:00:00",0.33980929851532,"normal",6,2.03885579109192
"2010-08-02 10:00:00",0.355012118816376,"normal",6,2.13007271289825
"2010-08-02 11:00:00",0.341291666030884,"normal",6,2.0477499961853
"2010-08-02 12:00:00",0.453869760036469,"normal",6,2.72321856021881
"2010-08-02 13:00:00",0.285084843635559,"normal",6,1.71050906181335
"2010-08-02 14:00:00",0.395276188850403,"normal",6,2.37165713310242
"2010-08-02 15:00:00",0.339762955904007,"normal",6,2.03857773542404
"2010-08-02 16:00:00",0.60474044084549,"normal",6,3.62844264507294
"2010-08-02 17:00:00",0.671754360198975,"peak",10,6.71754360198975
"2010-08-02 18:00:00",0.593786120414734,"peak",10,5.93786120414734
"2010-08-02 19:00:00",0.354237049818039,"peak",10,3.54237049818039
"2010-08-02 20:00:00",0.302327811717987,"peak",10,3.02327811717987
"2010-08-02 21:00:00",0.341207981109619,"peak",10,3.41207981109619
"2010-08-02 22:00:00",0.276530683040619,"off_peak",3,0.829592049121857
"2010-08-02 23:00:00",0.319383442401886,"off_peak",3,0.958150327205658
"2010-08-03 00:00:00",0.329363286495209,"off_peak",3,0.988089859485626
"2010-08-03 01:00:00",0.385778188705444,"off_peak",3,1.15733456611633
"2010-08-03 02:00:00",0.346535056829453,"off_peak",3,1.03960517048836
"2010-08-03 03:00:00",0.403083443641663,"off_peak",3,1.20925033092499
"2010-08-03 04:00:00",0.491429537534714,"off_peak",3,1.47428861260414
"2010-08-03 05:00:00",0.344677835702896,"off_peak",3,1.03403350710869
"2010-08-03 06:00:00",0.523767352104187,"normal",6,3.14260411262512
"2010-08-03 07:00:00",0.395141154527664,"normal",6,2.37084692716599
"2010-08-03 08:00:00",0.383418262004852,"normal",6,2.30050957202911
"2010-08-03 09:00:00",0.385482490062714,"normal",6,2.31289494037628
"2010-08-03 10:00:00",0.600311040878296,"normal",6,3.60186624526978
"2010-08-03 11:00:00",0.445871233940125,"normal",6,2.67522740364075
"2010-08-03 12:00:00",0.518088638782501,"normal",6,3.10853183269501
"2010-08-03 13:00:00",0.435576111078262,"normal",6,2.61345666646957
"2010-08-03 14:00:00",0.483229219913483,"normal",6,2.8993753194809
"2010-08-03 15:00:00",0.511525273323059,"normal",6,3.06915163993835
"2010-08-03 16:00:00",0.61485880613327,"normal",6,3.68915283679962
"2010-08-03 17:00:00",1.07775640487671,"peak",10,10.7775640487671
"2010-08-03 18:00:00",0.668283462524414,"peak",10,6.68283462524414
"2010-08-03 19:00:00",0.546548366546631,"peak",10,5.46548366546631
"2010-08-03 20:00:00",0.605748176574707,"peak",10,6.05748176574707
"2010-08-03 21:00:00",0.600519895553589,"peak",10,6.00519895553589
"2010-08-03 22:00:00",0.412341386079788,"off_peak",3,1.23702415823936
"2010-08-03 23:00:00",0.50572395324707,"off_peak",3,1.51717185974121
"2010-08-04 00:00:00",0.374516278505325,"off_peak",3,1.12354883551598
"2010-08-04 01:00:00",0.437165319919586,"off_peak",3,1.31149595975876
"2010-08-04 02:00:00",0.402600198984146,"off_peak",3,1.20780059695244
"2010-08-04 03:00:00",0.488337934017181,"off_peak",3,1.46501380205154
"2010-08-04 04:00:00",0.696612358093262,"off_peak",3,2.08983707427979
"2010-08-04 05:00:00",0.274430155754089,"off_peak",3,0.823290467262268
"2010-08-04 06:00:00",0.374887228012085,"normal",6,2.24932336807251
"2010-08-04 07:00:00",0.34709906578064,"normal",6,2.08259439468384
"2010-08-04 08:00:00",0.417770028114319,"normal",6,2.50662016868591
"2010-08-04 09:00:00",0.349426358938217,"normal",6,2.0965581536293
"2010-08-04 10:00:00",0.323332935571671,"normal",6,1.93999761343002
"2010-08-04 11:00:00",0.37776580452919,"normal",6,2.26659482717514
"2010-08-04 12:00:00",0.487603306770325,"normal",6,2.92561984062195
"2010-08-04 13:00:00",0.327077001333237,"normal",6,1.96246200799942
"2010-08-04 14:00:00",0.374454438686371,"normal",6,2.24672663211823
"2010-08-04 15:00:00",0.376771777868271,"normal",6,2.26063066720963
"2010-08-04 16:00:00",0.868743002414703,"normal",6,5.21245801448822
"2010-08-04 17:00:00",0.451142072677612,"peak",10,4.51142072677612
"2010-08-04 18:00:00",0.385511875152588,"peak",10,3.85511875152588
"2010-08-04 19:00:00",0.346717268228531,"peak",10,3.46717268228531
"2010-08-04 20:00:00",0.318825542926788,"peak",10,3.18825542926788
"2010-08-04 21:00:00",0.40271407365799,"peak",10,4.0271407365799
"2010-08-04 22:00:00",0.289746910333633,"off_peak",3,0.8692407310009
"2010-08-04 23:00:00",0.375450313091278,"off_peak",3,1.12635093927383
"2010-08-05 00:00:00",0.311543166637421,"off_peak",3,0.934629499912262
"2010-08-05 01:00:00",0.365574717521667,"off_peak",3,1.096724152565
"2010-08-05 02:00:00",0.350612133741379,"off_peak",3,1.05183640122414
"2010-08-05 03:00:00",0.517326951026917,"off_peak",3,1.55198085308075
"2010-08-05 04:00:00",0.634513676166534,"off_peak",3,1.9035410284996
"2010-08-05 05:00:00",0.257718473672867,"off_peak",3,0.7731554210186
"2010-08-05 06:00:00",0.347471117973328,"normal",6,2.08482670783997
"2010-08-05 07:00:00",0.336340636014938,"normal",6,2.01804381608963
"2010-08-05 08:00:00",0.404456377029419,"normal",6,2.42673826217651
"2010-08-05 09:00:00",0.325261175632477,"normal",6,1.95156705379486
"2010-08-05 10:00:00",0.380547195672989,"normal",6,2.28328317403793
"2010-08-05 11:00:00",0.337365955114365,"normal",6,2.02419573068619
"2010-08-05 12:00:00",0.36823582649231,"normal",6,2.20941495895386
"2010-08-05 13:00:00",0.350570321083069,"normal",6,2.10342192649841
"2010-08-05 14:00:00",0.411074161529541,"normal",6,2.46644496917725
"2010-08-05 15:00:00",0.515993356704712,"normal",6,3.09596014022827
"2010-08-05 16:00:00",0.487377911806107,"normal",6,2.92426747083664
"2010-08-05 17:00:00",0.52358216047287,"peak",10,5.2358216047287
"2010-08-05 18:00:00",0.288424134254456,"peak",10,2.88424134254456
"2010-08-05 19:00:00",0.362692594528198,"peak",10,3.62692594528198
"2010-08-05 20:00:00",0.310604691505432,"peak",10,3.10604691505432
"2010-08-05 21:00:00",0.393925100564957,"peak",10,3.93925100564957
"2010-08-05 22:00:00",0.324012666940689,"off_peak",3,0.972038000822067
"2010-08-05 23:00:00",0.38099205493927,"off_peak",3,1.14297616481781
"2010-08-06 00:00:00",0.351246863603592,"off_peak",3,1.05374059081078
"2010-08-06 01:00:00",0.361879348754883,"off_peak",3,1.08563804626465
"2010-08-06 02:00:00",0.351196855306625,"off_peak",3,1.05359056591988
"2010-08-06 03:00:00",0.461056351661682,"off_peak",3,1.38316905498505
"2010-08-06 04:00:00",0.315021336078644,"off_peak",3,0.945064008235931
"2010-08-06 05:00:00",0.280368387699127,"off_peak",3,0.841105163097382
"2010-08-06 06:00:00",0.34065169095993,"normal",6,2.04391014575958
"2010-08-06 07:00:00",0.378728806972504,"normal",6,2.27237284183502
"2010-08-06 08:00:00",0.366047471761703,"normal",6,2.19628483057022
"2010-08-06 09:00:00",0.304792702198029,"normal",6,1.82875621318817
"2010-08-06 10:00:00",0.38145712018013,"normal",6,2.28874272108078
"2010-08-06 11:00:00",0.365310698747635,"normal",6,2.19186419248581
"2010-08-06 12:00:00",0.371360659599304,"normal",6,2.22816395759583
"2010-08-06 13:00:00",0.326283544301987,"normal",6,1.95770126581192
"2010-08-06 14:00:00",0.436856329441071,"normal",6,2.62113797664642
"2010-08-06 15:00:00",0.770736336708069,"normal",6,4.62441802024841
"2010-08-06 16:00:00",0.408631205558777,"normal",6,2.45178723335266
"2010-08-06 17:00:00",0.320160001516342,"peak",10,3.20160001516342
"2010-08-06 18:00:00",0.323059320449829,"peak",10,3.23059320449829
"2010-08-06 19:00:00",0.344029426574707,"peak",10,3.44029426574707
"2010-08-06 20:00:00",0.32653072476387,"peak",10,3.2653072476387
"2010-08-06 21:00:00",0.318719923496246,"peak",10,3.18719923496246
"2010-08-06 22:00:00",0.361372381448746,"off_peak",3,1.08411714434624
"2010-08-06 23:00:00",0.429417759180069,"off_peak",3,1.28825327754021
"2010-08-07 00:00:00",0.285719811916351,"off_peak",3,0.857159435749054
"2010-08-07 01:00:00",0.378555476665497,"off_peak",3,1.13566642999649
"2010-08-07 02:00:00",0.383667081594467,"off_peak",3,1.1510012447834
"2010-08-07 03:00:00",0.398852407932281,"off_peak",3,1.19655722379684
"2010-08-07 04:00:00",0.266641020774841,"off_peak",3,0.799923062324524
"2010-08-07 05:00:00",0.327606707811356,"off_peak",3,0.982820123434067
"2010-08-07 06:00:00",0.307188630104065,"normal",6,1.84313178062439
"2010-08-07 07:00:00",0.319550454616547,"normal",6,1.91730272769928
"2010-08-07 08:00:00",0.360107004642487,"normal",6,2.16064202785492
"2010-08-07 09:00:00",0.37732145190239,"normal",6,2.26392871141434
"2010-08-07 10:00:00",0.405319929122925,"normal",6,2.43191957473755
"2010-08-07 11:00:00",0.329890549182892,"normal",6,1.97934329509735
"2010-08-07 12:00:00",0.384687691926956,"normal",6,2.30812615156174
"2010-08-07 13:00:00",0.278470039367676,"normal",6,1.67082023620605
"2010-08-07 14:00:00",0.672587752342224,"normal",6,4.03552651405334
"2010-08-07 15:00:00",0.581820785999298,"normal",6,3.49092471599579
"2010-08-07 16:00:00",0.708288908004761,"normal",6,4.24973344802856
"2010-08-07 17:00:00",0.320445537567139,"peak",10,3.20445537567139
"2010-08-07 18:00:00",0.311861723661423,"peak",10,3.11861723661423
"2010-08-07 19:00:00",0.357468366622925,"peak",10,3.57468366622925
"2010-08-07 20:00:00",0.414363622665405,"peak",10,4.14363622665405
"2010-08-07 21:00:00",0.313730984926224,"peak",10,3.13730984926224
"2010-08-07 22:00:00",0.31076517701149,"off_peak",3,0.93229553103447
"2010-08-07 23:00:00",0.433769643306732,"off_peak",3,1.3013089299202
"2010-08-08 00:00:00",0.309581905603409,"off_peak",3,0.928745716810226
"2010-08-08 01:00:00",0.406874358654022,"off_peak",3,1.22062307596207
"2010-08-08 02:00:00",0.455898493528366,"off_peak",3,1.3676954805851
"2010-08-08 03:00:00",0.227158948779106,"off_peak",3,0.681476846337318
"2010-08-08 04:00:00",0.257571309804916,"off_peak",3,0.772713929414749
"2010-08-08 05:00:00",0.300751686096191,"off_peak",3,0.902255058288574
"2010-08-08 06:00:00",0.269202321767807,"normal",6,1.61521393060684
"2010-08-08 07:00:00",0.362696468830109,"normal",6,2.17617881298065
"2010-08-08 08:00:00",0.292846739292145,"normal",6,1.75708043575287
"2010-08-08 09:00:00",0.363646447658539,"normal",6,2.18187868595123
"2010-08-08 10:00:00",0.382756441831589,"normal",6,2.29653865098953
"2010-08-08 11:00:00",0.422853201627731,"normal",6,2.53711920976639
"2010-08-08 12:00:00",0.378653287887573,"normal",6,2.27191972732544
"2010-08-08 13:00:00",0.311374068260193,"normal",6,1.86824440956116
"2010-08-08 14:00:00",0.910722076892853,"normal",6,5.46433246135712
"2010-08-08 15:00:00",0.465128809213638,"normal",6,2.79077285528183
"2010-08-08 16:00:00",0.328372925519943,"normal",6,1.97023755311966
"2010-08-08 17:00:00",0.320748835802078,"peak",10,3.20748835802078
"2010-08-08 18:00:00",0.338552504777908,"peak",10,3.38552504777908
"2010-08-08 19:00:00",0.345165610313416,"peak",10,3.45165610313416
"2010-08-08 20:00:00",0.426273375749588,"peak",10,4.26273375749588
"2010-08-08 21:00:00",0.304912716150284,"peak",10,3.04912716150284
"2010-08-08 22:00:00",0.484512835741043,"off_peak",3,1.45353850722313
"2010-08-08 23:00:00",0.338681399822235,"off_peak",3,1.01604419946671
"2010-08-09 00:00:00",0.307648569345474,"off_peak",3,0.922945708036423
"2010-08-09 01:00:00",0.433296710252762,"off_peak",3,1.29989013075829
"2010-08-09 02:00:00",0.485711485147476,"off_peak",3,1.45713445544243
"2010-08-09 03:00:00",0.302690923213959,"off_peak",3,0.908072769641876
"2010-08-09 04:00:00",0.287833154201508,"off_peak",3,0.863499462604523
"2010-08-09 05:00:00",0.330005139112473,"off_peak",3,0.990015417337418
"2010-08-09 06:00:00",0.37114280462265,"normal",6,2.2268568277359
"2010-08-09 07:00:00",0.381911545991898,"normal",6,2.29146927595139
"2010-08-09 08:00:00",0.34687814116478,"normal",6,2.08126884698868
"2010-08-09 09:00:00",0.34798127412796,"normal",6,2.08788764476776
"2010-08-09 10:00:00",0.363804310560226,"normal",6,2.18282586336136
"2010-08-09 11:00:00",0.378226786851883,"normal",6,2.2693607211113
"2010-08-09 12:00:00",0.342043608427048,"normal",6,2.05226165056229
"2010-08-09 13:00:00",0.618132352828979,"normal",6,3.70879411697388
"2010-08-09 14:00:00",0.616798222064972,"normal",6,3.70078933238983
"2010-08-09 15:00:00",0.413362264633179,"normal",6,2.48017358779907
"2010-08-09 16:00:00",0.300036668777466,"normal",6,1.80022001266479
"2010-08-09 17:00:00",0.362299889326096,"peak",10,3.62299889326096
"2010-08-09 18:00:00",0.340518981218338,"peak",10,3.40518981218338
"2010-08-09 19:00:00",0.346040964126587,"peak",10,3.46040964126587
"2010-08-09 20:00:00",0.271283835172653,"peak",10,2.71283835172653
"2010-08-09 21:00:00",0.386288374662399,"peak",10,3.86288374662399
"2010-08-09 22:00:00",0.339043796062469,"off_peak",3,1.01713138818741
"2010-08-09 23:00:00",0.409549236297607,"off_peak",3,1.22864770889282
"2010-08-10 00:00:00",0.372772574424744,"off_peak",3,1.11831772327423
"2010-08-10 01:00:00",0.547856628894806,"off_peak",3,1.64356988668442
"2010-08-10 02:00:00",0.417544394731522,"off_peak",3,1.25263318419456
"2010-08-10 03:00:00",0.275164514780045,"off_peak",3,0.825493544340134
"2010-08-10 04:00:00",0.280204266309738,"off_peak",3,0.840612798929214
"2010-08-10 05:00:00",0.31443777680397,"off_peak",3,0.943313330411911
"2010-08-10 06:00:00",0.394891709089279,"normal",6,2.36935025453568
"2010-08-10 07:00:00",0.346660822629929,"normal",6,2.07996493577957
"2010-08-10 08:00:00",0.522283256053925,"normal",6,3.13369953632355
"2010-08-10 09:00:00",0.351209044456482,"normal",6,2.10725426673889
"2010-08-10 10:00:00",0.451431274414062,"normal",6,2.70858764648438
"2010-08-10 11:00:00",0.340959668159485,"normal",6,2.04575800895691
"2010-08-10 12:00:00",0.420005023479462,"normal",6,2.52003014087677
"2010-08-10 13:00:00",0.822094082832336,"normal",6,4.93256449699402
"2010-08-10 14:00:00",0.452589452266693,"normal",6,2.71553671360016
"2010-08-10 15:00:00",0.275607913732529,"normal",6,1.65364748239517
"2010-08-10 16:00:00",0.272154837846756,"normal",6,1.63292902708054
"2010-08-10 17:00:00",0.430981487035751,"peak",10,4.30981487035751
"2010-08-10 18:00:00",0.345760136842728,"peak",10,3.45760136842728
"2010-08-10 19:00:00",0.404559314250946,"peak",10,4.04559314250946
"2010-08-10 20:00:00",0.306107044219971,"peak",10,3.06107044219971
"2010-08-10 21:00:00",0.397730499505997,"peak",10,3.97730499505997
"2010-08-10 22:00:00",0.300164759159088,"off_peak",3,0.900494277477264
"2010-08-10 23:00:00",0.433014035224915,"off_peak",3,1.29904210567474
"2010-08-11 00:00:00",0.449096083641052,"off_peak",3,1.34728825092316
"2010-08-11 01:00:00",0.907479584217072,"off_peak",3,2.72243875265121
"2010-08-11 02:00:00",0.285310447216034,"off_peak",3,0.855931341648102
"2010-08-11 03:00:00",0.288019508123398,"off_peak",3,0.864058524370193
"2010-08-11 04:00:00",0.279161393642426,"off_peak",3,0.837484180927277
"2010-08-11 05:00:00",0.349755704402924,"off_peak",3,1.04926711320877
"2010-08-11 06:00:00",0.330142915248871,"normal",6,1.98085749149323
"2010-08-11 07:00:00",0.351124584674835,"normal",6,2.10674750804901
"2010-08-11 08:00:00",0.571136653423309,"normal",6,3.42681992053986
"2010-08-11 09:00:00",0.363766700029373,"normal",6,2.18260020017624
"2010-08-11 10:00:00",0.456979721784592,"normal",6,2.74187833070755
"2010-08-11 11:00:00",0.354757964611053,"normal",6,2.12854778766632
"2010-08-11 12:00:00",0.574008941650391,"normal",6,3.44405364990234
"2010-08-11 13:00:00",0.948212742805481,"normal",6,5.68927645683289
"2010-08-11 14:00:00",0.467334777116776,"normal",6,2.80400866270065
"2010-08-11 15:00:00",0.280449986457825,"normal",6,1.68269991874695
"2010-08-11 16:00:00",0.333048611879349,"normal",6,1.99829167127609
"2010-08-11 17:00:00",0.308948397636414,"peak",10,3.08948397636414
"2010-08-11 18:00:00",0.420308738946915,"peak",10,4.20308738946915
"2010-08-11 19:00:00",0.350183248519897,"peak",10,3.50183248519897
"2010-08-11 20:00:00",0.388346701860428,"peak",10,3.88346701860428
"2010-08-11 21:00:00",0.350523918867111,"peak",10,3.50523918867111
"2010-08-11 22:00:00",0.349062561988831,"off_peak",3,1.04718768596649
"2010-08-11 23:00:00",0.407912909984589,"off_peak",3,1.22373872995377
"2010-08-12 00:00:00",0.458459287881851,"off_peak",3,1.37537786364555
"2010-08-12 01:00:00",0.701613366603851,"off_peak",3,2.10484009981155
"2010-08-12 02:00:00",0.155270531773567,"off_peak",3,0.465811595320702
"2010-08-12 03:00:00",0.263988614082336,"off_peak",3,0.791965842247009
"2010-08-12 04:00:00",0.282252103090286,"off_peak",3,0.846756309270859
"2010-08-12 05:00:00",0.314998775720596,"off_peak",3,0.944996327161789
"2010-08-12 06:00:00",0.363074719905853,"normal",6,2.17844831943512
"2010-08-12 07:00:00",0.425260424613953,"normal",6,2.55156254768372
"2010-08-12 08:00:00",0.358068764209747,"normal",6,2.14841258525848
"2010-08-12 09:00:00",0.36953592300415,"normal",6,2.2172155380249
"2010-08-12 10:00:00",0.381393909454346,"normal",6,2.28836345672607
"2010-08-12 11:00:00",0.359587609767914,"normal",6,2.15752565860748
"2010-08-12 12:00:00",0.593292355537415,"normal",6,3.55975413322449
"2010-08-12 13:00:00",0.755017280578613,"normal",6,4.53010368347168
"2010-08-12 14:00:00",0.510625302791595,"normal",6,3.06375181674957
"2010-08-12 15:00:00",0.304833263158798,"normal",6,1.82899957895279
"2010-08-12 16:00:00",0.331319212913513,"normal",6,1.98791527748108
"2010-08-12 17:00:00",0.327980816364288,"peak",10,3.27980816364288
"2010-08-12 18:00:00",0.342138439416885,"peak",10,3.42138439416885
"2010-08-12 19:00:00",0.303133815526962,"peak",10,3.03133815526962
"2010-08-12 20:00:00",0.358144462108612,"peak",10,3.58144462108612
"2010-08-12 21:00:00",0.35154527425766,"peak",10,3.5154527425766
"2010-08-12 22:00:00",0.431052058935165,"off_peak",3,1.2931561768055
"2010-08-12 23:00:00",0.353539645671844,"off_peak",3,1.06061893701553
"2010-08-13 00:00:00",0.450870603322983,"off_peak",3,1.35261180996895
"2010-08-13 01:00:00",0.260482966899872,"off_peak",3,0.781448900699615
"2010-08-13 02:00:00",0.420855283737183,"off_peak",3,1.26256585121155
"2010-08-13 03:00:00",0.268380731344223,"off_peak",3,0.805142194032669
"2010-08-13 04:00:00",0.298937648534775,"off_peak",3,0.896812945604324
"2010-08-13 05:00:00",0.341195493936539,"off_peak",3,1.02358648180962
"2010-08-13 06:00:00",0.342716753482819,"normal",6,2.05630052089691
"2010-08-13 07:00:00",0.49583688378334,"normal",6,2.97502130270004
"2010-08-13 08:00:00",0.409274071455002,"normal",6,2.45564442873001
"2010-08-13 09:00:00",0.364171892404556,"normal",6,2.18503135442734
"2010-08-13 10:00:00",0.386822730302811,"normal",6,2.32093638181686
"2010-08-13 11:00:00",0.341989547014236,"normal",6,2.05193728208542
"2010-08-13 12:00:00",0.57539576292038,"normal",6,3.45237457752228
"2010-08-13 13:00:00",0.576463162899017,"normal",6,3.4587789773941
"2010-08-13 14:00:00",0.357809066772461,"normal",6,2.14685440063477
"2010-08-13 15:00:00",0.277678310871124,"normal",6,1.66606986522675
"2010-08-13 16:00:00",0.375517159700394,"normal",6,2.25310295820236
"2010-08-13 17:00:00",0.329847663640976,"peak",10,3.29847663640976
"2010-08-13 18:00:00",0.317265838384628,"peak",10,3.17265838384628
"2010-08-13 19:00:00",0.385419309139252,"peak",10,3.85419309139252
"2010-08-13 20:00:00",0.314767807722092,"peak",10,3.14767807722092
"2010-08-13 21:00:00",0.362842410802841,"peak",10,3.62842410802841
"2010-08-13 22:00:00",0.325110703706741,"off_peak",3,0.975332111120224
"2010-08-13 23:00:00",0.362003028392792,"off_peak",3,1.08600908517838
"2010-08-14 00:00:00",1.035684466362,"off_peak",3,3.107053399086
"2010-08-14 01:00:00",0.254231184720993,"off_peak",3,0.762693554162979
"2010-08-14 02:00:00",0.265455275774002,"off_peak",3,0.796365827322006
"2010-08-14 03:00:00",0.291094422340393,"off_peak",3,0.873283267021179
"2010-08-14 04:00:00",0.28279972076416,"off_peak",3,0.84839916229248
"2010-08-14 05:00:00",0.305242091417313,"off_peak",3,0.915726274251938
"2010-08-14 06:00:00",0.260424554347992,"normal",6,1.56254732608795
"2010-08-14 07:00:00",0.442435443401337,"normal",6,2.65461266040802
"2010-08-14 08:00:00",0.383137464523315,"normal",6,2.29882478713989
"2010-08-14 09:00:00",0.34380704164505,"normal",6,2.0628422498703
"2010-08-14 10:00:00",0.312553346157074,"normal",6,1.87532007694244
"2010-08-14 11:00:00",0.547819674015045,"normal",6,3.28691804409027
"2010-08-14 12:00:00",0.849397242069244,"normal",6,5.09638345241547
"2010-08-14 13:00:00",0.654410302639008,"normal",6,3.92646181583405
"2010-08-14 14:00:00",0.3141168653965,"normal",6,1.884701192379
"2010-08-14 15:00:00",0.300169140100479,"normal",6,1.80101484060287
"2010-08-14 16:00:00",0.301601350307465,"normal",6,1.80960810184479
"2010-08-14 17:00:00",0.261252790689468,"peak",10,2.61252790689468
"2010-08-14 18:00:00",0.337544471025467,"peak",10,3.37544471025467
"2010-08-14 19:00:00",0.350739806890488,"peak",10,3.50739806890488
"2010-08-14 20:00:00",0.349269300699234,"peak",10,3.49269300699234
"2010-08-14 21:00:00",0.278040915727615,"peak",10,2.78040915727615
"2010-08-14 22:00:00",0.346355646848679,"off_peak",3,1.03906694054604
"2010-08-14 23:00:00",0.436454474925995,"off_peak",3,1.30936342477798
"2010-08-15 00:00:00",0.402943909168243,"off_peak",3,1.20883172750473
"2010-08-15 01:00:00",0.41350907087326,"off_peak",3,1.24052721261978
"2010-08-15 02:00:00",0.337419986724854,"off_peak",3,1.01225996017456
"2010-08-15 03:00:00",0.277900904417038,"off_peak",3,0.833702713251114
"2010-08-15 04:00:00",0.250453621149063,"off_peak",3,0.751360863447189
"2010-08-15 05:00:00",0.279787093400955,"off_peak",3,0.839361280202866
"2010-08-15 06:00:00",0.383108139038086,"normal",6,2.29864883422852
"2010-08-15 07:00:00",0.357496857643127,"normal",6,2.14498114585876
"2010-08-15 08:00:00",0.357102900743484,"normal",6,2.14261740446091
"2010-08-15 09:00:00",0.368838965892792,"normal",6,2.21303379535675
"2010-08-15 10:00:00",0.37897777557373,"normal",6,2.27386665344238
"2010-08-15 11:00:00",0.725495040416718,"normal",6,4.35297024250031
"2010-08-15 12:00:00",0.638302147388458,"normal",6,3.82981288433075
"2010-08-15 13:00:00",0.295572757720947,"normal",6,1.77343654632568
"2010-08-15 14:00:00",0.334290742874146,"normal",6,2.00574445724487
"2010-08-15 15:00:00",0.679151058197021,"normal",6,4.07490634918213
"2010-08-15 16:00:00",0.541925549507141,"normal",6,3.25155329704285
"2010-08-15 17:00:00",1.66699981689453,"peak",10,16.6699981689453
"2010-08-15 18:00:00",2.04530358314514,"peak",10,20.4530358314514
"2010-08-15 19:00:00",1.98703765869141,"peak",10,19.8703765869141
"2010-08-15 20:00:00",0.93317037820816,"peak",10,9.3317037820816
"2010-08-15 21:00:00",1.40290451049805,"peak",10,14.0290451049805
"2010-08-15 22:00:00",1.02678787708282,"off_peak",3,3.08036363124847
"2010-08-15 23:00:00",0.902834475040436,"off_peak",3,2.70850342512131
"2010-08-16 00:00:00",0.482060343027115,"off_peak",3,1.44618102908134
"2010-08-16 01:00:00",0.307360202074051,"off_peak",3,0.922080606222153
"2010-08-16 02:00:00",0.352502048015594,"off_peak",3,1.05750614404678
"2010-08-16 03:00:00",0.288587868213654,"off_peak",3,0.865763604640961
"2010-08-16 04:00:00",0.326812624931335,"off_peak",3,0.980437874794006
"2010-08-16 05:00:00",0.498806595802307,"off_peak",3,1.49641978740692
"2010-08-16 06:00:00",0.602049112319946,"normal",6,3.61229467391968
"2010-08-16 07:00:00",0.548340380191803,"normal",6,3.29004228115082
"2010-08-16 08:00:00",0.836191833019257,"normal",6,5.01715099811554
"2010-08-16 09:00:00",1.19895589351654,"normal",6,7.19373536109924
"2010-08-16 10:00:00",0.998797655105591,"normal",6,5.99278593063354
"2010-08-16 11:00:00",1.10266697406769,"normal",6,6.61600184440613
"2010-08-16 12:00:00",0.298397421836853,"normal",6,1.79038453102112
"2010-08-16 13:00:00",0.657494246959686,"normal",6,3.94496548175812
"2010-08-16 14:00:00",0.670019507408142,"normal",6,4.02011704444885
"2010-08-16 15:00:00",0.739222049713135,"normal",6,4.43533229827881
"2010-08-16 16:00:00",0.301583170890808,"normal",6,1.80949902534485
"2010-08-16 17:00:00",0.90868729352951,"peak",10,9.0868729352951
"2010-08-16 18:00:00",1.04708242416382,"peak",10,10.4708242416382
"2010-08-16 19:00:00",0.937252104282379,"peak",10,9.37252104282379
"2010-08-16 20:00:00",1.09711074829102,"peak",10,10.9711074829102
"2010-08-16 21:00:00",1.27006876468658,"peak",10,12.7006876468658
"2010-08-16 22:00:00",1.2333128452301,"off_peak",3,3.69993853569031
"2010-08-16 23:00:00",0.782147347927094,"off_peak",3,2.34644204378128
"2010-08-17 00:00:00",0.652212738990784,"off_peak",3,1.95663821697235
"2010-08-17 01:00:00",0.482008904218674,"off_peak",3,1.44602671265602
"2010-08-17 02:00:00",0.702321112155914,"off_peak",3,2.10696333646774
"2010-08-17 03:00:00",0.472915381193161,"off_peak",3,1.41874614357948
"2010-08-17 04:00:00",0.494417101144791,"off_peak",3,1.48325130343437
"2010-08-17 05:00:00",0.584574818611145,"off_peak",3,1.75372445583344
"2010-08-17 06:00:00",0.734824359416962,"normal",6,4.40894615650177
"2010-08-17 07:00:00",1.09154903888702,"normal",6,6.54929423332214
"2010-08-17 08:00:00",1.15981590747833,"normal",6,6.95889544487
"2010-08-17 09:00:00",0.994770407676697,"normal",6,5.96862244606018
"2010-08-17 10:00:00",1.37576627731323,"normal",6,8.25459766387939
"2010-08-17 11:00:00",1.04682087898254,"normal",6,6.28092527389526
"2010-08-17 12:00:00",0.595803260803223,"normal",6,3.57481956481934
"2010-08-17 13:00:00",0.405661165714264,"normal",6,2.43396699428558
"2010-08-17 14:00:00",0.454318672418594,"normal",6,2.72591203451157
"2010-08-17 15:00:00",0.373639553785324,"normal",6,2.24183732271194
"2010-08-17 16:00:00",0.460656851530075,"normal",6,2.76394110918045
"2010-08-17 17:00:00",0.745225429534912,"peak",10,7.45225429534912
"2010-08-17 18:00:00",0.554560661315918,"peak",10,5.54560661315918
"2010-08-17 19:00:00",0.508469820022583,"peak",10,5.08469820022583
"2010-08-17 20:00:00",0.683708786964417,"peak",10,6.83708786964417
"2010-08-17 21:00:00",1.12010300159454,"peak",10,11.2010300159454
"2010-08-29 21:00:00",1.89783179759979,"peak",10,18.9783179759979
"2010-08-29 22:00:00",1.65183877944946,"off_peak",3,4.95551633834839
"2010-08-29 23:00:00",1.17589294910431,"off_peak",3,3.52767884731293
"2010-08-30 00:00:00",0.51718682050705,"off_peak",3,1.55156046152115
"2010-08-30 01:00:00",0.428963750600815,"off_peak",3,1.28689125180244
"2010-08-30 02:00:00",0.508382141590118,"off_peak",3,1.52514642477036
"2010-08-30 03:00:00",0.361918479204178,"off_peak",3,1.08575543761253
"2010-08-30 04:00:00",0.324122965335846,"off_peak",3,0.972368896007538
"2010-08-30 05:00:00",0.365770548582077,"off_peak",3,1.09731164574623
"2010-08-30 06:00:00",0.689809739589691,"normal",6,4.13885843753815
"2010-08-30 07:00:00",0.847677409648895,"normal",6,5.08606445789337
"2010-08-30 08:00:00",1.01636290550232,"normal",6,6.09817743301392
"2010-08-30 09:00:00",1.29776000976562,"normal",6,7.78656005859375
"2010-08-30 10:00:00",0.858491837978363,"normal",6,5.15095102787018
"2010-08-30 11:00:00",0.664019227027893,"normal",6,3.98411536216736
"2010-08-30 12:00:00",1.48734450340271,"normal",6,8.92406702041626
"2010-08-30 13:00:00",1.620232462883,"normal",6,9.72139477729797
"2010-08-30 14:00:00",1.76455068588257,"normal",6,10.5873041152954
"2010-08-30 15:00:00",1.85821354389191,"normal",6,11.1492812633514
"2010-08-30 16:00:00",1.49634528160095,"normal",6,8.97807168960571
"2010-08-30 17:00:00",1.5525496006012,"peak",10,15.525496006012
"2010-08-30 18:00:00",0.512888848781586,"peak",10,5.12888848781586
"2010-08-30 19:00:00",0.623108267784119,"peak",10,6.23108267784119
"2010-08-30 20:00:00",1.49277341365814,"peak",10,14.9277341365814
"2010-08-30 21:00:00",1.24936485290527,"peak",10,12.4936485290527
"2010-08-30 22:00:00",1.46294748783112,"off_peak",3,4.38884246349335
"2010-08-30 23:00:00",0.583900213241577,"off_peak",3,1.75170063972473
"2010-08-31 00:00:00",0.459659785032272,"off_peak",3,1.37897935509682
"2010-08-31 01:00:00",0.410590440034866,"off_peak",3,1.2317713201046
"2010-08-31 02:00:00",0.367992073297501,"off_peak",3,1.1039762198925
"2010-08-31 03:00:00",0.324322611093521,"off_peak",3,0.972967833280563
"2010-08-31 04:00:00",0.305463463068008,"off_peak",3,0.916390389204025
"2010-08-31 05:00:00",0.562567412853241,"off_peak",3,1.68770223855972
"2010-08-31 06:00:00",0.699346363544464,"normal",6,4.19607818126678
"2010-08-31 07:00:00",0.736091196537018,"normal",6,4.41654717922211
"2010-08-31 08:00:00",1.00929963588715,"normal",6,6.05579781532288
"2010-08-31 09:00:00",1.40067601203918,"normal",6,8.40405607223511
"2010-08-31 10:00:00",1.25768005847931,"normal",6,7.54608035087585
"2010-08-31 11:00:00",0.960229694843292,"normal",6,5.76137816905975
"2010-08-31 12:00:00",1.41210806369781,"normal",6,8.47264838218689
"2010-08-31 13:00:00",1.11278605461121,"normal",6,6.67671632766724
"2010-08-31 14:00:00",0.752071380615234,"normal",6,4.51242828369141
"2010-08-31 15:00:00",0.737442374229431,"normal",6,4.42465424537659
"2010-08-31 16:00:00",0.799585163593292,"normal",6,4.79751098155975
"2010-08-31 17:00:00",0.685093283653259,"peak",10,6.85093283653259
"2010-08-31 18:00:00",1.35943400859833,"peak",10,13.5943400859833
"2010-08-31 19:00:00",1.76950705051422,"peak",10,17.6950705051422
"2010-08-31 20:00:00",1.50387799739838,"peak",10,15.0387799739838
"2010-08-31 21:00:00",1.897500872612,"peak",10,18.97500872612
"2010-08-31 22:00:00",1.02575886249542,"off_peak",3,3.07727658748627
"2010-08-31 23:00:00",0.512078523635864,"off_peak",3,1.53623557090759
"2010-09-01 00:00:00",0.497127324342728,"off_peak",3,1.49138197302818
"2010-09-01 01:00:00",0.371733129024506,"off_peak",3,1.11519938707352
"2010-09-01 02:00:00",0.324920296669006,"off_peak",3,0.974760890007019
"2010-09-01 03:00:00",0.364917278289795,"off_peak",3,1.09475183486938
"2010-09-01 04:00:00",0.384188771247864,"off_peak",3,1.15256631374359
"2010-09-01 05:00:00",0.426456421613693,"off_peak",3,1.27936926484108
"2010-09-01 06:00:00",0.784269094467163,"normal",6,4.70561456680298
"2010-09-01 07:00:00",1.02689373493195,"normal",6,6.16136240959167
"2010-09-01 08:00:00",1.40647053718567,"normal",6,8.43882322311401
"2010-09-01 09:00:00",1.34405553340912,"normal",6,8.06433320045471
"2010-09-01 10:00:00",0.81751275062561,"normal",6,4.90507650375366
"2010-09-01 11:00:00",1.60339713096619,"normal",6,9.62038278579712
"2010-09-01 12:00:00",1.74246895313263,"normal",6,10.4548137187958
"2010-09-01 13:00:00",1.30161738395691,"normal",6,7.80970430374146
"2010-09-01 14:00:00",1.56345748901367,"normal",6,9.38074493408203
"2010-09-01 15:00:00",1.36619567871094,"normal",6,8.19717407226562
"2010-09-01 16:00:00",1.22130417823792,"normal",6,7.32782506942749
"2010-09-01 17:00:00",1.24442315101624,"peak",10,12.4442315101624
"2010-09-01 18:00:00",1.35948741436005,"peak",10,13.5948741436005
"2010-09-01 19:00:00",1.09937715530396,"peak",10,10.9937715530396
"2010-09-01 20:00:00",0.969479560852051,"peak",10,9.69479560852051
"2010-09-01 21:00:00",1.84385228157043,"peak",10,18.4385228157043
"2010-09-01 22:00:00",1.40866267681122,"off_peak",3,4.22598803043365
"2010-09-01 23:00:00",0.556649506092072,"off_peak",3,1.66994851827621
"2010-09-02 00:00:00",0.390279859304428,"off_peak",3,1.17083957791328
"2010-09-02 01:00:00",0.382895141839981,"off_peak",3,1.14868542551994
"2010-09-02 02:00:00",0.360836446285248,"off_peak",3,1.08250933885574
"2010-09-02 03:00:00",0.388191312551498,"off_peak",3,1.1645739376545
"2010-09-02 04:00:00",0.376839846372604,"off_peak",3,1.13051953911781
"2010-09-02 05:00:00",0.562690556049347,"off_peak",3,1.68807166814804
"2010-09-02 06:00:00",0.864484846591949,"normal",6,5.1869090795517
"2010-09-02 07:00:00",1.45610666275024,"normal",6,8.73663997650146
"2010-09-02 08:00:00",1.24413633346558,"normal",6,7.46481800079346
"2010-09-02 09:00:00",1.36026573181152,"normal",6,8.16159439086914
"2010-09-02 10:00:00",1.44275414943695,"normal",6,8.6565248966217
"2010-09-02 11:00:00",1.48168396949768,"normal",6,8.89010381698608
"2010-09-02 12:00:00",1.43171536922455,"normal",6,8.59029221534729
"2010-09-02 13:00:00",1.26398515701294,"normal",6,7.58391094207764
"2010-09-02 14:00:00",1.06085216999054,"normal",6,6.36511301994324
"2010-09-02 15:00:00",1.16140711307526,"normal",6,6.96844267845154
"2010-09-02 16:00:00",0.649561703205109,"normal",6,3.89737021923065
"2010-09-02 17:00:00",0.455338984727859,"peak",10,4.55338984727859
"2010-09-02 18:00:00",0.869090676307678,"peak",10,8.69090676307678
"2010-09-02 19:00:00",1.06072402000427,"peak",10,10.6072402000427
"2010-09-02 20:00:00",1.35891163349152,"peak",10,13.5891163349152
"2010-09-02 21:00:00",2.10767030715942,"peak",10,21.0767030715942
"2010-09-02 22:00:00",1.13314235210419,"off_peak",3,3.39942705631256
"2010-09-02 23:00:00",0.608945190906525,"off_peak",3,1.82683557271957
"2010-09-03 00:00:00",0.483049005270004,"off_peak",3,1.44914701581001
"2010-09-03 01:00:00",0.414573192596436,"off_peak",3,1.24371957778931
"2010-09-03 02:00:00",0.363206475973129,"off_peak",3,1.08961942791939
"2010-09-03 03:00:00",0.362660974264145,"off_peak",3,1.08798292279243
"2010-09-03 04:00:00",0.700633764266968,"off_peak",3,2.1019012928009
"2010-09-03 05:00:00",0.482346087694168,"off_peak",3,1.4470382630825
"2010-09-03 06:00:00",0.896164298057556,"normal",6,5.37698578834534
"2010-09-03 07:00:00",1.16472387313843,"normal",6,6.98834323883057
"2010-09-03 08:00:00",1.51634037494659,"normal",6,9.09804224967957
"2010-09-03 09:00:00",1.4022331237793,"normal",6,8.41339874267578
"2010-09-03 10:00:00",1.36828398704529,"normal",6,8.20970392227173
"2010-09-03 11:00:00",1.28413343429565,"normal",6,7.70480060577393
"2010-09-03 12:00:00",1.32754898071289,"normal",6,7.96529388427734
"2010-09-03 13:00:00",1.47780573368073,"normal",6,8.86683440208435
"2010-09-03 14:00:00",0.709332644939423,"normal",6,4.25599586963654
"2010-09-03 15:00:00",0.461083233356476,"normal",6,2.76649940013885
"2010-09-03 16:00:00",0.483035832643509,"normal",6,2.89821499586105
"2010-09-03 17:00:00",0.661548316478729,"peak",10,6.61548316478729
"2010-09-03 18:00:00",0.716160774230957,"peak",10,7.16160774230957
"2010-09-03 19:00:00",0.965727031230927,"peak",10,9.65727031230927
"2010-09-03 20:00:00",1.79142141342163,"peak",10,17.9142141342163
"2010-09-03 21:00:00",2.2408607006073,"peak",10,22.408607006073
"2010-09-03 22:00:00",1.11241769790649,"off_peak",3,3.33725309371948
"2010-09-03 23:00:00",0.901627421379089,"off_peak",3,2.70488226413727
"2010-09-04 00:00:00",0.525991261005402,"off_peak",3,1.5779737830162
"2010-09-04 01:00:00",0.466331213712692,"off_peak",3,1.39899364113808
"2010-09-04 02:00:00",0.402625799179077,"off_peak",3,1.20787739753723
"2010-09-04 03:00:00",0.341717839241028,"off_peak",3,1.02515351772308
"2010-09-04 04:00:00",0.376393795013428,"off_peak",3,1.12918138504028
"2010-09-04 05:00:00",0.654892265796661,"off_peak",3,1.96467679738998
"2010-09-04 06:00:00",0.486236393451691,"normal",6,2.91741836071014
"2010-09-04 07:00:00",0.944058239459991,"normal",6,5.66434943675995
"2010-09-04 08:00:00",1.66350090503693,"normal",6,9.98100543022156
"2010-09-04 09:00:00",1.40535128116608,"normal",6,8.43210768699646
"2010-09-04 10:00:00",0.992126405239105,"normal",6,5.95275843143463
"2010-09-04 11:00:00",1.17725670337677,"normal",6,7.06354022026062
"2010-09-04 12:00:00",1.87955021858215,"normal",6,11.2773013114929
"2010-09-04 13:00:00",1.28176259994507,"normal",6,7.69057559967041
"2010-09-04 14:00:00",1.21269357204437,"normal",6,7.27616143226624
"2010-09-04 15:00:00",1.91465294361115,"normal",6,11.4879176616669
"2010-09-04 16:00:00",1.54675924777985,"normal",6,9.28055548667908
"2010-09-04 17:00:00",1.29547023773193,"peak",10,12.9547023773193
"2010-09-04 18:00:00",0.905428647994995,"peak",10,9.05428647994995
"2010-09-04 19:00:00",1.57085275650024,"peak",10,15.7085275650024
"2010-09-04 20:00:00",1.80884325504303,"peak",10,18.0884325504303
"2010-09-04 21:00:00",2.02629899978638,"peak",10,20.2629899978638
"2010-09-04 22:00:00",2.03483843803406,"off_peak",3,6.10451531410217
"2010-09-04 23:00:00",1.67567145824432,"off_peak",3,5.02701437473297
"2010-09-05 00:00:00",0.553975760936737,"off_peak",3,1.66192728281021
"2010-09-05 01:00:00",0.49636697769165,"off_peak",3,1.48910093307495
"2010-09-05 02:00:00",0.490131288766861,"off_peak",3,1.47039386630058
"2010-09-05 03:00:00",0.492867588996887,"off_peak",3,1.47860276699066
"2010-09-05 04:00:00",0.35731366276741,"off_peak",3,1.07194098830223
"2010-09-05 05:00:00",0.462104171514511,"off_peak",3,1.38631251454353
"2010-09-05 06:00:00",0.526159703731537,"normal",6,3.15695822238922
"2010-09-05 07:00:00",0.708115756511688,"normal",6,4.24869453907013
"2010-09-05 08:00:00",0.688972175121307,"normal",6,4.13383305072784
"2010-09-05 09:00:00",1.28610682487488,"normal",6,7.71664094924927
"2010-09-05 10:00:00",1.10432934761047,"normal",6,6.62597608566284
"2010-09-05 11:00:00",1.41219103336334,"normal",6,8.47314620018005
"2010-09-05 12:00:00",1.78777003288269,"normal",6,10.7266201972961
"2010-09-05 13:00:00",1.32866382598877,"normal",6,7.97198295593262
"2010-09-05 14:00:00",1.06514060497284,"normal",6,6.39084362983704
"2010-09-05 15:00:00",1.234210729599,"normal",6,7.40526437759399
"2010-09-05 16:00:00",1.67745459079742,"normal",6,10.0647275447845
"2010-09-05 17:00:00",0.948326230049133,"peak",10,9.48326230049133
"2010-09-05 18:00:00",1.01184904575348,"peak",10,10.1184904575348
"2010-09-05 19:00:00",1.29478132724762,"peak",10,12.9478132724762
"2010-09-05 20:00:00",2.24480032920837,"peak",10,22.4480032920837
"2010-09-05 21:00:00",1.84819984436035,"peak",10,18.4819984436035
"2010-09-05 22:00:00",1.46465182304382,"off_peak",3,4.39395546913147
"2010-09-05 23:00:00",0.816968262195587,"off_peak",3,2.45090478658676
"2010-09-06 00:00:00",0.399614959955215,"off_peak",3,1.19884487986565
"2010-09-06 01:00:00",0.374686151742935,"off_peak",3,1.12405845522881
"2010-09-06 02:00:00",0.379509061574936,"off_peak",3,1.13852718472481
"2010-09-06 03:00:00",0.388102799654007,"off_peak",3,1.16430839896202
"2010-09-06 04:00:00",0.392127901315689,"off_peak",3,1.17638370394707
"2010-09-06 05:00:00",0.578785717487335,"off_peak",3,1.73635715246201
"2010-09-06 06:00:00",0.706975519657135,"normal",6,4.24185311794281
"2010-09-06 07:00:00",1.77362084388733,"normal",6,10.641725063324
"2010-09-06 08:00:00",1.57203805446625,"normal",6,9.43222832679749
"2010-09-06 09:00:00",1.32934677600861,"normal",6,7.97608065605164
"2010-09-06 10:00:00",1.24543905258179,"normal",6,7.47263431549072
"2010-09-06 11:00:00",0.612067341804504,"normal",6,3.67240405082703
"2010-09-06 12:00:00",0.47878959774971,"normal",6,2.87273758649826
"2010-09-06 13:00:00",1.19606161117554,"normal",6,7.17636966705322
"2010-09-06 14:00:00",1.29508888721466,"normal",6,7.77053332328796
"2010-09-06 15:00:00",0.439042717218399,"normal",6,2.63425630331039
"2010-09-06 16:00:00",1.01813936233521,"normal",6,6.10883617401123
"2010-09-06 17:00:00",1.24383282661438,"peak",10,12.4383282661438
"2010-09-06 18:00:00",1.99145948886871,"peak",10,19.9145948886871
"2010-09-06 19:00:00",1.16150641441345,"peak",10,11.6150641441345
"2010-09-06 20:00:00",1.54454290866852,"peak",10,15.4454290866852
"2010-09-06 21:00:00",1.91024148464203,"peak",10,19.1024148464203
"2010-09-06 22:00:00",1.40411710739136,"off_peak",3,4.21235132217407
"2010-09-06 23:00:00",0.611290693283081,"off_peak",3,1.83387207984924
"2010-09-07 00:00:00",0.367784947156906,"off_peak",3,1.10335484147072
"2010-09-07 01:00:00",0.495157688856125,"off_peak",3,1.48547306656837
"2010-09-07 02:00:00",0.567571818828583,"off_peak",3,1.70271545648575
"2010-09-07 03:00:00",0.324697464704514,"off_peak",3,0.974092394113541
"2010-09-07 04:00:00",0.421711832284927,"off_peak",3,1.26513549685478
"2010-09-07 05:00:00",0.3862124979496,"off_peak",3,1.1586374938488
"2010-09-07 06:00:00",0.753173053264618,"normal",6,4.51903831958771
"2010-09-07 07:00:00",1.39400219917297,"normal",6,8.36401319503784
"2010-09-07 08:00:00",1.60681700706482,"normal",6,9.64090204238892
"2010-09-07 09:00:00",1.22717344760895,"normal",6,7.36304068565369
"2010-09-07 10:00:00",1.24237751960754,"normal",6,7.45426511764526
"2010-09-07 11:00:00",0.808958232402802,"normal",6,4.85374939441681
"2010-09-07 12:00:00",1.17488396167755,"normal",6,7.04930377006531
"2010-09-07 13:00:00",0.741354405879974,"normal",6,4.44812643527985
"2010-09-07 14:00:00",0.62858784198761,"normal",6,3.77152705192566
"2010-09-07 15:00:00",0.44367977976799,"normal",6,2.66207867860794
"2010-09-07 16:00:00",0.450176298618317,"normal",6,2.7010577917099
"2010-09-07 17:00:00",1.1142795085907,"peak",10,11.142795085907
"2010-09-07 18:00:00",0.706515252590179,"peak",10,7.06515252590179
"2010-09-07 19:00:00",1.66334450244904,"peak",10,16.6334450244904
"2010-09-07 20:00:00",2.4030077457428,"peak",10,24.030077457428
"2010-09-07 21:00:00",2.06275987625122,"peak",10,20.6275987625122
"2010-09-07 22:00:00",1.49096655845642,"off_peak",3,4.47289967536926
"2010-09-07 23:00:00",1.38591063022614,"off_peak",3,4.15773189067841
"2010-09-08 00:00:00",0.553088247776031,"off_peak",3,1.65926474332809
"2010-09-08 01:00:00",0.381794005632401,"off_peak",3,1.1453820168972
"2010-09-08 02:00:00",0.354053348302841,"off_peak",3,1.06216004490852
"2010-09-08 03:00:00",0.518521904945374,"off_peak",3,1.55556571483612
"2010-09-08 04:00:00",0.363631218671799,"off_peak",3,1.0908936560154
"2010-09-08 05:00:00",0.411750882863998,"off_peak",3,1.235252648592
"2010-09-08 06:00:00",0.992340683937073,"normal",6,5.95404410362244
"2010-09-08 07:00:00",1.58654582500458,"normal",6,9.51927495002747
"2010-09-08 08:00:00",1.62416803836823,"normal",6,9.74500823020935
"2010-09-08 09:00:00",1.43302309513092,"normal",6,8.59813857078552
"2010-09-08 10:00:00",1.36551082134247,"normal",6,8.19306492805481
"2010-09-08 11:00:00",0.724701642990112,"normal",6,4.34820985794067
"2010-09-08 12:00:00",0.510306537151337,"normal",6,3.06183922290802
"2010-09-08 13:00:00",0.991719186306,"normal",6,5.950315117836
"2010-09-08 14:00:00",0.827627241611481,"normal",6,4.96576344966888
"2010-09-08 15:00:00",0.813724756240845,"normal",6,4.88234853744507
"2010-09-08 16:00:00",0.748352468013763,"normal",6,4.49011480808258
"2010-09-08 17:00:00",0.941598534584045,"peak",10,9.41598534584045
"2010-09-08 18:00:00",0.974880576133728,"peak",10,9.74880576133728
"2010-09-08 19:00:00",1.96944415569305,"peak",10,19.6944415569305
"2010-09-08 20:00:00",1.46486520767212,"peak",10,14.6486520767212
"2010-09-08 21:00:00",2.1575334072113,"peak",10,21.575334072113
"2010-09-08 22:00:00",1.49729359149933,"off_peak",3,4.49188077449799
"2010-09-08 23:00:00",0.808561503887177,"off_peak",3,2.42568451166153
"2010-09-09 00:00:00",0.495160609483719,"off_peak",3,1.48548182845116
"2010-09-09 01:00:00",0.478647083044052,"off_peak",3,1.43594124913216
"2010-09-09 02:00:00",0.461161226034164,"off_peak",3,1.38348367810249
"2010-09-09 03:00:00",0.369331419467926,"off_peak",3,1.10799425840378
"2010-09-09 04:00:00",0.346415430307388,"off_peak",3,1.03924629092216
"2010-09-09 05:00:00",0.345515817403793,"off_peak",3,1.03654745221138
"2010-09-09 06:00:00",0.892275333404541,"normal",6,5.35365200042725
"2010-09-09 07:00:00",1.31181633472443,"normal",6,7.87089800834656
"2010-09-09 08:00:00",1.60589301586151,"normal",6,9.63535809516907
"2010-09-09 09:00:00",1.32325291633606,"normal",6,7.93951749801636
"2010-09-09 10:00:00",0.827134251594543,"normal",6,4.96280550956726
"2010-09-09 11:00:00",0.613194346427917,"normal",6,3.6791660785675
"2010-09-09 12:00:00",0.976218461990356,"normal",6,5.85731077194214
"2010-09-09 13:00:00",0.914544105529785,"normal",6,5.48726463317871
"2010-09-09 14:00:00",0.853434860706329,"normal",6,5.12060916423798
"2010-09-09 15:00:00",0.540902972221375,"normal",6,3.24541783332825
"2010-09-09 16:00:00",0.820651054382324,"normal",6,4.92390632629395
"2010-09-09 17:00:00",0.551647901535034,"peak",10,5.51647901535034
"2010-09-09 18:00:00",0.959297895431519,"peak",10,9.59297895431519
"2010-09-09 19:00:00",1.20924496650696,"peak",10,12.0924496650696
"2010-09-09 20:00:00",2.02726101875305,"peak",10,20.2726101875305
"2010-09-09 21:00:00",2.34797334671021,"peak",10,23.4797334671021
"2010-09-09 22:00:00",1.11037373542786,"off_peak",3,3.33112120628357
"2010-09-09 23:00:00",0.548252940177917,"off_peak",3,1.64475882053375
"2010-09-10 00:00:00",0.450842171907425,"off_peak",3,1.35252651572227
"2010-09-10 01:00:00",0.367437541484833,"off_peak",3,1.1023126244545
"2010-09-10 02:00:00",0.382307976484299,"off_peak",3,1.1469239294529
"2010-09-10 03:00:00",0.485377103090286,"off_peak",3,1.45613130927086
"2010-09-10 04:00:00",0.399734854698181,"off_peak",3,1.19920456409454
"2010-09-10 05:00:00",0.510113596916199,"off_peak",3,1.5303407907486
"2010-09-10 06:00:00",0.936754822731018,"normal",6,5.62052893638611
"2010-09-10 07:00:00",1.65183043479919,"normal",6,9.91098260879517
"2010-09-10 08:00:00",1.54187881946564,"normal",6,9.25127291679382
"2010-09-10 09:00:00",0.631284713745117,"normal",6,3.7877082824707
"2010-09-10 10:00:00",0.440412998199463,"normal",6,2.64247798919678
"2010-09-10 11:00:00",0.568301320075989,"normal",6,3.40980792045593
"2010-09-10 12:00:00",0.911268174648285,"normal",6,5.46760904788971
"2010-09-10 13:00:00",0.46474289894104,"normal",6,2.78845739364624
"2010-09-10 14:00:00",0.576529860496521,"normal",6,3.45917916297913
"2010-09-10 15:00:00",0.59910774230957,"normal",6,3.59464645385742
"2010-09-10 16:00:00",0.480696529150009,"normal",6,2.88417917490005
"2010-09-10 17:00:00",0.794709026813507,"peak",10,7.94709026813507
"2010-09-10 18:00:00",1.15198588371277,"peak",10,11.5198588371277
"2010-09-10 19:00:00",2.17001152038574,"peak",10,21.7001152038574
"2010-09-10 20:00:00",2.21143078804016,"peak",10,22.1143078804016
"2010-09-10 21:00:00",2.34145593643188,"peak",10,23.4145593643188
"2010-09-10 22:00:00",1.4097957611084,"off_peak",3,4.2293872833252
"2010-09-10 23:00:00",1.38536560535431,"off_peak",3,4.15609681606293
"2010-09-11 00:00:00",1.00939893722534,"off_peak",3,3.02819681167603
"2010-09-11 01:00:00",0.570037484169006,"off_peak",3,1.71011245250702
"2010-09-11 02:00:00",0.448486655950546,"off_peak",3,1.34545996785164
"2010-09-11 03:00:00",0.358835697174072,"off_peak",3,1.07650709152222
"2010-09-11 04:00:00",0.36931985616684,"off_peak",3,1.10795956850052
"2010-09-11 05:00:00",0.353452533483505,"off_peak",3,1.06035760045052
"2010-09-11 06:00:00",0.626175940036774,"normal",6,3.75705564022064
"2010-09-11 07:00:00",1.61999273300171,"normal",6,9.71995639801025
"2010-09-11 08:00:00",1.58532285690308,"normal",6,9.51193714141846
"2010-09-11 09:00:00",1.28009796142578,"normal",6,7.68058776855469
"2010-09-11 10:00:00",0.807984352111816,"normal",6,4.8479061126709
"2010-09-11 11:00:00",1.34254813194275,"normal",6,8.05528879165649
"2010-09-11 12:00:00",0.728638768196106,"normal",6,4.37183260917664
"2010-09-11 13:00:00",1.12743604183197,"normal",6,6.76461625099182
"2010-09-11 14:00:00",1.65341365337372,"normal",6,9.92048192024231
"2010-09-11 15:00:00",1.55665016174316,"normal",6,9.33990097045898
"2010-09-11 16:00:00",0.904513597488403,"normal",6,5.42708158493042
"2010-09-11 17:00:00",0.6971475481987,"peak",10,6.971475481987
"2010-09-11 18:00:00",1.51178073883057,"peak",10,15.1178073883057
"2010-09-11 19:00:00",1.45724880695343,"peak",10,14.5724880695343
"2010-09-11 20:00:00",0.947282612323761,"peak",10,9.47282612323761
"2010-09-11 21:00:00",1.73554265499115,"peak",10,17.3554265499115
"2010-09-11 22:00:00",1.49358904361725,"off_peak",3,4.48076713085175
"2010-09-11 23:00:00",0.854734778404236,"off_peak",3,2.56420433521271
"2010-09-12 00:00:00",1.07577693462372,"off_peak",3,3.22733080387115
"2010-09-12 01:00:00",1.09417426586151,"off_peak",3,3.28252279758453
"2010-09-12 02:00:00",1.41498124599457,"off_peak",3,4.2449437379837
"2010-09-12 03:00:00",1.80455195903778,"off_peak",3,5.41365587711334
"2010-09-12 04:00:00",1.89168035984039,"off_peak",3,5.67504107952118
"2010-09-12 05:00:00",1.38542342185974,"off_peak",3,4.15627026557922
"2010-09-12 06:00:00",0.633531630039215,"normal",6,3.80118978023529
"2010-09-12 07:00:00",0.716076970100403,"normal",6,4.29646182060242
"2010-09-12 08:00:00",0.71163022518158,"normal",6,4.26978135108948
"2010-09-12 09:00:00",0.621178865432739,"normal",6,3.72707319259644
"2010-09-12 10:00:00",0.935161292552948,"normal",6,5.61096775531769
"2010-09-12 11:00:00",0.643543720245361,"normal",6,3.86126232147217
"2010-09-12 12:00:00",1.01908946037292,"normal",6,6.11453676223755
"2010-09-12 13:00:00",1.40412199497223,"normal",6,8.42473196983337
"2010-09-12 14:00:00",1.5817734003067,"normal",6,9.49064040184021
"2010-09-12 15:00:00",1.60179376602173,"normal",6,9.61076259613037
"2010-09-12 16:00:00",1.30774319171906,"normal",6,7.84645915031433
"2010-09-12 17:00:00",1.12713062763214,"peak",10,11.2713062763214
"2010-09-12 18:00:00",0.85955548286438,"peak",10,8.5955548286438
"2010-09-12 19:00:00",0.843162715435028,"peak",10,8.43162715435028
"2010-09-12 20:00:00",0.645784199237823,"peak",10,6.45784199237823
"2010-09-12 21:00:00",1.84405314922333,"peak",10,18.4405314922333
"2010-09-12 22:00:00",1.25388097763062,"off_peak",3,3.76164293289185
"2010-09-12 23:00:00",0.882711470127106,"off_peak",3,2.64813441038132
"2010-09-13 00:00:00",0.807296216487885,"off_peak",3,2.42188864946365
"2010-09-13 01:00:00",0.444265902042389,"off_peak",3,1.33279770612717
"2010-09-13 02:00:00",0.392860800027847,"off_peak",3,1.17858240008354
"2010-09-13 03:00:00",0.807104587554932,"off_peak",3,2.42131376266479
"2010-09-13 04:00:00",0.340667188167572,"off_peak",3,1.02200156450272
"2010-09-13 05:00:00",0.310459047555923,"off_peak",3,0.93137714266777
"2010-09-13 06:00:00",0.749383330345154,"normal",6,4.49629998207092
"2010-09-13 07:00:00",1.5813661813736,"normal",6,9.48819708824158
"2010-09-13 08:00:00",1.66010320186615,"normal",6,9.9606192111969
"2010-09-13 09:00:00",1.13599801063538,"normal",6,6.81598806381226
"2010-09-13 10:00:00",0.63804429769516,"normal",6,3.82826578617096
"2010-09-13 11:00:00",0.50120997428894,"normal",6,3.00725984573364
"2010-09-13 12:00:00",0.566330432891846,"normal",6,3.39798259735107
"2010-09-13 13:00:00",0.396171480417252,"normal",6,2.37702888250351
"2010-09-13 14:00:00",1.22967875003815,"normal",6,7.37807250022888
"2010-09-13 15:00:00",0.522920846939087,"normal",6,3.13752508163452
"2010-09-13 16:00:00",0.421349942684174,"normal",6,2.52809965610504
"2010-09-13 17:00:00",0.625761806964874,"peak",10,6.25761806964874
"2010-09-13 18:00:00",0.692059218883514,"peak",10,6.92059218883514
"2010-09-13 19:00:00",1.2791314125061,"peak",10,12.791314125061
"2010-09-13 20:00:00",1.69093859195709,"peak",10,16.9093859195709
"2010-09-13 21:00:00",1.69894182682037,"peak",10,16.9894182682037
"2010-09-13 22:00:00",1.47715258598328,"off_peak",3,4.43145775794983
"2010-09-13 23:00:00",0.764450967311859,"off_peak",3,2.29335290193558
"2010-09-14 00:00:00",0.360415905714035,"off_peak",3,1.08124771714211
"2010-09-14 01:00:00",0.405994802713394,"off_peak",3,1.21798440814018
"2010-09-14 02:00:00",0.371302574872971,"off_peak",3,1.11390772461891
"2010-09-14 03:00:00",0.374055534601212,"off_peak",3,1.12216660380363
"2010-09-14 04:00:00",0.357747286558151,"off_peak",3,1.07324185967445
"2010-09-14 05:00:00",0.41463702917099,"off_peak",3,1.24391108751297
"2010-09-14 06:00:00",0.890974998474121,"normal",6,5.34584999084473
"2010-09-14 07:00:00",1.7698917388916,"normal",6,10.6193504333496
"2010-09-14 08:00:00",1.58165693283081,"normal",6,9.48994159698486
"2010-09-14 09:00:00",1.19317078590393,"normal",6,7.15902471542358
"2010-09-14 10:00:00",1.64505231380463,"normal",6,9.87031388282776
"2010-09-14 11:00:00",0.826163589954376,"normal",6,4.95698153972626
"2010-09-14 12:00:00",1.48234331607819,"normal",6,8.89405989646912
"2010-09-14 13:00:00",0.658194363117218,"normal",6,3.94916617870331
"2010-09-14 14:00:00",0.551595211029053,"normal",6,3.30957126617432
"2010-09-14 15:00:00",0.764601647853851,"normal",6,4.58760988712311
"2010-09-14 16:00:00",0.448091208934784,"normal",6,2.6885472536087
"2010-09-14 17:00:00",0.53107088804245,"peak",10,5.3107088804245
"2010-09-14 18:00:00",0.909649670124054,"peak",10,9.09649670124054
"2010-09-14 19:00:00",1.70877206325531,"peak",10,17.0877206325531
"2010-09-14 20:00:00",2.06706094741821,"peak",10,20.6706094741821
"2010-09-14 21:00:00",2.06553769111633,"peak",10,20.6553769111633
"2010-09-14 22:00:00",1.57680571079254,"off_peak",3,4.73041713237762
"2010-09-14 23:00:00",0.62639844417572,"off_peak",3,1.87919533252716
"2010-09-15 00:00:00",0.483707904815674,"off_peak",3,1.45112371444702
"2010-09-15 01:00:00",0.423305064439774,"off_peak",3,1.26991519331932
"2010-09-15 02:00:00",0.429985970258713,"off_peak",3,1.28995791077614
"2010-09-15 03:00:00",0.413906574249268,"off_peak",3,1.2417197227478
"2010-09-15 04:00:00",0.394098252058029,"off_peak",3,1.18229475617409
"2010-09-15 05:00:00",0.325589150190353,"off_peak",3,0.97676745057106
"2010-09-15 06:00:00",1.05336713790894,"normal",6,6.32020282745361
"2010-09-15 07:00:00",1.71915626525879,"normal",6,10.3149375915527
"2010-09-15 08:00:00",1.65836465358734,"normal",6,9.95018792152405
"2010-09-15 09:00:00",1.29245543479919,"normal",6,7.75473260879517
"2010-09-15 10:00:00",0.872398674488068,"normal",6,5.23439204692841
"2010-09-15 11:00:00",0.443208485841751,"normal",6,2.65925091505051
"2010-09-15 12:00:00",0.41033673286438,"normal",6,2.46202039718628
"2010-09-15 13:00:00",0.587354302406311,"normal",6,3.52412581443787
"2010-09-15 14:00:00",0.395431458950043,"normal",6,2.37258875370026
"2010-09-15 15:00:00",0.431508183479309,"normal",6,2.58904910087585
"2010-09-15 16:00:00",0.671407580375671,"normal",6,4.02844548225403
"2010-09-15 17:00:00",0.696424126625061,"peak",10,6.96424126625061
"2010-09-15 18:00:00",0.735116839408875,"peak",10,7.35116839408875
"2010-09-15 19:00:00",1.47407007217407,"peak",10,14.7407007217407
"2010-09-15 20:00:00",0.983084499835968,"peak",10,9.83084499835968
"2010-09-15 21:00:00",1.38664126396179,"peak",10,13.8664126396179
"2010-09-15 22:00:00",1.3531459569931,"off_peak",3,4.05943787097931
"2010-09-15 23:00:00",0.885332524776459,"off_peak",3,2.65599757432938
"2010-09-16 00:00:00",0.459669411182404,"off_peak",3,1.37900823354721
"2010-09-16 01:00:00",0.390137642621994,"off_peak",3,1.17041292786598
"2010-09-16 02:00:00",0.334609299898148,"off_peak",3,1.00382789969444
"2010-09-16 03:00:00",0.321261137723923,"off_peak",3,0.963783413171768
"2010-09-16 04:00:00",0.387621521949768,"off_peak",3,1.1628645658493
"2010-09-16 05:00:00",0.391885071992874,"off_peak",3,1.17565521597862
"2010-09-16 06:00:00",0.88660591840744,"normal",6,5.31963551044464
"2010-09-16 07:00:00",1.67298400402069,"normal",6,10.0379040241241
"2010-09-16 08:00:00",1.56173849105835,"normal",6,9.3704309463501
"2010-09-16 09:00:00",1.26101219654083,"normal",6,7.566073179245
"2010-09-16 10:00:00",0.599646329879761,"normal",6,3.59787797927856
"2010-09-16 11:00:00",0.621277451515198,"normal",6,3.72766470909119
"2010-09-16 12:00:00",1.11602056026459,"normal",6,6.69612336158752
"2010-09-16 13:00:00",1.18478906154633,"normal",6,7.10873436927795
"2010-09-16 14:00:00",1.16103577613831,"normal",6,6.96621465682983
"2010-09-16 15:00:00",0.637841999530792,"normal",6,3.82705199718475
"2010-09-16 16:00:00",0.339258193969727,"normal",6,2.03554916381836
"2010-09-16 17:00:00",0.362232267856598,"peak",10,3.62232267856598
"2010-09-16 18:00:00",0.581176161766052,"peak",10,5.81176161766052
"2010-09-16 19:00:00",1.30339896678925,"peak",10,13.0339896678925
"2010-09-16 20:00:00",1.89412474632263,"peak",10,18.9412474632263
"2010-09-16 21:00:00",2.14793491363525,"peak",10,21.4793491363525
"2010-09-16 22:00:00",1.33637428283691,"off_peak",3,4.00912284851074
"2010-09-16 23:00:00",0.890398323535919,"off_peak",3,2.67119497060776
"2010-09-17 00:00:00",0.409886211156845,"off_peak",3,1.22965863347054
"2010-09-17 01:00:00",0.437647730112076,"off_peak",3,1.31294319033623
"2010-09-17 02:00:00",0.322719067335129,"off_peak",3,0.968157202005386
"2010-09-17 03:00:00",0.543016314506531,"off_peak",3,1.62904894351959
"2010-09-17 04:00:00",0.409837275743484,"off_peak",3,1.22951182723045
"2010-09-17 05:00:00",0.296192526817322,"off_peak",3,0.888577580451965
"2010-09-17 06:00:00",0.924525916576385,"normal",6,5.54715549945831
"2010-09-17 07:00:00",1.80146849155426,"normal",6,10.8088109493256
"2010-09-17 08:00:00",1.72189974784851,"normal",6,10.3313984870911
"2010-09-17 09:00:00",1.2130218744278,"normal",6,7.27813124656677
"2010-09-17 10:00:00",0.581098139286041,"normal",6,3.48658883571625
"2010-09-17 11:00:00",0.400471121072769,"normal",6,2.40282672643661
"2010-09-17 12:00:00",0.374778509140015,"normal",6,2.24867105484009
"2010-09-17 13:00:00",0.715276718139648,"normal",6,4.29166030883789
"2010-09-17 14:00:00",0.576268672943115,"normal",6,3.45761203765869
"2010-09-17 15:00:00",0.794117331504822,"normal",6,4.76470398902893
"2010-09-17 16:00:00",1.4154109954834,"normal",6,8.49246597290039
"2010-09-17 17:00:00",1.90034055709839,"peak",10,19.0034055709839
"2010-09-17 18:00:00",1.60736393928528,"peak",10,16.0736393928528
"2010-09-17 19:00:00",1.89406859874725,"peak",10,18.9406859874725
"2010-09-17 20:00:00",2.30818104743958,"peak",10,23.0818104743958
"2010-09-17 21:00:00",2.16114568710327,"peak",10,21.6114568710327
"2010-09-17 22:00:00",0.973892331123352,"off_peak",3,2.92167699337006
"2010-09-17 23:00:00",0.594440817832947,"off_peak",3,1.78332245349884
"2010-09-18 00:00:00",0.487432271242142,"off_peak",3,1.46229681372643
"2010-09-18 01:00:00",0.310914993286133,"off_peak",3,0.932744979858398
"2010-09-18 02:00:00",0.369590014219284,"off_peak",3,1.10877004265785
"2010-09-18 03:00:00",0.361887753009796,"off_peak",3,1.08566325902939
"2010-09-18 04:00:00",0.339959323406219,"off_peak",3,1.01987797021866
"2010-09-18 05:00:00",0.36615663766861,"off_peak",3,1.09846991300583
"2010-09-18 06:00:00",0.663253426551819,"normal",6,3.97952055931091
"2010-09-18 07:00:00",1.49818074703217,"normal",6,8.98908448219299
"2010-09-18 08:00:00",1.6071834564209,"normal",6,9.64310073852539
"2010-09-18 09:00:00",1.28628098964691,"normal",6,7.71768593788147
"2010-09-18 10:00:00",0.859365284442902,"normal",6,5.15619170665741
"2010-09-18 11:00:00",0.651553571224213,"normal",6,3.90932142734528
"2010-09-18 12:00:00",0.690306782722473,"normal",6,4.14184069633484
"2010-09-18 13:00:00",0.540832102298737,"normal",6,3.24499261379242
"2010-09-18 14:00:00",1.05790233612061,"normal",6,6.34741401672363
"2010-09-18 15:00:00",1.13799691200256,"normal",6,6.82798147201538
"2010-09-18 16:00:00",0.866527020931244,"normal",6,5.19916212558746
"2010-09-18 17:00:00",1.02281415462494,"peak",10,10.2281415462494
"2010-09-18 18:00:00",1.46163296699524,"peak",10,14.6163296699524
"2010-09-18 19:00:00",1.21310889720917,"peak",10,12.1310889720917
"2010-09-18 20:00:00",1.72017514705658,"peak",10,17.2017514705658
"2010-09-18 21:00:00",1.67069864273071,"peak",10,16.7069864273071
"2010-09-18 22:00:00",1.37665474414825,"off_peak",3,4.12996423244476
"2010-09-18 23:00:00",1.13757276535034,"off_peak",3,3.41271829605103
"2010-09-19 00:00:00",0.441974461078644,"off_peak",3,1.32592338323593
"2010-09-19 01:00:00",0.414144307374954,"off_peak",3,1.24243292212486
"2010-09-19 02:00:00",0.411323755979538,"off_peak",3,1.23397126793861
"2010-09-19 03:00:00",0.508852005004883,"off_peak",3,1.52655601501465
"2010-09-19 04:00:00",0.63736230134964,"off_peak",3,1.91208690404892
"2010-09-19 05:00:00",0.320025056600571,"off_peak",3,0.960075169801712
"2010-09-19 06:00:00",0.512473046779633,"normal",6,3.0748382806778
"2010-09-19 07:00:00",0.635528445243835,"normal",6,3.81317067146301
"2010-09-19 08:00:00",0.924007713794708,"normal",6,5.54404628276825
"2010-09-19 09:00:00",0.833464562892914,"normal",6,5.00078737735748
"2010-09-19 10:00:00",0.922005236148834,"normal",6,5.53203141689301
"2010-09-19 11:00:00",0.940622270107269,"normal",6,5.64373362064362
"2010-09-19 12:00:00",0.513285517692566,"normal",6,3.0797131061554
"2010-09-19 13:00:00",0.556272327899933,"normal",6,3.3376339673996
"2010-09-19 14:00:00",0.951998293399811,"normal",6,5.71198976039886
"2010-09-19 15:00:00",0.557290256023407,"normal",6,3.34374153614044
"2010-09-19 16:00:00",0.473016202449799,"normal",6,2.83809721469879
"2010-09-19 17:00:00",0.483887612819672,"peak",10,4.83887612819672
"2010-09-19 18:00:00",0.607714295387268,"peak",10,6.07714295387268
"2010-09-19 19:00:00",2.05114221572876,"peak",10,20.5114221572876
"2010-09-19 20:00:00",1.62017774581909,"peak",10,16.2017774581909
"2010-09-19 21:00:00",2.00956869125366,"peak",10,20.0956869125366
"2010-09-19 22:00:00",1.27948343753815,"off_peak",3,3.83845031261444
"2010-09-19 23:00:00",0.876836121082306,"off_peak",3,2.63050836324692
"2010-09-20 00:00:00",0.261877626180649,"off_peak",3,0.785632878541946
"2010-09-20 01:00:00",0.348630666732788,"off_peak",3,1.04589200019836
"2010-09-20 02:00:00",0.535171985626221,"off_peak",3,1.60551595687866
"2010-09-20 03:00:00",0.333763480186462,"off_peak",3,1.00129044055939
"2010-09-20 04:00:00",0.292516589164734,"off_peak",3,0.877549767494202
"2010-09-20 05:00:00",0.343310207128525,"off_peak",3,1.02993062138557
"2010-09-20 06:00:00",0.69823807477951,"normal",6,4.18942844867706
"2010-09-20 07:00:00",1.64722442626953,"normal",6,9.88334655761719
"2010-09-20 08:00:00",1.76513040065765,"normal",6,10.5907824039459
"2010-09-20 09:00:00",1.17114531993866,"normal",6,7.02687191963196
"2010-09-20 10:00:00",1.25896418094635,"normal",6,7.5537850856781
"2010-09-20 11:00:00",1.13922584056854,"normal",6,6.83535504341125
"2010-09-20 12:00:00",0.590206861495972,"normal",6,3.54124116897583
"2010-09-20 13:00:00",1.53260791301727,"normal",6,9.19564747810364
"2010-09-20 14:00:00",0.812291026115417,"normal",6,4.8737461566925
"2010-09-20 15:00:00",0.765357851982117,"normal",6,4.5921471118927
"2010-09-20 16:00:00",1.01952612400055,"normal",6,6.1171567440033
"2010-09-20 17:00:00",1.0875791311264,"peak",10,10.875791311264
"2010-09-20 18:00:00",1.42624151706696,"peak",10,14.2624151706696
"2010-09-20 19:00:00",1.41179835796356,"peak",10,14.1179835796356
"2010-09-20 20:00:00",1.60133326053619,"peak",10,16.0133326053619
"2010-09-20 21:00:00",1.83796739578247,"peak",10,18.3796739578247
"2010-09-20 22:00:00",1.28362452983856,"off_peak",3,3.85087358951569
"2010-09-20 23:00:00",0.718854427337646,"off_peak",3,2.15656328201294
"2010-09-21 00:00:00",0.446520894765854,"off_peak",3,1.33956268429756
"2010-09-21 01:00:00",0.425961524248123,"off_peak",3,1.27788457274437
"2010-09-21 02:00:00",0.329488337039948,"off_peak",3,0.988465011119843
"2010-09-21 03:00:00",0.297444373369217,"off_peak",3,0.892333120107651
"2010-09-21 04:00:00",0.312045067548752,"off_peak",3,0.936135202646255
"2010-09-21 05:00:00",0.436047852039337,"off_peak",3,1.30814355611801
"2010-09-21 06:00:00",0.733699977397919,"normal",6,4.40219986438751
"2010-09-21 07:00:00",1.50476312637329,"normal",6,9.02857875823975
"2010-09-21 08:00:00",1.42289090156555,"normal",6,8.53734540939331
"2010-09-21 09:00:00",1.2228000164032,"normal",6,7.33680009841919
"2010-09-21 10:00:00",1.12540006637573,"normal",6,6.75240039825439
"2010-09-21 11:00:00",0.821392416954041,"normal",6,4.92835450172424
"2010-09-21 12:00:00",0.72635817527771,"normal",6,4.35814905166626
"2010-09-21 13:00:00",0.821351706981659,"normal",6,4.92811024188995
"2010-09-21 14:00:00",0.857693016529083,"normal",6,5.1461580991745
"2010-09-21 15:00:00",0.36784029006958,"normal",6,2.20704174041748
"2010-09-21 16:00:00",0.491124987602234,"normal",6,2.9467499256134
"2010-09-21 17:00:00",0.686159193515778,"peak",10,6.86159193515778
"2010-09-21 18:00:00",0.631869673728943,"peak",10,6.31869673728943
"2010-09-21 19:00:00",1.12752044200897,"peak",10,11.2752044200897
"2010-09-21 20:00:00",1.78287446498871,"peak",10,17.8287446498871
"2010-09-21 21:00:00",2.25382208824158,"peak",10,22.5382208824158
"2010-09-21 22:00:00",1.39063119888306,"off_peak",3,4.17189359664917
"2010-09-21 23:00:00",0.590870261192322,"off_peak",3,1.77261078357697
"2010-09-22 00:00:00",0.307640999555588,"off_peak",3,0.922922998666763
"2010-09-22 01:00:00",0.32060232758522,"off_peak",3,0.961806982755661
"2010-09-22 02:00:00",0.331810504198074,"off_peak",3,0.995431512594223
"2010-09-22 03:00:00",0.362398266792297,"off_peak",3,1.08719480037689
"2010-09-22 04:00:00",0.323878347873688,"off_peak",3,0.971635043621063
"2010-09-22 05:00:00",0.448142856359482,"off_peak",3,1.34442856907845
"2010-09-22 06:00:00",0.778549075126648,"normal",6,4.67129445075989
"2010-09-22 07:00:00",1.64534986019135,"normal",6,9.87209916114807
"2010-09-22 08:00:00",1.67615032196045,"normal",6,10.0569019317627
"2010-09-22 09:00:00",1.4934219121933,"normal",6,8.96053147315979
"2010-09-22 10:00:00",1.44147753715515,"normal",6,8.64886522293091
"2010-09-22 11:00:00",1.31097006797791,"normal",6,7.86582040786743
"2010-09-22 12:00:00",0.562508523464203,"normal",6,3.37505114078522
"2010-09-22 13:00:00",0.710920035839081,"normal",6,4.26552021503448
"2010-09-22 14:00:00",1.11473107337952,"normal",6,6.6883864402771
"2010-09-22 15:00:00",0.320416450500488,"normal",6,1.92249870300293
"2010-09-22 16:00:00",0.796754896640778,"normal",6,4.78052937984467
"2010-09-22 17:00:00",1.20583379268646,"peak",10,12.0583379268646
"2010-09-22 18:00:00",1.35681819915771,"peak",10,13.5681819915771
"2010-09-22 19:00:00",1.55883228778839,"peak",10,15.5883228778839
"2010-09-22 20:00:00",1.82626283168793,"peak",10,18.2626283168793
"2010-09-22 21:00:00",2.05655837059021,"peak",10,20.5655837059021
"2010-09-22 22:00:00",1.31794929504395,"off_peak",3,3.95384788513184
"2010-09-22 23:00:00",0.723716080188751,"off_peak",3,2.17114824056625
"2010-09-23 00:00:00",0.358028203248978,"off_peak",3,1.07408460974693
"2010-09-23 01:00:00",0.355213820934296,"off_peak",3,1.06564146280289
"2010-09-23 02:00:00",0.532788217067719,"off_peak",3,1.59836465120316
"2010-09-23 03:00:00",0.443777829408646,"off_peak",3,1.33133348822594
"2010-09-23 04:00:00",0.337451189756393,"off_peak",3,1.01235356926918
"2010-09-23 05:00:00",0.394555658102036,"off_peak",3,1.18366697430611
"2010-09-23 06:00:00",0.953905880451202,"normal",6,5.72343528270721
"2010-09-23 07:00:00",1.8910813331604,"normal",6,11.3464879989624
"2010-09-23 08:00:00",1.98412263393402,"normal",6,11.9047358036041
"2010-09-23 09:00:00",1.49206697940826,"normal",6,8.95240187644958
"2010-09-23 10:00:00",1.31610953807831,"normal",6,7.89665722846985
"2010-09-23 11:00:00",1.46777141094208,"normal",6,8.80662846565247
"2010-09-23 12:00:00",0.67022031545639,"normal",6,4.02132189273834
"2010-09-23 13:00:00",1.28957045078278,"normal",6,7.73742270469666
"2010-09-23 14:00:00",1.1770613193512,"normal",6,7.06236791610718
"2010-09-23 15:00:00",1.17030882835388,"normal",6,7.02185297012329
"2010-09-23 16:00:00",0.596942543983459,"normal",6,3.58165526390076
"2010-09-23 17:00:00",0.534148097038269,"peak",10,5.34148097038269
"2010-09-23 18:00:00",0.628895580768585,"peak",10,6.28895580768585
"2010-09-23 19:00:00",1.43942713737488,"peak",10,14.3942713737488
"2010-09-23 20:00:00",2.14124131202698,"peak",10,21.4124131202698
"2010-09-23 21:00:00",1.61215484142303,"peak",10,16.1215484142303
"2010-09-23 22:00:00",1.34622132778168,"off_peak",3,4.03866398334503
"2010-09-23 23:00:00",0.602689623832703,"off_peak",3,1.80806887149811
"2010-09-24 00:00:00",0.416139900684357,"off_peak",3,1.24841970205307
"2010-09-24 01:00:00",0.45398536324501,"off_peak",3,1.36195608973503
"2010-09-24 02:00:00",0.354169458150864,"off_peak",3,1.06250837445259
"2010-09-24 03:00:00",0.332403689622879,"off_peak",3,0.997211068868637
"2010-09-24 04:00:00",0.326341301202774,"off_peak",3,0.979023903608322
"2010-09-24 05:00:00",0.335353493690491,"off_peak",3,1.00606048107147
"2010-09-24 06:00:00",0.688999831676483,"normal",6,4.1339989900589
"2010-09-24 07:00:00",1.81601083278656,"normal",6,10.8960649967194
"2010-09-24 08:00:00",1.54693222045898,"normal",6,9.28159332275391
"2010-09-24 09:00:00",1.32099866867065,"normal",6,7.92599201202393
"2010-09-24 10:00:00",1.2378762960434,"normal",6,7.42725777626038
"2010-09-24 11:00:00",1.0589245557785,"normal",6,6.35354733467102
"2010-09-24 12:00:00",0.543121457099915,"normal",6,3.25872874259949
"2010-09-24 13:00:00",0.739111542701721,"normal",6,4.43466925621033
"2010-09-24 14:00:00",0.875236511230469,"normal",6,5.25141906738281
"2010-09-24 15:00:00",0.985423684120178,"normal",6,5.91254210472107
"2010-09-24 16:00:00",0.422262996435165,"normal",6,2.53357797861099
"2010-09-24 17:00:00",1.04215848445892,"peak",10,10.4215848445892
"2010-09-24 18:00:00",1.1497905254364,"peak",10,11.497905254364
"2010-09-24 19:00:00",1.61765956878662,"peak",10,16.1765956878662
"2010-09-24 20:00:00",2.06665658950806,"peak",10,20.6665658950806
"2010-09-24 21:00:00",1.83198857307434,"peak",10,18.3198857307434
"2010-09-24 22:00:00",1.25305879116058,"off_peak",3,3.75917637348175
"2010-09-24 23:00:00",0.615681529045105,"off_peak",3,1.84704458713531
"2010-09-25 00:00:00",0.409133940935135,"off_peak",3,1.2274018228054
"2010-09-25 01:00:00",0.368287652730942,"off_peak",3,1.10486295819283
"2010-09-25 02:00:00",0.341176420450211,"off_peak",3,1.02352926135063
"2010-09-25 03:00:00",0.287367224693298,"off_peak",3,0.862101674079895
"2010-10-01 19:00:00",1.42544066905975,"peak",10,14.2544066905975
"2010-10-01 20:00:00",1.6471198797226,"peak",10,16.471198797226
"2010-10-01 21:00:00",1.33033585548401,"peak",10,13.3033585548401
"2010-10-01 22:00:00",1.44995152950287,"off_peak",3,4.34985458850861
"2010-10-01 23:00:00",0.548023879528046,"off_peak",3,1.64407163858414
"2010-10-02 00:00:00",0.524521470069885,"off_peak",3,1.57356441020966
"2010-10-02 01:00:00",0.416284710168839,"off_peak",3,1.24885413050652
"2010-10-02 02:00:00",0.627045154571533,"off_peak",3,1.8811354637146
"2010-10-02 03:00:00",0.354313999414444,"off_peak",3,1.06294199824333
"2010-10-05 19:00:00",1.63226640224457,"peak",10,16.3226640224457
"2010-10-05 20:00:00",2.320148229599,"peak",10,23.20148229599
"2010-10-05 21:00:00",2.24318170547485,"peak",10,22.4318170547485
"2010-10-05 22:00:00",1.43587136268616,"off_peak",3,4.30761408805847
"2010-10-05 23:00:00",0.781007528305054,"off_peak",3,2.34302258491516
"2010-10-06 00:00:00",0.472113400697708,"off_peak",3,1.41634020209312
"2010-10-06 01:00:00",0.532863736152649,"off_peak",3,1.59859120845795
"2010-10-06 02:00:00",0.527726948261261,"off_peak",3,1.58318084478378
"2010-10-06 03:00:00",0.703838407993317,"off_peak",3,2.11151522397995
"2010-10-06 04:00:00",0.494475454092026,"off_peak",3,1.48342636227608
"2010-10-06 05:00:00",0.441587001085281,"off_peak",3,1.32476100325584
"2010-10-06 06:00:00",0.911817312240601,"normal",6,5.4709038734436
"2010-10-06 07:00:00",2.13436317443848,"normal",6,12.8061790466309
"2010-10-06 08:00:00",1.91168963909149,"normal",6,11.470137834549
"2010-10-06 09:00:00",1.71592998504639,"normal",6,10.2955799102783
"2010-10-06 10:00:00",1.55440104007721,"normal",6,9.32640624046326
"2010-10-06 11:00:00",1.00578463077545,"normal",6,6.03470778465271
"2010-10-06 12:00:00",0.895991265773773,"normal",6,5.37594759464264
"2010-10-06 13:00:00",0.810847580432892,"normal",6,4.86508548259735
"2010-10-06 14:00:00",0.81990921497345,"normal",6,4.9194552898407
"2010-10-06 15:00:00",1.00301122665405,"normal",6,6.01806735992432
"2010-10-06 16:00:00",0.500270128250122,"normal",6,3.00162076950073
"2010-10-06 17:00:00",1.0017204284668,"peak",10,10.017204284668
"2010-10-06 18:00:00",0.996813893318176,"peak",10,9.96813893318176
"2010-10-06 19:00:00",1.66283464431763,"peak",10,16.6283464431763
"2010-10-06 20:00:00",1.64735472202301,"peak",10,16.4735472202301
"2010-10-06 21:00:00",1.02855896949768,"peak",10,10.2855896949768
"2010-10-06 22:00:00",0.978100776672363,"off_peak",3,2.93430233001709
"2010-10-06 23:00:00",1.03956067562103,"off_peak",3,3.1186820268631
"2010-10-07 00:00:00",0.61266028881073,"off_peak",3,1.83798086643219
"2010-10-07 01:00:00",0.522805988788605,"off_peak",3,1.56841796636581
"2010-10-07 02:00:00",0.458007663488388,"off_peak",3,1.37402299046516
"2010-10-07 03:00:00",0.433518707752228,"off_peak",3,1.30055612325668
"2010-10-07 04:00:00",0.420680403709412,"off_peak",3,1.26204121112823
"2010-10-07 05:00:00",0.401401579380035,"off_peak",3,1.20420473814011
"2010-10-07 06:00:00",0.978557050228119,"normal",6,5.87134230136871
"2010-10-07 07:00:00",2.2165060043335,"normal",6,13.299036026001
"2010-10-07 08:00:00",1.66895604133606,"normal",6,10.0137362480164
"2010-10-07 09:00:00",1.50627541542053,"normal",6,9.03765249252319
"2010-10-07 10:00:00",1.28390920162201,"normal",6,7.70345520973206
"2010-10-07 11:00:00",0.495188862085342,"normal",6,2.97113317251205
"2010-10-07 12:00:00",1.73436522483826,"normal",6,10.4061913490295
"2010-10-07 13:00:00",2.18051218986511,"normal",6,13.0830731391907
"2010-10-07 14:00:00",1.40846729278564,"normal",6,8.45080375671387
"2010-10-07 15:00:00",1.34142363071442,"normal",6,8.0485417842865
"2010-10-07 16:00:00",1.2869086265564,"normal",6,7.72145175933838
"2010-10-07 17:00:00",0.799054741859436,"peak",10,7.99054741859436
"2010-10-07 18:00:00",0.725792586803436,"peak",10,7.25792586803436
"2010-10-07 19:00:00",1.57153022289276,"peak",10,15.7153022289276
"2010-10-07 20:00:00",1.79316854476929,"peak",10,17.9316854476929
"2010-10-07 21:00:00",2.05755662918091,"peak",10,20.5755662918091
"2010-10-07 22:00:00",1.39569926261902,"off_peak",3,4.18709778785706
"2010-10-07 23:00:00",0.513189613819122,"off_peak",3,1.53956884145737
"2010-10-08 00:00:00",0.511338829994202,"off_peak",3,1.5340164899826
"2010-10-08 01:00:00",0.504638850688934,"off_peak",3,1.5139165520668
"2010-10-08 02:00:00",0.378087073564529,"off_peak",3,1.13426122069359
"2010-10-08 03:00:00",0.387838244438171,"off_peak",3,1.16351473331451
"2010-10-08 04:00:00",0.45121768116951,"off_peak",3,1.35365304350853
"2010-10-08 05:00:00",0.422187030315399,"off_peak",3,1.2665610909462
"2010-10-08 06:00:00",0.904476404190063,"normal",6,5.42685842514038
"2010-10-08 07:00:00",2.40501523017883,"normal",6,14.430091381073
"2010-10-08 08:00:00",1.81558740139008,"normal",6,10.8935244083405
"2010-10-08 09:00:00",1.34053003787994,"normal",6,8.04318022727966
"2010-10-08 10:00:00",1.28822886943817,"normal",6,7.72937321662903
"2010-10-08 11:00:00",0.927602052688599,"normal",6,5.56561231613159
"2010-10-08 12:00:00",0.85018253326416,"normal",6,5.10109519958496
"2010-10-08 13:00:00",1.42914509773254,"normal",6,8.57487058639526
"2010-10-08 14:00:00",1.00713634490967,"normal",6,6.04281806945801
"2010-10-08 15:00:00",0.830241084098816,"normal",6,4.9814465045929
"2010-10-08 16:00:00",0.853543043136597,"normal",6,5.12125825881958
"2010-10-08 17:00:00",0.64860862493515,"peak",10,6.4860862493515
"2010-10-08 18:00:00",1.24221181869507,"peak",10,12.4221181869507
"2010-10-08 19:00:00",1.60003995895386,"peak",10,16.0003995895386
"2010-10-08 20:00:00",1.92503571510315,"peak",10,19.2503571510315
"2010-10-08 21:00:00",2.26395225524902,"peak",10,22.6395225524902
"2010-10-08 22:00:00",1.49734318256378,"off_peak",3,4.49202954769135
"2010-10-08 23:00:00",0.605861008167267,"off_peak",3,1.8175830245018
"2010-10-09 00:00:00",0.525289416313171,"off_peak",3,1.57586824893951
"2010-10-09 01:00:00",0.50461333990097,"off_peak",3,1.51384001970291
"2010-10-09 02:00:00",0.526985883712769,"off_peak",3,1.58095765113831
"2010-10-09 03:00:00",0.511281847953796,"off_peak",3,1.53384554386139
"2010-10-09 04:00:00",0.551122665405273,"off_peak",3,1.65336799621582
"2010-10-09 05:00:00",0.437582522630692,"off_peak",3,1.31274756789207
"2010-10-09 06:00:00",0.904128432273865,"normal",6,5.42477059364319
"2010-10-09 07:00:00",2.02835822105408,"normal",6,12.1701493263245
"2010-10-09 08:00:00",1.83486664295197,"normal",6,11.0091998577118
"2010-10-09 09:00:00",1.62870609760284,"normal",6,9.77223658561707
"2010-10-09 10:00:00",1.10808897018433,"normal",6,6.64853382110596
"2010-10-09 11:00:00",0.726918935775757,"normal",6,4.36151361465454
"2010-10-09 12:00:00",0.977687478065491,"normal",6,5.86612486839294
"2010-10-09 13:00:00",0.775761425495148,"normal",6,4.65456855297089
"2010-10-09 14:00:00",1.7142128944397,"normal",6,10.2852773666382
"2010-10-09 15:00:00",1.20861995220184,"normal",6,7.25171971321106
"2010-10-09 16:00:00",1.82303142547607,"normal",6,10.9381885528564
"2010-10-09 17:00:00",2.02266097068787,"peak",10,20.2266097068787
"2010-10-09 18:00:00",1.3850177526474,"peak",10,13.850177526474
"2010-10-09 19:00:00",1.85363459587097,"peak",10,18.5363459587097
"2010-10-09 20:00:00",2.35068964958191,"peak",10,23.5068964958191
"2010-10-09 21:00:00",1.94205141067505,"peak",10,19.4205141067505
"2010-10-09 22:00:00",1.59500432014465,"off_peak",3,4.78501296043396
"2010-10-09 23:00:00",1.02612447738647,"off_peak",3,3.07837343215942
"2010-10-10 00:00:00",0.484293282032013,"off_peak",3,1.45287984609604
"2010-10-10 01:00:00",0.58646035194397,"off_peak",3,1.75938105583191
"2010-10-10 02:00:00",0.508761823177338,"off_peak",3,1.52628546953201
"2010-10-10 03:00:00",0.51535838842392,"off_peak",3,1.54607516527176
"2010-10-10 04:00:00",0.483835071325302,"off_peak",3,1.45150521397591
"2010-10-10 05:00:00",0.55083441734314,"off_peak",3,1.65250325202942
"2010-10-10 06:00:00",0.672998249530792,"normal",6,4.03798949718475
"2010-10-10 07:00:00",1.04477620124817,"normal",6,6.26865720748901
"2010-10-10 08:00:00",1.34726500511169,"normal",6,8.08359003067017
"2010-10-10 09:00:00",1.1454610824585,"normal",6,6.87276649475098
"2010-10-10 10:00:00",1.09237706661224,"normal",6,6.55426239967346
"2010-10-10 11:00:00",1.19971823692322,"normal",6,7.19830942153931
"2010-10-10 12:00:00",2.04544639587402,"normal",6,12.2726783752441
"2010-10-10 13:00:00",1.78330755233765,"normal",6,10.6998453140259
"2010-10-10 14:00:00",1.6536853313446,"normal",6,9.92211198806763
"2010-10-10 15:00:00",1.22681629657745,"normal",6,7.36089777946472
"2010-10-10 16:00:00",0.711177468299866,"normal",6,4.26706480979919
"2010-10-10 17:00:00",1.05288910865784,"peak",10,10.5288910865784
"2010-10-10 18:00:00",2.04125142097473,"peak",10,20.4125142097473
"2010-10-10 19:00:00",2.44678854942322,"peak",10,24.4678854942322
"2010-10-10 20:00:00",3.05139255523682,"peak",10,30.5139255523682
"2010-10-10 21:00:00",2.42752647399902,"peak",10,24.2752647399902
"2010-10-10 22:00:00",1.91868770122528,"off_peak",3,5.75606310367584
"2010-10-10 23:00:00",1.00009226799011,"off_peak",3,3.00027680397034
"2010-10-11 00:00:00",0.45531490445137,"off_peak",3,1.36594471335411
"2010-10-11 01:00:00",0.373511344194412,"off_peak",3,1.12053403258324
"2010-10-11 02:00:00",0.420014232397079,"off_peak",3,1.26004269719124
"2010-10-11 03:00:00",0.556152760982513,"off_peak",3,1.66845828294754
"2010-10-11 04:00:00",0.475892454385757,"off_peak",3,1.42767736315727
"2010-10-11 05:00:00",0.607666432857513,"off_peak",3,1.82299929857254
"2010-10-11 06:00:00",0.83585798740387,"normal",6,5.01514792442322
"2010-10-11 07:00:00",2.10802865028381,"normal",6,12.6481719017029
"2010-10-11 08:00:00",1.89197707176208,"normal",6,11.3518624305725
"2010-10-11 09:00:00",1.60973906517029,"normal",6,9.65843439102173
"2010-10-11 10:00:00",1.414106965065,"normal",6,8.48464179039001
"2010-10-11 11:00:00",0.802313446998596,"normal",6,4.81388068199158
"2010-10-11 12:00:00",0.628800690174103,"normal",6,3.77280414104462
"2010-10-11 13:00:00",0.683343052864075,"normal",6,4.10005831718445
"2010-10-11 14:00:00",0.549782633781433,"normal",6,3.2986958026886
"2010-10-11 15:00:00",0.79752242565155,"normal",6,4.7851345539093
"2010-10-11 16:00:00",0.644843757152557,"normal",6,3.86906254291534
"2010-10-11 17:00:00",0.626023948192596,"peak",10,6.26023948192596
"2010-10-11 18:00:00",1.51239311695099,"peak",10,15.1239311695099
"2010-10-11 19:00:00",2.00137877464294,"peak",10,20.0137877464294
"2010-10-11 20:00:00",2.85076379776001,"peak",10,28.5076379776001
"2010-10-11 21:00:00",2.23383188247681,"peak",10,22.3383188247681
"2010-10-11 22:00:00",1.51550447940826,"off_peak",3,4.54651343822479
"2010-10-11 23:00:00",0.826053619384766,"off_peak",3,2.4781608581543
"2010-10-12 00:00:00",0.529478430747986,"off_peak",3,1.58843529224396
"2010-10-12 01:00:00",0.406044214963913,"off_peak",3,1.21813264489174
"2010-10-12 02:00:00",0.443604499101639,"off_peak",3,1.33081349730492
"2010-10-12 03:00:00",0.504706025123596,"off_peak",3,1.51411807537079
"2010-10-12 04:00:00",0.424572080373764,"off_peak",3,1.27371624112129
"2010-10-12 05:00:00",0.45465961098671,"off_peak",3,1.36397883296013
"2010-10-12 06:00:00",1.01912665367126,"normal",6,6.11475992202759
"2010-10-12 07:00:00",2.3051552772522,"normal",6,13.8309316635132
"2010-10-12 08:00:00",1.87115967273712,"normal",6,11.2269580364227
"2010-10-12 09:00:00",1.59586775302887,"normal",6,9.57520651817322
"2010-10-12 10:00:00",1.57606530189514,"normal",6,9.45639181137085
"2010-10-12 11:00:00",1.76859867572784,"normal",6,10.6115920543671
"2010-10-12 12:00:00",0.72025591135025,"normal",6,4.3215354681015
"2010-10-12 13:00:00",1.55124866962433,"normal",6,9.30749201774597
"2010-10-12 14:00:00",0.941901922225952,"normal",6,5.65141153335571
"2010-10-12 15:00:00",0.742973744869232,"normal",6,4.45784246921539
"2010-10-12 16:00:00",0.881819903850555,"normal",6,5.29091942310333
"2010-10-12 17:00:00",0.632287919521332,"peak",10,6.32287919521332
"2010-10-12 18:00:00",0.767605602741241,"peak",10,7.67605602741241
"2010-10-12 19:00:00",2.47450685501099,"peak",10,24.7450685501099
"2010-10-12 20:00:00",2.4691801071167,"peak",10,24.691801071167
"2010-10-12 21:00:00",2.13499903678894,"peak",10,21.3499903678894
"2010-10-12 22:00:00",1.24263429641724,"off_peak",3,3.72790288925171
"2010-10-12 23:00:00",0.714629113674164,"off_peak",3,2.14388734102249
"2010-10-13 00:00:00",0.547483146190643,"off_peak",3,1.64244943857193
"2010-10-13 01:00:00",0.438989490270615,"off_peak",3,1.31696847081184
"2010-10-13 02:00:00",0.483079135417938,"off_peak",3,1.44923740625381
"2010-10-13 03:00:00",0.384231775999069,"off_peak",3,1.15269532799721
"2010-10-13 04:00:00",0.434127300977707,"off_peak",3,1.30238190293312
"2010-10-13 05:00:00",0.457786023616791,"off_peak",3,1.37335807085037
"2010-10-13 06:00:00",1.02467012405396,"normal",6,6.14802074432373
"2010-10-13 07:00:00",2.10901999473572,"normal",6,12.6541199684143
"2010-10-13 08:00:00",1.93342530727386,"normal",6,11.6005518436432
"2010-10-13 09:00:00",1.79929769039154,"normal",6,10.7957861423492
"2010-10-13 10:00:00",1.54639184474945,"normal",6,9.2783510684967
"2010-10-13 11:00:00",1.81406402587891,"normal",6,10.8843841552734
"2010-10-13 12:00:00",1.43826675415039,"normal",6,8.62960052490234
"2010-10-13 13:00:00",1.32268071174622,"normal",6,7.93608427047729
"2010-10-13 14:00:00",1.30377209186554,"normal",6,7.82263255119324
"2010-10-13 15:00:00",1.56665706634521,"normal",6,9.39994239807129
"2010-10-13 16:00:00",1.55635821819305,"normal",6,9.33814930915833
"2010-10-13 17:00:00",1.39325094223022,"peak",10,13.9325094223022
"2010-10-13 18:00:00",1.63428175449371,"peak",10,16.3428175449371
"2010-10-13 19:00:00",1.39588630199432,"peak",10,13.9588630199432
"2010-10-13 20:00:00",2.06686544418335,"peak",10,20.6686544418335
"2010-10-13 21:00:00",2.27383828163147,"peak",10,22.7383828163147
"2010-10-13 22:00:00",1.49789822101593,"off_peak",3,4.49369466304779
"2010-10-13 23:00:00",1.03581345081329,"off_peak",3,3.10744035243988
"2010-10-14 00:00:00",0.348589658737183,"off_peak",3,1.04576897621155
"2010-10-14 01:00:00",0.346706539392471,"off_peak",3,1.04011961817741
"2010-10-14 02:00:00",0.51407665014267,"off_peak",3,1.54222995042801
"2010-10-14 03:00:00",0.365264683961868,"off_peak",3,1.0957940518856
"2010-10-14 04:00:00",0.39802286028862,"off_peak",3,1.19406858086586
"2010-10-14 05:00:00",0.536858141422272,"off_peak",3,1.61057442426682
"2010-10-14 06:00:00",1.00935649871826,"normal",6,6.05613899230957
"2010-10-14 07:00:00",2.4929792881012,"normal",6,14.9578757286072
"2010-10-14 08:00:00",1.98714864253998,"normal",6,11.9228918552399
"2010-10-14 09:00:00",1.47260582447052,"normal",6,8.83563494682312
"2010-10-14 10:00:00",2.26100707054138,"normal",6,13.5660424232483
"2010-10-14 11:00:00",1.62469410896301,"normal",6,9.74816465377808
"2010-10-14 12:00:00",0.973861813545227,"normal",6,5.84317088127136
"2010-10-14 13:00:00",0.68097460269928,"normal",6,4.08584761619568
"2010-10-14 14:00:00",1.18786060810089,"normal",6,7.12716364860535
"2010-10-14 15:00:00",1.52654647827148,"normal",6,9.15927886962891
"2010-10-14 16:00:00",0.712118446826935,"normal",6,4.27271068096161
"2010-10-14 17:00:00",0.883817970752716,"peak",10,8.83817970752716
"2010-10-14 18:00:00",0.792290866374969,"peak",10,7.92290866374969
"2010-10-14 19:00:00",2.30572557449341,"peak",10,23.0572557449341
"2010-10-14 20:00:00",3.15009737014771,"peak",10,31.5009737014771
"2010-10-14 21:00:00",2.72570776939392,"peak",10,27.2570776939392
"2010-10-14 22:00:00",2.36511087417603,"off_peak",3,7.09533262252808
"2010-10-14 23:00:00",1.25504148006439,"off_peak",3,3.76512444019318
"2010-10-15 00:00:00",0.392325550317764,"off_peak",3,1.17697665095329
"2010-10-15 01:00:00",0.383788555860519,"off_peak",3,1.15136566758156
"2010-10-15 02:00:00",0.39270406961441,"off_peak",3,1.17811220884323
"2010-10-15 03:00:00",0.432183891534805,"off_peak",3,1.29655167460442
"2010-10-15 04:00:00",0.374531507492065,"off_peak",3,1.1235945224762
"2010-10-15 05:00:00",0.504049241542816,"off_peak",3,1.51214772462845
"2010-10-15 06:00:00",1.04897880554199,"normal",6,6.29387283325195
"2010-10-15 07:00:00",2.58840298652649,"normal",6,15.5304179191589
"2010-10-15 08:00:00",1.82309424877167,"normal",6,10.93856549263
"2010-10-15 09:00:00",1.64584803581238,"normal",6,9.87508821487427
"2010-10-15 10:00:00",1.49175894260406,"normal",6,8.95055365562439
"2010-10-15 11:00:00",1.51311707496643,"normal",6,9.07870244979858
"2010-10-15 12:00:00",1.6048219203949,"normal",6,9.62893152236938
"2010-10-15 13:00:00",1.78742551803589,"normal",6,10.7245531082153
"2010-10-15 14:00:00",1.34122776985168,"normal",6,8.04736661911011
"2010-10-15 15:00:00",1.20117819309235,"normal",6,7.20706915855408
"2010-10-15 16:00:00",0.541519701480865,"normal",6,3.24911820888519
"2010-10-15 17:00:00",0.86527407169342,"peak",10,8.6527407169342
"2010-10-15 18:00:00",1.16405439376831,"peak",10,11.6405439376831
"2010-10-15 19:00:00",2.29775190353394,"peak",10,22.9775190353394
"2010-10-15 20:00:00",2.2013304233551,"peak",10,22.013304233551
"2010-10-15 21:00:00",1.95369863510132,"peak",10,19.5369863510132
"2010-10-15 22:00:00",0.952344477176666,"off_peak",3,2.85703343153
"2010-10-15 23:00:00",0.550234436988831,"off_peak",3,1.65070331096649
"2010-10-16 00:00:00",0.500442743301392,"off_peak",3,1.50132822990417
"2010-10-16 01:00:00",0.409474909305573,"off_peak",3,1.22842472791672
"2010-10-16 02:00:00",0.375431388616562,"off_peak",3,1.12629416584969
"2010-10-16 03:00:00",0.519822955131531,"off_peak",3,1.55946886539459
"2010-10-16 04:00:00",0.566330432891846,"off_peak",3,1.69899129867554
"2010-10-16 05:00:00",0.498355209827423,"off_peak",3,1.49506562948227
"2010-10-16 06:00:00",0.846930503845215,"normal",6,5.08158302307129
"2010-10-16 07:00:00",1.86574494838715,"normal",6,11.1944696903229
"2010-10-16 08:00:00",1.90633571147919,"normal",6,11.4380142688751
"2010-10-16 09:00:00",1.77772545814514,"normal",6,10.6663527488708
"2010-10-16 10:00:00",1.24657046794891,"normal",6,7.47942280769348
"2010-10-16 11:00:00",1.7974967956543,"normal",6,10.7849807739258
"2010-10-16 12:00:00",1.35109555721283,"normal",6,8.10657334327698
"2010-10-16 13:00:00",0.987073540687561,"normal",6,5.92244124412537
"2010-10-16 14:00:00",0.652910351753235,"normal",6,3.91746211051941
"2010-10-16 15:00:00",0.879607677459717,"normal",6,5.2776460647583
"2010-10-16 16:00:00",0.572095811367035,"normal",6,3.43257486820221
"2010-10-16 17:00:00",0.577763259410858,"peak",10,5.77763259410858
"2010-10-16 18:00:00",0.888236045837402,"peak",10,8.88236045837402
"2010-10-16 19:00:00",1.12453866004944,"peak",10,11.2453866004944
"2010-10-16 20:00:00",0.888700664043427,"peak",10,8.88700664043427
"2010-10-16 21:00:00",1.40950965881348,"peak",10,14.0950965881348
"2010-10-16 22:00:00",0.898340046405792,"off_peak",3,2.69502013921738
"2010-10-16 23:00:00",0.692811727523804,"off_peak",3,2.07843518257141
"2010-10-17 00:00:00",0.438734799623489,"off_peak",3,1.31620439887047
"2010-10-17 01:00:00",0.430159360170364,"off_peak",3,1.29047808051109
"2010-10-17 02:00:00",0.403308033943176,"off_peak",3,1.20992410182953
"2010-10-17 03:00:00",0.518883764743805,"off_peak",3,1.55665129423141
"2010-10-17 04:00:00",0.383179634809494,"off_peak",3,1.14953890442848
"2010-10-17 05:00:00",0.52238917350769,"off_peak",3,1.56716752052307
"2010-10-17 06:00:00",0.636432111263275,"normal",6,3.81859266757965
"2010-10-17 07:00:00",1.25419569015503,"normal",6,7.52517414093018
"2010-10-17 08:00:00",0.696272909641266,"normal",6,4.1776374578476
"2010-10-17 09:00:00",0.56613552570343,"normal",6,3.39681315422058
"2010-10-17 10:00:00",0.675463318824768,"normal",6,4.05277991294861
"2010-10-17 11:00:00",0.492873966693878,"normal",6,2.95724380016327
"2010-10-17 12:00:00",0.469810605049133,"normal",6,2.8188636302948
"2010-10-17 13:00:00",0.504787504673004,"normal",6,3.02872502803802
"2010-10-17 14:00:00",0.688214898109436,"normal",6,4.12928938865662
"2010-10-17 15:00:00",0.809909224510193,"normal",6,4.85945534706116
"2010-10-17 16:00:00",0.599349021911621,"normal",6,3.59609413146973
"2010-10-17 17:00:00",0.999956130981445,"peak",10,9.99956130981445
"2010-10-17 18:00:00",1.09630990028381,"peak",10,10.9630990028381
"2010-10-17 19:00:00",1.46086966991425,"peak",10,14.6086966991425
"2010-10-17 20:00:00",2.54294109344482,"peak",10,25.4294109344482
"2010-10-17 21:00:00",2.49977707862854,"peak",10,24.9977707862854
"2010-10-17 22:00:00",1.5444051027298,"off_peak",3,4.63321530818939
"2010-10-17 23:00:00",0.74107950925827,"off_peak",3,2.22323852777481
"2010-10-18 00:00:00",0.536433637142181,"off_peak",3,1.60930091142654
"2010-10-18 01:00:00",0.479882389307022,"off_peak",3,1.43964716792107
"2010-10-18 02:00:00",0.449364185333252,"off_peak",3,1.34809255599976
"2010-10-18 03:00:00",0.368449777364731,"off_peak",3,1.10534933209419
"2010-10-18 04:00:00",0.419109910726547,"off_peak",3,1.25732973217964
"2010-10-18 05:00:00",0.622703611850739,"off_peak",3,1.86811083555222
"2010-10-18 06:00:00",0.938135802745819,"normal",6,5.62881481647491
"2010-10-18 07:00:00",2.04690027236938,"normal",6,12.2814016342163
"2010-10-18 08:00:00",1.7671914100647,"normal",6,10.6031484603882
"2010-10-18 09:00:00",1.79572379589081,"normal",6,10.7743427753448
"2010-10-18 10:00:00",2.53799510002136,"normal",6,15.2279706001282
"2010-10-18 11:00:00",2.03337121009827,"normal",6,12.2002272605896
"2010-10-18 12:00:00",2.12953805923462,"normal",6,12.7772283554077
"2010-10-18 13:00:00",2.34660220146179,"normal",6,14.0796132087708
"2010-10-18 14:00:00",2.37718462944031,"normal",6,14.2631077766418
"2010-10-18 15:00:00",1.586350440979,"normal",6,9.51810264587402
"2010-10-18 16:00:00",0.643782138824463,"normal",6,3.86269283294678
"2010-10-18 17:00:00",0.537392318248749,"peak",10,5.37392318248749
"2010-10-18 18:00:00",0.952806949615479,"peak",10,9.52806949615479
"2010-10-18 19:00:00",2.77660179138184,"peak",10,27.7660179138184
"2010-10-18 20:00:00",2.8332724571228,"peak",10,28.332724571228
"2010-10-18 21:00:00",2.06905794143677,"peak",10,20.6905794143677
"2010-10-18 22:00:00",1.67715466022491,"off_peak",3,5.03146398067474
"2010-10-18 23:00:00",1.11755871772766,"off_peak",3,3.35267615318298
"2010-10-19 00:00:00",1.04749715328217,"off_peak",3,3.1424914598465
"2010-10-19 01:00:00",0.833964645862579,"off_peak",3,2.50189393758774
"2010-10-19 02:00:00",0.273050457239151,"off_peak",3,0.819151371717453
"2010-10-19 03:00:00",0.245163917541504,"off_peak",3,0.735491752624512
"2010-10-19 04:00:00",0.236741662025452,"off_peak",3,0.710224986076355
"2010-10-19 05:00:00",0.404899060726166,"off_peak",3,1.2146971821785
"2010-10-19 06:00:00",0.968076527118683,"normal",6,5.8084591627121
"2010-10-19 07:00:00",2.14439344406128,"normal",6,12.8663606643677
"2010-10-19 08:00:00",1.688596367836,"normal",6,10.131578207016
"2010-10-19 09:00:00",1.59094071388245,"normal",6,9.54564428329468
"2010-10-19 10:00:00",1.48239994049072,"normal",6,8.89439964294434
"2010-10-19 11:00:00",0.755622863769531,"normal",6,4.53373718261719
"2010-10-19 12:00:00",1.72306764125824,"normal",6,10.3384058475494
"2010-10-19 13:00:00",1.00453901290894,"normal",6,6.02723407745361
"2010-10-19 14:00:00",0.440956503152847,"normal",6,2.64573901891708
"2010-10-19 15:00:00",0.456422865390778,"normal",6,2.73853719234467
"2010-10-19 16:00:00",0.461538732051849,"normal",6,2.7692323923111
"2010-10-19 17:00:00",0.595758438110352,"peak",10,5.95758438110352
"2010-10-19 18:00:00",1.75824868679047,"peak",10,17.5824868679047
"2010-10-19 19:00:00",2.98083186149597,"peak",10,29.8083186149597
"2010-10-19 20:00:00",2.50799608230591,"peak",10,25.0799608230591
"2010-10-19 21:00:00",2.23699975013733,"peak",10,22.3699975013733
"2010-10-19 22:00:00",1.51316201686859,"off_peak",3,4.53948605060577
"2010-10-19 23:00:00",0.687627792358398,"off_peak",3,2.0628833770752
"2010-10-20 00:00:00",0.50062358379364,"off_peak",3,1.50187075138092
"2010-10-20 01:00:00",0.56919401884079,"off_peak",3,1.70758205652237
"2010-10-20 02:00:00",0.426092773675919,"off_peak",3,1.27827832102776
"2010-10-20 03:00:00",0.342341810464859,"off_peak",3,1.02702543139458
"2010-10-20 04:00:00",0.529238760471344,"off_peak",3,1.58771628141403
"2010-10-20 05:00:00",0.394069880247116,"off_peak",3,1.18220964074135
"2010-10-20 06:00:00",0.984593331813812,"normal",6,5.90755999088287
"2010-10-20 07:00:00",2.24345707893372,"normal",6,13.4607424736023
"2010-10-20 08:00:00",2.11674976348877,"normal",6,12.7004985809326
"2010-10-20 09:00:00",1.6712212562561,"normal",6,10.0273275375366
"2010-10-20 10:00:00",1.64158666133881,"normal",6,9.84951996803284
"2010-10-20 11:00:00",1.60491287708282,"normal",6,9.62947726249695
"2010-10-20 12:00:00",1.7665628194809,"normal",6,10.5993769168854
"2010-10-20 13:00:00",1.22719240188599,"normal",6,7.36315441131592
"2010-10-20 14:00:00",0.486872881650925,"normal",6,2.92123728990555
"2010-10-20 15:00:00",0.718011677265167,"normal",6,4.308070063591
"2010-10-20 16:00:00",0.781737565994263,"normal",6,4.69042539596558
"2010-10-20 17:00:00",0.541342437267303,"peak",10,5.41342437267303
"2010-10-20 18:00:00",0.740540146827698,"peak",10,7.40540146827698
"2010-10-20 19:00:00",2.28468370437622,"peak",10,22.8468370437622
"2010-10-20 20:00:00",2.53869557380676,"peak",10,25.3869557380676
"2010-10-20 21:00:00",2.29060912132263,"peak",10,22.9060912132263
"2010-10-20 22:00:00",1.36085999011993,"off_peak",3,4.0825799703598
"2010-10-20 23:00:00",0.817317306995392,"off_peak",3,2.45195192098618
"2010-10-21 00:00:00",0.525700151920319,"off_peak",3,1.57710045576096
"2010-10-21 01:00:00",0.439752370119095,"off_peak",3,1.31925711035728
"2010-10-21 02:00:00",0.505176723003387,"off_peak",3,1.51553016901016
"2010-10-21 03:00:00",0.451127082109451,"off_peak",3,1.35338124632835
"2010-10-21 04:00:00",0.396968841552734,"off_peak",3,1.1909065246582
"2010-10-21 05:00:00",0.424276560544968,"off_peak",3,1.2728296816349
"2010-10-21 06:00:00",0.97183084487915,"normal",6,5.8309850692749
"2010-10-21 07:00:00",2.60771918296814,"normal",6,15.6463150978088
"2010-10-21 08:00:00",1.93755888938904,"normal",6,11.6253533363342
"2010-10-21 09:00:00",1.26121211051941,"normal",6,7.56727266311646
"2010-10-21 10:00:00",0.595289468765259,"normal",6,3.57173681259155
"2010-10-21 11:00:00",0.576913118362427,"normal",6,3.46147871017456
"2010-10-21 12:00:00",0.800898790359497,"normal",6,4.80539274215698
"2010-10-21 13:00:00",0.936035871505737,"normal",6,5.61621522903442
"2010-10-21 14:00:00",0.691446721553802,"normal",6,4.14868032932281
"2010-10-21 15:00:00",0.728810906410217,"normal",6,4.3728654384613
"2010-10-21 16:00:00",0.554292857646942,"normal",6,3.32575714588165
"2010-10-21 17:00:00",0.794734418392181,"peak",10,7.94734418392181
"2010-10-21 18:00:00",0.847921192646027,"peak",10,8.47921192646027
"2010-10-21 19:00:00",2.1053032875061,"peak",10,21.053032875061
"2010-10-21 20:00:00",2.37329912185669,"peak",10,23.7329912185669
"2010-10-21 21:00:00",2.29510521888733,"peak",10,22.9510521888733
"2010-10-21 22:00:00",1.38339579105377,"off_peak",3,4.15018737316132
"2010-10-21 23:00:00",0.80280739068985,"off_peak",3,2.40842217206955
"2010-10-22 00:00:00",0.504324316978455,"off_peak",3,1.51297295093536
"2010-10-22 01:00:00",0.44193109869957,"off_peak",3,1.32579329609871
"2010-10-22 02:00:00",0.529905259609222,"off_peak",3,1.58971577882767
"2010-10-22 03:00:00",0.502664089202881,"off_peak",3,1.50799226760864
"2010-10-22 04:00:00",0.485930114984512,"off_peak",3,1.45779034495354
"2010-10-22 05:00:00",0.551007926464081,"off_peak",3,1.65302377939224
"2010-10-22 06:00:00",1.07006180286407,"normal",6,6.42037081718445
"2010-10-22 07:00:00",2.58471298217773,"normal",6,15.5082778930664
"2010-10-22 08:00:00",1.89657008647919,"normal",6,11.3794205188751
"2010-10-22 09:00:00",1.52714848518372,"normal",6,9.16289091110229
"2010-10-22 10:00:00",1.55154204368591,"normal",6,9.30925226211548
"2010-10-22 11:00:00",1.35803627967834,"normal",6,8.14821767807007
"2010-10-22 12:00:00",1.32843613624573,"normal",6,7.97061681747437
"2010-10-22 13:00:00",1.63693225383759,"normal",6,9.82159352302551
"2010-10-22 14:00:00",1.28496587276459,"normal",6,7.70979523658752
"2010-10-22 15:00:00",1.16755449771881,"normal",6,7.00532698631287
"2010-10-22 16:00:00",0.584229052066803,"normal",6,3.50537431240082
"2010-10-22 17:00:00",0.960314989089966,"peak",10,9.60314989089966
"2010-10-22 18:00:00",1.24078798294067,"peak",10,12.4078798294067
"2010-10-22 19:00:00",1.73088073730469,"peak",10,17.3088073730469
"2010-10-22 20:00:00",1.84506177902222,"peak",10,18.4506177902222
"2010-10-22 21:00:00",1.6456298828125,"peak",10,16.456298828125
"2010-10-22 22:00:00",1.46124768257141,"off_peak",3,4.38374304771423
"2010-10-22 23:00:00",0.482709854841232,"off_peak",3,1.4481295645237
"2010-10-23 00:00:00",0.382702767848969,"off_peak",3,1.14810830354691
"2010-10-23 01:00:00",1.14377081394196,"off_peak",3,3.43131244182587
"2010-10-23 02:00:00",0.418399900197983,"off_peak",3,1.25519970059395
"2010-10-23 03:00:00",0.478794068098068,"off_peak",3,1.4363822042942
"2010-10-23 04:00:00",0.441277474164963,"off_peak",3,1.32383242249489
"2010-10-23 05:00:00",0.343579024076462,"off_peak",3,1.03073707222939
"2010-10-23 06:00:00",0.6335569024086,"normal",6,3.8013414144516
"2010-10-23 07:00:00",1.96862280368805,"normal",6,11.8117368221283
"2010-10-23 08:00:00",2.09405851364136,"normal",6,12.5643510818481
"2010-10-23 09:00:00",1.5582731962204,"normal",6,9.34963917732239
"2010-10-23 10:00:00",1.3286155462265,"normal",6,7.97169327735901
"2010-10-23 11:00:00",0.797671735286713,"normal",6,4.78603041172028
"2010-10-23 12:00:00",1.34180700778961,"normal",6,8.05084204673767
"2010-10-23 13:00:00",1.70787966251373,"normal",6,10.2472779750824
"2010-10-23 14:00:00",1.6790611743927,"normal",6,10.0743670463562
"2010-10-23 15:00:00",1.99724292755127,"normal",6,11.9834575653076
"2010-10-23 16:00:00",2.10197973251343,"normal",6,12.6118783950806
"2010-10-23 17:00:00",2.28634214401245,"peak",10,22.8634214401245
"2010-10-23 18:00:00",3.47486352920532,"peak",10,34.7486352920532
"2010-10-23 19:00:00",2.91221380233765,"peak",10,29.1221380233765
"2010-10-23 20:00:00",1.95225048065186,"peak",10,19.5225048065186
"2010-10-23 21:00:00",1.82166361808777,"peak",10,18.2166361808777
"2010-10-23 22:00:00",2.34387230873108,"off_peak",3,7.03161692619324
"2010-10-23 23:00:00",0.819262862205505,"off_peak",3,2.45778858661652
"2010-10-24 00:00:00",1.17410528659821,"off_peak",3,3.52231585979462
"2010-10-24 01:00:00",1.24077248573303,"off_peak",3,3.7223174571991
"2010-10-24 02:00:00",1.34660410881042,"off_peak",3,4.03981232643127
"2010-10-24 03:00:00",1.73695647716522,"off_peak",3,5.21086943149567
"2010-10-24 04:00:00",1.4736762046814,"off_peak",3,4.42102861404419
"2010-10-24 05:00:00",0.455856055021286,"off_peak",3,1.36756816506386
"2010-10-24 06:00:00",0.709901869297028,"normal",6,4.25941121578217
"2010-10-24 07:00:00",0.631768822669983,"normal",6,3.7906129360199
"2010-10-24 08:00:00",0.600489616394043,"normal",6,3.60293769836426
"2010-10-24 09:00:00",0.921205401420593,"normal",6,5.52723240852356
"2010-10-24 10:00:00",1.13359642028809,"normal",6,6.80157852172852
"2010-10-24 11:00:00",1.62048697471619,"normal",6,9.72292184829712
"2010-10-24 12:00:00",1.79186105728149,"normal",6,10.751166343689
"2010-10-24 13:00:00",2.26584935188293,"normal",6,13.5950961112976
"2010-10-24 14:00:00",2.16866779327393,"normal",6,13.0120067596436
"2010-10-24 15:00:00",2.04252004623413,"normal",6,12.2551202774048
"2010-10-24 16:00:00",1.49279856681824,"normal",6,8.95679140090942
"2010-10-24 17:00:00",1.33347809314728,"peak",10,13.3347809314728
"2010-10-24 18:00:00",2.42384171485901,"peak",10,24.2384171485901
"2010-10-24 19:00:00",2.84239029884338,"peak",10,28.4239029884338
"2010-10-24 20:00:00",2.55596661567688,"peak",10,25.5596661567688
"2010-10-24 21:00:00",1.88492453098297,"peak",10,18.8492453098297
"2010-10-24 22:00:00",0.877423644065857,"off_peak",3,2.63227093219757
"2010-10-24 23:00:00",1.12096273899078,"off_peak",3,3.36288821697235
"2010-10-25 00:00:00",0.905826449394226,"off_peak",3,2.71747934818268
"2010-10-25 01:00:00",0.462897390127182,"off_peak",3,1.38869217038155
"2010-10-25 02:00:00",0.520549416542053,"off_peak",3,1.56164824962616
"2010-10-25 03:00:00",0.388132721185684,"off_peak",3,1.16439816355705
"2010-10-25 04:00:00",0.358477592468262,"off_peak",3,1.07543277740479
"2010-10-25 05:00:00",0.403588593006134,"off_peak",3,1.2107657790184
"2010-10-25 06:00:00",0.90167361497879,"normal",6,5.41004168987274
"2010-10-25 07:00:00",1.69447267055511,"normal",6,10.1668360233307
"2010-10-25 08:00:00",1.73154783248901,"normal",6,10.3892869949341
"2010-10-25 09:00:00",1.71761345863342,"normal",6,10.3056807518005
"2010-10-25 10:00:00",1.43976926803589,"normal",6,8.63861560821533
"2010-10-25 11:00:00",1.52686774730682,"normal",6,9.16120648384094
"2010-10-25 12:00:00",0.720900595188141,"normal",6,4.32540357112885
"2010-10-25 13:00:00",0.512272119522095,"normal",6,3.07363271713257
"2010-10-25 14:00:00",0.460491538047791,"normal",6,2.76294922828674
"2010-10-25 15:00:00",0.431795001029968,"normal",6,2.59077000617981
"2010-10-25 16:00:00",0.566300392150879,"normal",6,3.39780235290527
"2010-10-25 17:00:00",0.781441211700439,"peak",10,7.81441211700439
"2010-10-25 18:00:00",0.758478105068207,"peak",10,7.58478105068207
"2010-10-25 19:00:00",1.26759445667267,"peak",10,12.6759445667267
"2010-10-25 20:00:00",1.97397482395172,"peak",10,19.7397482395172
"2010-10-25 21:00:00",1.65725934505463,"peak",10,16.5725934505463
"2010-10-25 22:00:00",0.863041698932648,"off_peak",3,2.58912509679794
"2010-10-25 23:00:00",0.985560894012451,"off_peak",3,2.95668268203735
"2010-10-26 00:00:00",0.717621088027954,"off_peak",3,2.15286326408386
"2010-10-26 01:00:00",0.55920934677124,"off_peak",3,1.67762804031372
"2010-10-26 02:00:00",0.367796868085861,"off_peak",3,1.10339060425758
"2010-10-26 03:00:00",0.667999267578125,"off_peak",3,2.00399780273438
"2010-10-26 04:00:00",0.411229968070984,"off_peak",3,1.23368990421295
"2010-10-26 05:00:00",0.512865543365479,"off_peak",3,1.53859663009644
"2010-10-26 06:00:00",0.852381885051727,"normal",6,5.11429131031036
"2010-10-26 07:00:00",0.908718407154083,"normal",6,5.4523104429245
"2010-10-26 08:00:00",1.65548503398895,"normal",6,9.93291020393372
"2010-10-26 09:00:00",1.12815511226654,"normal",6,6.76893067359924
"2010-10-26 10:00:00",1.17710363864899,"normal",6,7.06262183189392
"2010-10-26 11:00:00",1.06906974315643,"normal",6,6.4144184589386
"2010-10-26 12:00:00",2.35993385314941,"normal",6,14.1596031188965
"2010-10-26 13:00:00",0.851115465164185,"normal",6,5.10669279098511
"2010-10-26 14:00:00",0.58910608291626,"normal",6,3.53463649749756
"2010-10-26 15:00:00",0.402160972356796,"normal",6,2.41296583414078
"2010-10-26 16:00:00",0.437958538532257,"normal",6,2.62775123119354
"2010-10-26 17:00:00",0.601511359214783,"peak",10,6.01511359214783
"2010-10-26 18:00:00",1.29475545883179,"peak",10,12.9475545883179
"2010-10-26 19:00:00",0.88359934091568,"peak",10,8.8359934091568
"2010-10-26 20:00:00",0.804330825805664,"peak",10,8.04330825805664
"2010-10-26 21:00:00",1.58498787879944,"peak",10,15.8498787879944
"2010-10-26 22:00:00",0.796760320663452,"off_peak",3,2.39028096199036
"2010-10-26 23:00:00",0.967085003852844,"off_peak",3,2.90125501155853
"2010-10-27 00:00:00",0.671458303928375,"off_peak",3,2.01437491178513
"2010-10-27 01:00:00",0.532689094543457,"off_peak",3,1.59806728363037
"2010-10-27 02:00:00",0.748288869857788,"off_peak",3,2.24486660957336
"2010-10-27 03:00:00",0.734447538852692,"off_peak",3,2.20334261655807
"2010-10-27 04:00:00",0.441021353006363,"off_peak",3,1.32306405901909
"2010-10-27 05:00:00",0.368203043937683,"off_peak",3,1.10460913181305
"2010-10-27 06:00:00",0.600488305091858,"normal",6,3.60292983055115
"2010-10-27 07:00:00",0.89702832698822,"normal",6,5.38216996192932
"2010-10-27 08:00:00",1.715860247612,"normal",6,10.295161485672
"2010-10-27 09:00:00",1.69051933288574,"normal",6,10.1431159973145
"2010-10-27 10:00:00",1.512531042099,"normal",6,9.07518625259399
"2010-10-27 11:00:00",1.69396567344666,"normal",6,10.1637940406799
"2010-10-27 12:00:00",1.94402933120728,"normal",6,11.6641759872437
"2010-10-27 13:00:00",0.486556172370911,"normal",6,2.91933703422546
"2010-10-27 14:00:00",0.751753270626068,"normal",6,4.51051962375641
"2010-10-27 15:00:00",0.71331262588501,"normal",6,4.27987575531006
"2010-10-27 16:00:00",0.600212037563324,"normal",6,3.60127222537994
"2010-10-27 17:00:00",0.837119817733765,"peak",10,8.37119817733765
"2010-10-27 18:00:00",0.94826352596283,"peak",10,9.4826352596283
"2010-10-27 19:00:00",1.43130004405975,"peak",10,14.3130004405975
"2010-10-27 20:00:00",1.51589226722717,"peak",10,15.1589226722717
"2010-10-27 21:00:00",1.37762689590454,"peak",10,13.7762689590454
"2010-10-27 22:00:00",0.883032977581024,"off_peak",3,2.64909893274307
"2010-10-27 23:00:00",0.747833669185638,"off_peak",3,2.24350100755692
"2010-10-28 00:00:00",0.450314164161682,"off_peak",3,1.35094249248505
"2010-10-28 01:00:00",0.997831702232361,"off_peak",3,2.99349510669708
"2010-10-28 02:00:00",0.518653512001038,"off_peak",3,1.55596053600311
"2010-10-28 03:00:00",0.416267782449722,"off_peak",3,1.24880334734917
"2010-10-28 04:00:00",0.394215703010559,"off_peak",3,1.18264710903168
"2010-10-28 05:00:00",0.571819722652435,"off_peak",3,1.71545916795731
"2010-10-28 06:00:00",0.734111845493317,"normal",6,4.4046710729599
"2010-10-28 07:00:00",1.01512944698334,"normal",6,6.09077668190002
"2010-10-28 08:00:00",1.31118822097778,"normal",6,7.8671293258667
"2010-10-28 09:00:00",1.00202083587646,"normal",6,6.01212501525879
"2010-10-28 10:00:00",1.65094029903412,"normal",6,9.90564179420471
"2010-10-28 11:00:00",1.23867499828339,"normal",6,7.43204998970032
"2010-10-28 12:00:00",0.493634462356567,"normal",6,2.9618067741394
"2010-10-28 13:00:00",0.59671413898468,"normal",6,3.58028483390808
"2010-10-28 14:00:00",0.61435455083847,"normal",6,3.68612730503082
"2010-10-28 15:00:00",1.19282686710358,"normal",6,7.15696120262146
"2010-10-28 16:00:00",1.83004081249237,"normal",6,10.9802448749542
"2010-10-28 17:00:00",1.81975257396698,"peak",10,18.1975257396698
"2010-10-28 18:00:00",1.92180216312408,"peak",10,19.2180216312408
"2010-10-28 19:00:00",1.41333067417145,"peak",10,14.1333067417145
"2010-10-28 20:00:00",2.3079514503479,"peak",10,23.079514503479
"2010-10-28 21:00:00",0.702928960323334,"peak",10,7.02928960323334
"2010-10-28 22:00:00",0.534614205360413,"off_peak",3,1.60384261608124
"2010-10-28 23:00:00",0.732003629207611,"off_peak",3,2.19601088762283
"2010-10-29 00:00:00",0.576996207237244,"off_peak",3,1.73098862171173
"2010-10-29 01:00:00",0.568305492401123,"off_peak",3,1.70491647720337
"2010-10-29 02:00:00",0.54716944694519,"off_peak",3,1.64150834083557
"2010-10-29 03:00:00",0.549390077590942,"off_peak",3,1.64817023277283
"2010-10-29 04:00:00",0.391572177410126,"off_peak",3,1.17471653223038
"2010-10-29 05:00:00",0.427522569894791,"off_peak",3,1.28256770968437
"2010-10-29 06:00:00",0.882053136825562,"normal",6,5.29231882095337
"2010-10-29 07:00:00",1.33319461345673,"normal",6,7.99916768074036
"2010-10-29 08:00:00",0.696573972702026,"normal",6,4.17944383621216
"2010-10-29 09:00:00",0.863425076007843,"normal",6,5.18055045604706
"2010-10-29 10:00:00",1.50022971630096,"normal",6,9.00137829780579
"2010-10-29 11:00:00",0.912382662296295,"normal",6,5.47429597377777
"2010-10-29 12:00:00",0.898642122745514,"normal",6,5.39185273647308
"2010-10-29 13:00:00",0.988770186901093,"normal",6,5.93262112140656
"2010-10-29 14:00:00",1.06534814834595,"normal",6,6.39208889007568
"2010-10-29 15:00:00",0.775162577629089,"normal",6,4.65097546577454
"2010-10-29 16:00:00",1.20644545555115,"normal",6,7.23867273330688
"2010-10-29 17:00:00",0.654467642307281,"peak",10,6.54467642307281
"2010-10-29 18:00:00",0.898025989532471,"peak",10,8.98025989532471
"2010-10-29 19:00:00",1.54544544219971,"peak",10,15.4544544219971
"2010-10-29 20:00:00",1.40976464748383,"peak",10,14.0976464748383
"2010-10-29 21:00:00",1.39237856864929,"peak",10,13.9237856864929
"2010-10-29 22:00:00",1.42239189147949,"off_peak",3,4.26717567443848
"2010-10-29 23:00:00",0.500017940998077,"off_peak",3,1.50005382299423
"2010-10-30 00:00:00",0.954025864601135,"off_peak",3,2.86207759380341
"2010-10-30 01:00:00",1.2057284116745,"off_peak",3,3.6171852350235
"2010-10-30 02:00:00",0.785747647285461,"off_peak",3,2.35724294185638
"2010-10-30 03:00:00",0.504195392131805,"off_peak",3,1.51258617639542
"2010-10-30 04:00:00",0.540223240852356,"off_peak",3,1.62066972255707
"2010-10-30 05:00:00",0.385852932929993,"off_peak",3,1.15755879878998
"2010-10-30 06:00:00",0.467876195907593,"normal",6,2.80725717544556
"2010-10-30 07:00:00",0.577010810375214,"normal",6,3.46206486225128
"2010-10-30 08:00:00",1.25231719017029,"normal",6,7.51390314102173
"2010-10-30 09:00:00",1.12866866588593,"normal",6,6.77201199531555
"2010-10-30 10:00:00",0.76099818944931,"normal",6,4.56598913669586
"2010-10-30 11:00:00",0.963523387908936,"normal",6,5.78114032745361
"2010-10-30 12:00:00",2.39709663391113,"normal",6,14.3825798034668
"2010-10-30 13:00:00",1.03204369544983,"normal",6,6.19226217269897
"2010-10-30 14:00:00",1.29115676879883,"normal",6,7.74694061279297
"2010-10-30 15:00:00",1.78184986114502,"normal",6,10.6910991668701
"2010-10-30 16:00:00",1.65374362468719,"normal",6,9.92246174812317
"2010-10-30 17:00:00",1.88290739059448,"peak",10,18.8290739059448
"2010-10-30 18:00:00",1.84515464305878,"peak",10,18.4515464305878
"2010-10-30 19:00:00",2.52912950515747,"peak",10,25.2912950515747
"2010-10-30 20:00:00",2.38932418823242,"peak",10,23.8932418823242
"2010-10-30 21:00:00",2.19809222221375,"peak",10,21.9809222221375
"2010-10-30 22:00:00",2.10168266296387,"off_peak",3,6.3050479888916
"2010-10-30 23:00:00",2.01135849952698,"off_peak",3,6.03407549858093
"2010-10-31 00:00:00",1.76116788387299,"off_peak",3,5.28350365161896
"2010-10-31 01:00:00",1.38183116912842,"off_peak",3,4.14549350738525
"2010-10-31 02:00:00",1.58434689044952,"off_peak",3,4.75304067134857
"2010-10-31 03:00:00",1.56417191028595,"off_peak",3,4.69251573085785
"2010-10-31 04:00:00",1.62443506717682,"off_peak",3,4.87330520153046
"2010-10-31 05:00:00",1.54071474075317,"off_peak",3,4.62214422225952
"2010-10-31 06:00:00",2.10499143600464,"normal",6,12.6299486160278
"2010-10-31 07:00:00",1.63517332077026,"normal",6,9.81103992462158
"2010-10-31 08:00:00",0.677334845066071,"normal",6,4.06400907039642
"2010-10-31 09:00:00",0.594526171684265,"normal",6,3.56715703010559
"2010-10-31 10:00:00",0.825614750385284,"normal",6,4.95368850231171
"2010-10-31 11:00:00",1.10004329681396,"normal",6,6.60025978088379
"2010-10-31 12:00:00",0.736409783363342,"normal",6,4.41845870018005
"2010-10-31 13:00:00",0.880757868289948,"normal",6,5.28454720973969
"2010-10-31 14:00:00",1.54797220230103,"normal",6,9.28783321380615
"2010-10-31 15:00:00",1.64202392101288,"normal",6,9.85214352607727
"2010-10-31 16:00:00",1.00888073444366,"normal",6,6.05328440666199
"2010-10-31 17:00:00",0.96461683511734,"peak",10,9.6461683511734
"2010-10-31 18:00:00",1.25507402420044,"peak",10,12.5507402420044
"2010-10-31 19:00:00",0.701387166976929,"peak",10,7.01387166976929
"2010-10-31 20:00:00",0.674133777618408,"peak",10,6.74133777618408
"2010-10-31 21:00:00",0.850747644901276,"peak",10,8.50747644901276
"2010-10-31 22:00:00",1.48835062980652,"off_peak",3,4.46505188941956
"2010-10-31 23:00:00",0.972244262695312,"off_peak",3,2.91673278808594
"2010-11-01 00:00:00",1.09180557727814,"off_peak",3,3.27541673183441
"2010-11-01 01:00:00",0.753665566444397,"off_peak",3,2.26099669933319
"2010-11-01 02:00:00",1.29761004447937,"off_peak",3,3.89283013343811
"2010-11-01 03:00:00",0.97822779417038,"off_peak",3,2.93468338251114
"2010-11-01 04:00:00",0.838889896869659,"off_peak",3,2.51666969060898
"2010-11-01 05:00:00",0.396165579557419,"off_peak",3,1.18849673867226
"2010-11-01 06:00:00",0.629269063472748,"normal",6,3.77561438083649
"2010-11-01 07:00:00",0.972651183605194,"normal",6,5.83590710163116
"2010-11-01 08:00:00",0.755219638347626,"normal",6,4.53131783008575
"2010-11-01 09:00:00",0.512579262256622,"normal",6,3.07547557353973
"2010-11-01 10:00:00",1.05267763137817,"normal",6,6.31606578826904
"2010-11-01 11:00:00",0.95629096031189,"normal",6,5.73774576187134
"2010-11-01 12:00:00",0.652833759784698,"normal",6,3.91700255870819
"2010-11-01 13:00:00",0.954860627651215,"normal",6,5.72916376590729
"2010-11-01 14:00:00",1.70234632492065,"normal",6,10.2140779495239
"2010-11-01 15:00:00",1.21869921684265,"normal",6,7.31219530105591
"2010-11-01 16:00:00",1.28215527534485,"normal",6,7.69293165206909
"2010-11-01 17:00:00",1.52480924129486,"peak",10,15.2480924129486
"2010-11-01 18:00:00",1.41663324832916,"peak",10,14.1663324832916
"2010-11-01 19:00:00",0.86256355047226,"peak",10,8.6256355047226
"2010-11-01 20:00:00",0.408173143863678,"peak",10,4.08173143863678
"2010-11-01 21:00:00",0.914702415466309,"peak",10,9.14702415466309
"2010-11-01 22:00:00",1.19849324226379,"off_peak",3,3.59547972679138
"2010-11-01 23:00:00",0.911249399185181,"off_peak",3,2.73374819755554
"2010-11-02 00:00:00",0.972177088260651,"off_peak",3,2.91653126478195
"2010-11-02 01:00:00",0.97291773557663,"off_peak",3,2.91875320672989
"2010-11-02 02:00:00",0.896109879016876,"off_peak",3,2.68832963705063
"2010-11-02 03:00:00",0.45129206776619,"off_peak",3,1.35387620329857
"2010-11-02 04:00:00",0.450219541788101,"off_peak",3,1.3506586253643
"2010-11-02 05:00:00",1.41126954555511,"off_peak",3,4.23380863666534
"2010-11-02 06:00:00",0.627106249332428,"normal",6,3.76263749599457
"2010-11-02 07:00:00",0.714529931545258,"normal",6,4.28717958927155
"2010-11-02 08:00:00",0.858030319213867,"normal",6,5.1481819152832
"2010-11-02 09:00:00",0.948398411273956,"normal",6,5.69039046764374
"2010-11-02 10:00:00",1.29583752155304,"normal",6,7.77502512931824
"2010-11-02 11:00:00",1.35105192661285,"normal",6,8.10631155967712
"2010-11-02 12:00:00",0.841312110424042,"normal",6,5.04787266254425
"2010-11-02 13:00:00",0.566093146800995,"normal",6,3.39655888080597
"2010-11-02 14:00:00",0.540221154689789,"normal",6,3.24132692813873
"2010-11-02 15:00:00",0.483544379472733,"normal",6,2.9012662768364
"2010-11-02 16:00:00",0.617585003376007,"normal",6,3.70551002025604
"2010-11-02 17:00:00",0.715444147586823,"peak",10,7.15444147586823
"2010-11-02 18:00:00",0.669095158576965,"peak",10,6.69095158576965
"2010-11-02 19:00:00",1.3195424079895,"peak",10,13.195424079895
"2010-11-02 20:00:00",1.27748644351959,"peak",10,12.7748644351959
"2010-11-02 21:00:00",1.29818832874298,"peak",10,12.9818832874298
"2010-11-02 22:00:00",1.07257521152496,"off_peak",3,3.21772563457489
"2010-11-02 23:00:00",0.954802632331848,"off_peak",3,2.86440789699554
"2010-11-03 00:00:00",1.20069181919098,"off_peak",3,3.60207545757294
"2010-11-03 01:00:00",0.533808588981628,"off_peak",3,1.60142576694489
"2010-11-03 02:00:00",0.571639597415924,"off_peak",3,1.71491879224777
"2010-11-03 03:00:00",0.664174735546112,"off_peak",3,1.99252420663834
"2010-11-03 04:00:00",0.449359744787216,"off_peak",3,1.34807923436165
"2010-11-03 05:00:00",0.440419316291809,"off_peak",3,1.32125794887543
"2010-11-03 06:00:00",0.767973899841309,"normal",6,4.60784339904785
"2010-11-03 07:00:00",1.17309749126434,"normal",6,7.03858494758606
"2010-11-03 08:00:00",1.1729542016983,"normal",6,7.03772521018982
"2010-11-03 09:00:00",1.69545102119446,"normal",6,10.1727061271667
"2010-11-03 10:00:00",1.70001792907715,"normal",6,10.2001075744629
"2010-11-03 11:00:00",0.956701517105103,"normal",6,5.74020910263062
"2010-11-03 12:00:00",0.539755165576935,"normal",6,3.23853099346161
"2010-11-03 13:00:00",0.50021630525589,"normal",6,3.00129783153534
"2010-11-03 14:00:00",0.656139731407166,"normal",6,3.93683838844299
"2010-11-03 15:00:00",0.438057124614716,"normal",6,2.62834274768829
"2010-11-03 16:00:00",0.563552498817444,"normal",6,3.38131499290466
"2010-11-03 17:00:00",0.680492043495178,"peak",10,6.80492043495178
"2010-11-03 18:00:00",0.965718448162079,"peak",10,9.65718448162079
"2010-11-03 19:00:00",1.08415842056274,"peak",10,10.8415842056274
"2010-11-03 20:00:00",1.30116295814514,"peak",10,13.0116295814514
"2010-11-03 21:00:00",1.61777544021606,"peak",10,16.1777544021606
"2010-11-03 22:00:00",1.6027512550354,"off_peak",3,4.8082537651062
"2010-11-03 23:00:00",0.548873126506805,"off_peak",3,1.64661937952042
"2010-11-04 00:00:00",0.400530427694321,"off_peak",3,1.20159128308296
"2010-11-04 01:00:00",0.536075234413147,"off_peak",3,1.60822570323944
"2010-11-04 02:00:00",0.431870967149734,"off_peak",3,1.2956129014492
"2010-11-04 03:00:00",0.570248544216156,"off_peak",3,1.71074563264847
"2010-11-04 04:00:00",0.424496054649353,"off_peak",3,1.27348816394806
"2010-11-04 05:00:00",0.559537172317505,"off_peak",3,1.67861151695251
"2010-11-04 06:00:00",0.705968737602234,"normal",6,4.2358124256134
"2010-11-04 07:00:00",1.15687799453735,"normal",6,6.94126796722412
"2010-11-04 08:00:00",1.78815007209778,"normal",6,10.7289004325867
"2010-11-04 09:00:00",2.80859065055847,"normal",6,16.8515439033508
"2010-11-04 10:00:00",1.88235700130463,"normal",6,11.2941420078278
"2010-11-04 11:00:00",2.69703245162964,"normal",6,16.1821947097778
"2010-11-04 12:00:00",2.45836091041565,"normal",6,14.7501654624939
"2010-11-04 13:00:00",1.97940146923065,"normal",6,11.8764088153839
"2010-11-04 14:00:00",1.77161777019501,"normal",6,10.62970662117
"2010-11-04 15:00:00",1.22697579860687,"normal",6,7.36185479164124
"2010-11-04 16:00:00",0.909748375415802,"normal",6,5.45849025249481
"2010-11-04 17:00:00",0.920003175735474,"peak",10,9.20003175735474
"2010-11-04 18:00:00",0.964514255523682,"peak",10,9.64514255523682
"2010-11-04 19:00:00",1.95268750190735,"peak",10,19.5268750190735
"2010-11-04 20:00:00",3.09384179115295,"peak",10,30.9384179115295
"2010-11-04 21:00:00",2.83747124671936,"peak",10,28.3747124671936
"2010-11-04 22:00:00",1.62628722190857,"off_peak",3,4.87886166572571
"2010-11-04 23:00:00",1.08899533748627,"off_peak",3,3.2669860124588
"2010-11-05 00:00:00",0.4535071849823,"off_peak",3,1.3605215549469
"2010-11-05 01:00:00",0.477920919656754,"off_peak",3,1.43376275897026
"2010-11-05 02:00:00",0.376658856868744,"off_peak",3,1.12997657060623
"2010-11-05 03:00:00",0.417982250452042,"off_peak",3,1.25394675135612
"2010-11-05 04:00:00",0.561604857444763,"off_peak",3,1.68481457233429
"2010-11-05 05:00:00",0.634996891021729,"off_peak",3,1.90499067306519
"2010-11-05 06:00:00",0.898517072200775,"normal",6,5.39110243320465
"2010-11-05 07:00:00",1.45266711711884,"normal",6,8.71600270271301
"2010-11-05 08:00:00",2.06954526901245,"normal",6,12.4172716140747
"2010-11-05 09:00:00",1.62034606933594,"normal",6,9.72207641601562
"2010-11-05 10:00:00",1.50842583179474,"normal",6,9.05055499076843
"2010-11-05 11:00:00",1.36168992519379,"normal",6,8.17013955116272
"2010-11-05 12:00:00",1.32698786258698,"normal",6,7.96192717552185
"2010-11-05 13:00:00",1.53639101982117,"normal",6,9.218346118927
"2010-11-05 14:00:00",1.46034967899323,"normal",6,8.76209807395935
"2010-11-05 15:00:00",1.32743716239929,"normal",6,7.96462297439575
"2010-11-05 16:00:00",1.30996239185333,"normal",6,7.85977435112
"2010-11-05 17:00:00",0.854561984539032,"peak",10,8.54561984539032
"2010-11-05 18:00:00",1.09613263607025,"peak",10,10.9613263607025
"2010-11-05 19:00:00",1.68765020370483,"peak",10,16.8765020370483
"2010-11-05 20:00:00",1.9715428352356,"peak",10,19.715428352356
"2010-11-05 21:00:00",2.16324806213379,"peak",10,21.6324806213379
"2010-11-05 22:00:00",1.37810218334198,"off_peak",3,4.13430655002594
"2010-11-05 23:00:00",0.714487612247467,"off_peak",3,2.1434628367424
"2010-11-06 00:00:00",0.378833115100861,"off_peak",3,1.13649934530258
"2010-11-06 01:00:00",0.415737897157669,"off_peak",3,1.24721369147301
"2010-11-06 02:00:00",0.640371859073639,"off_peak",3,1.92111557722092
"2010-11-06 03:00:00",0.430614680051804,"off_peak",3,1.29184404015541
"2010-11-06 04:00:00",0.396082520484924,"off_peak",3,1.18824756145477
"2010-11-06 05:00:00",0.42883238196373,"off_peak",3,1.28649714589119
"2010-11-06 06:00:00",0.780408501625061,"normal",6,4.68245100975037
"2010-11-06 07:00:00",1.23460626602173,"normal",6,7.40763759613037
"2010-11-06 08:00:00",1.90779542922974,"normal",6,11.4467725753784
"2010-11-06 09:00:00",1.81449139118195,"normal",6,10.8869483470917
"2010-11-06 10:00:00",1.48819482326508,"normal",6,8.92916893959045
"2010-11-06 11:00:00",1.32022440433502,"normal",6,7.92134642601013
"2010-11-06 12:00:00",2.14972686767578,"normal",6,12.8983612060547
"2010-11-06 13:00:00",1.90140926837921,"normal",6,11.4084556102753
"2010-11-06 14:00:00",1.32163047790527,"normal",6,7.92978286743164
"2010-11-06 15:00:00",0.66596508026123,"normal",6,3.99579048156738
"2010-11-06 16:00:00",1.72166001796722,"normal",6,10.3299601078033
"2010-11-06 17:00:00",1.7429279088974,"peak",10,17.429279088974
"2010-11-06 18:00:00",1.98108124732971,"peak",10,19.8108124732971
"2010-11-06 19:00:00",2.56236433982849,"peak",10,25.6236433982849
"2010-11-06 20:00:00",2.15050411224365,"peak",10,21.5050411224365
"2010-11-06 21:00:00",1.66187858581543,"peak",10,16.6187858581543
"2010-11-06 22:00:00",1.11920893192291,"off_peak",3,3.35762679576874
"2010-11-06 23:00:00",0.768277704715729,"off_peak",3,2.30483311414719
"2010-11-07 00:00:00",0.516761779785156,"off_peak",3,1.55028533935547
"2010-11-07 01:00:00",0.537914931774139,"off_peak",3,1.61374479532242
"2010-11-07 02:00:00",0.418954581022263,"off_peak",3,1.25686374306679
"2010-11-07 03:00:00",0.455153942108154,"off_peak",3,1.36546182632446
"2010-11-07 04:00:00",0.526485025882721,"off_peak",3,1.57945507764816
"2010-11-07 05:00:00",0.764425694942474,"off_peak",3,2.29327708482742
"2010-11-07 06:00:00",0.680291891098022,"normal",6,4.08175134658813
"2010-11-07 07:00:00",0.971328794956207,"normal",6,5.82797276973724
"2010-11-07 08:00:00",1.41704905033112,"normal",6,8.50229430198669
"2010-11-07 09:00:00",1.1793417930603,"normal",6,7.07605075836182
"2010-11-07 10:00:00",1.60136139392853,"normal",6,9.60816836357117
"2010-11-07 11:00:00",1.84651005268097,"normal",6,11.0790603160858
"2010-11-07 12:00:00",1.9194837808609,"normal",6,11.5169026851654
"2010-11-07 13:00:00",1.87424325942993,"normal",6,11.2454595565796
"2010-11-07 14:00:00",1.19188213348389,"normal",6,7.15129280090332
"2010-11-07 15:00:00",1.442498087883,"normal",6,8.65498852729797
"2010-11-07 16:00:00",1.67222142219543,"normal",6,10.0333285331726
"2010-11-07 17:00:00",1.31652247905731,"peak",10,13.1652247905731
"2010-11-07 18:00:00",1.51987993717194,"peak",10,15.1987993717194
"2010-11-07 19:00:00",2.29753232002258,"peak",10,22.9753232002258
"2010-11-07 20:00:00",2.11116361618042,"peak",10,21.1116361618042
"2010-11-07 21:00:00",1.90773487091064,"peak",10,19.0773487091064
"2010-11-07 22:00:00",1.40955746173859,"off_peak",3,4.22867238521576
"2010-11-07 23:00:00",0.683445513248444,"off_peak",3,2.05033653974533
"2010-11-08 00:00:00",0.359194755554199,"off_peak",3,1.0775842666626
"2010-11-08 01:00:00",0.352126747369766,"off_peak",3,1.0563802421093
"2010-11-08 02:00:00",0.505556285381317,"off_peak",3,1.51666885614395
"2010-11-08 03:00:00",0.465740889310837,"off_peak",3,1.39722266793251
"2010-11-08 04:00:00",0.498014628887177,"off_peak",3,1.49404388666153
"2010-11-08 05:00:00",0.424092799425125,"off_peak",3,1.27227839827538
"2010-11-08 06:00:00",0.867280066013336,"normal",6,5.20368039608002
"2010-11-08 07:00:00",1.50411033630371,"normal",6,9.02466201782227
"2010-11-08 08:00:00",1.80328512191772,"normal",6,10.8197107315063
"2010-11-08 09:00:00",1.62135076522827,"normal",6,9.72810459136963
"2010-11-08 10:00:00",1.3964159488678,"normal",6,8.37849569320679
"2010-11-08 11:00:00",1.25125515460968,"normal",6,7.50753092765808
"2010-11-08 12:00:00",1.23558366298676,"normal",6,7.41350197792053
"2010-11-08 13:00:00",1.48835980892181,"normal",6,8.93015885353088
"2010-11-08 14:00:00",1.74190032482147,"normal",6,10.4514019489288
"2010-11-08 15:00:00",1.10653114318848,"normal",6,6.63918685913086
"2010-11-08 16:00:00",0.831357598304749,"normal",6,4.98814558982849
"2010-11-08 17:00:00",0.713712751865387,"peak",10,7.13712751865387
"2010-11-08 18:00:00",1.13710606098175,"peak",10,11.3710606098175
"2010-11-08 19:00:00",2.01037955284119,"peak",10,20.1037955284119
"2010-11-08 20:00:00",2.23398804664612,"peak",10,22.3398804664612
"2010-11-08 21:00:00",2.18335747718811,"peak",10,21.8335747718811
"2010-11-08 22:00:00",1.48303067684174,"off_peak",3,4.44909203052521
"2010-11-08 23:00:00",0.891447901725769,"off_peak",3,2.67434370517731
"2010-11-09 00:00:00",0.421455979347229,"off_peak",3,1.26436793804169
"2010-11-09 01:00:00",0.372999638319016,"off_peak",3,1.11899891495705
"2010-11-09 02:00:00",0.413913547992706,"off_peak",3,1.24174064397812
"2010-11-09 03:00:00",0.382162749767303,"off_peak",3,1.14648824930191
"2010-11-09 04:00:00",0.420916795730591,"off_peak",3,1.26275038719177
"2010-11-09 05:00:00",0.513129889965057,"off_peak",3,1.53938966989517
"2010-11-09 06:00:00",0.971095621585846,"normal",6,5.82657372951508
"2010-11-09 07:00:00",2.35916566848755,"normal",6,14.1549940109253
"2010-11-09 08:00:00",1.71748876571655,"normal",6,10.3049325942993
"2010-11-09 09:00:00",1.6542774438858,"normal",6,9.92566466331482
"2010-11-09 10:00:00",1.65759253501892,"normal",6,9.94555521011353
"2010-11-09 11:00:00",1.02418375015259,"normal",6,6.14510250091553
"2010-11-09 12:00:00",1.48601233959198,"normal",6,8.91607403755188
"2010-11-09 13:00:00",1.25335144996643,"normal",6,7.52010869979858
"2010-11-09 14:00:00",0.600909113883972,"normal",6,3.60545468330383
"2010-11-09 15:00:00",0.637327134609222,"normal",6,3.82396280765533
"2010-11-09 16:00:00",0.64112001657486,"normal",6,3.84672009944916
"2010-11-09 17:00:00",0.873423337936401,"peak",10,8.73423337936401
"2010-11-09 18:00:00",2.2841591835022,"peak",10,22.841591835022
"2010-11-09 19:00:00",2.47557950019836,"peak",10,24.7557950019836
"2010-11-09 20:00:00",2.24901103973389,"peak",10,22.4901103973389
"2010-11-09 21:00:00",2.49988651275635,"peak",10,24.9988651275635
"2010-11-09 22:00:00",1.5233519077301,"off_peak",3,4.57005572319031
"2010-11-09 23:00:00",1.24697458744049,"off_peak",3,3.74092376232147
"2010-11-10 00:00:00",0.568903267383575,"off_peak",3,1.70670980215073
"2010-11-10 01:00:00",0.4322789311409,"off_peak",3,1.2968367934227
"2010-11-10 02:00:00",0.381328493356705,"off_peak",3,1.14398548007011
"2010-11-10 03:00:00",0.393828421831131,"off_peak",3,1.18148526549339
"2010-11-10 04:00:00",0.377493977546692,"off_peak",3,1.13248193264008
"2010-11-10 05:00:00",0.386818170547485,"off_peak",3,1.16045451164246
"2010-11-10 06:00:00",0.901920676231384,"normal",6,5.41152405738831
"2010-11-10 07:00:00",1.63007211685181,"normal",6,9.78043270111084
"2010-11-10 08:00:00",2.03205156326294,"normal",6,12.1923093795776
"2010-11-10 09:00:00",1.88684105873108,"normal",6,11.3210463523865
"2010-11-10 10:00:00",1.60779893398285,"normal",6,9.64679360389709
"2010-11-10 11:00:00",2.35224080085754,"normal",6,14.1134448051453
"2010-11-10 12:00:00",2.41194415092468,"normal",6,14.4716649055481
"2010-11-10 13:00:00",1.39649474620819,"normal",6,8.37896847724915
"2010-11-10 14:00:00",2.24459671974182,"normal",6,13.4675803184509
"2010-11-10 15:00:00",1.7932516336441,"normal",6,10.7595098018646
"2010-11-10 16:00:00",1.54512524604797,"normal",6,9.27075147628784
"2010-11-10 17:00:00",1.64585971832275,"peak",10,16.4585971832275
"2010-11-10 18:00:00",1.526043176651,"peak",10,15.26043176651
"2010-11-10 19:00:00",1.99339699745178,"peak",10,19.9339699745178
"2010-11-10 20:00:00",1.35627412796021,"peak",10,13.5627412796021
"2010-11-10 21:00:00",0.931765913963318,"peak",10,9.31765913963318
"2010-11-10 22:00:00",0.836679339408875,"off_peak",3,2.51003801822662
"2010-11-10 23:00:00",0.600682497024536,"off_peak",3,1.80204749107361
"2010-11-11 00:00:00",0.550594449043274,"off_peak",3,1.65178334712982
"2010-11-11 01:00:00",0.621691703796387,"off_peak",3,1.86507511138916
"2010-11-11 02:00:00",0.449257254600525,"off_peak",3,1.34777176380157
"2010-11-11 03:00:00",0.406641244888306,"off_peak",3,1.21992373466492
"2010-11-11 04:00:00",0.43332850933075,"off_peak",3,1.29998552799225
"2010-11-11 05:00:00",0.415835320949554,"off_peak",3,1.24750596284866
"2010-11-11 06:00:00",0.975014328956604,"normal",6,5.85008597373962
"2010-11-11 07:00:00",2.33925223350525,"normal",6,14.0355134010315
"2010-11-11 08:00:00",1.63718032836914,"normal",6,9.82308197021484
"2010-11-11 09:00:00",1.18533134460449,"normal",6,7.11198806762695
"2010-11-11 10:00:00",1.5729478597641,"normal",6,9.43768715858459
"2010-11-11 11:00:00",1.87821841239929,"normal",6,11.2693104743958
"2010-11-11 12:00:00",2.27546739578247,"normal",6,13.6528043746948
"2010-11-11 13:00:00",1.78410458564758,"normal",6,10.7046275138855
"2010-11-11 14:00:00",1.11824071407318,"normal",6,6.70944428443909
"2010-11-11 15:00:00",1.5573616027832,"normal",6,9.34416961669922
"2010-11-11 16:00:00",2.14197182655334,"normal",6,12.8518309593201
"2010-11-11 17:00:00",2.30375242233276,"peak",10,23.0375242233276
"2010-11-11 18:00:00",2.39491987228394,"peak",10,23.9491987228394
"2010-11-11 19:00:00",1.85707247257233,"peak",10,18.5707247257233
"2010-11-11 20:00:00",2.1766996383667,"peak",10,21.766996383667
"2010-11-11 21:00:00",2.18095922470093,"peak",10,21.8095922470093
"2010-11-11 22:00:00",0.846458256244659,"off_peak",3,2.53937476873398
"2010-11-11 23:00:00",0.683353126049042,"off_peak",3,2.05005937814713
"2010-11-12 00:00:00",0.34195476770401,"off_peak",3,1.02586430311203
"2010-11-12 01:00:00",0.374032080173492,"off_peak",3,1.12209624052048
"2010-11-12 02:00:00",0.326249629259109,"off_peak",3,0.978748887777328
"2010-11-12 03:00:00",0.42624831199646,"off_peak",3,1.27874493598938
"2010-11-12 04:00:00",0.392375648021698,"off_peak",3,1.17712694406509
"2010-11-12 05:00:00",0.445403128862381,"off_peak",3,1.33620938658714
"2010-11-12 06:00:00",0.952613234519958,"normal",6,5.71567940711975
"2010-11-12 07:00:00",2.07572770118713,"normal",6,12.4543662071228
"2010-11-12 08:00:00",1.90701472759247,"normal",6,11.4420883655548
"2010-11-12 09:00:00",1.7928432226181,"normal",6,10.7570593357086
"2010-11-12 10:00:00",1.36816024780273,"normal",6,8.20896148681641
"2010-11-12 11:00:00",1.77646672725677,"normal",6,10.6588003635406
"2010-11-12 12:00:00",1.479283452034,"normal",6,8.87570071220398
"2010-11-12 13:00:00",1.41810381412506,"normal",6,8.50862288475037
"2010-11-12 14:00:00",0.747237265110016,"normal",6,4.4834235906601
"2010-11-12 15:00:00",1.16929841041565,"normal",6,7.0157904624939
"2010-11-12 16:00:00",1.5829039812088,"normal",6,9.49742388725281
"2010-11-12 17:00:00",1.45786774158478,"peak",10,14.5786774158478
"2010-11-12 18:00:00",2.38656973838806,"peak",10,23.8656973838806
"2010-11-12 19:00:00",2.3324875831604,"peak",10,23.324875831604
"2010-11-12 20:00:00",2.39416837692261,"peak",10,23.9416837692261
"2010-11-12 21:00:00",1.81275689601898,"peak",10,18.1275689601898
"2010-11-12 22:00:00",0.927904427051544,"off_peak",3,2.78371328115463
"2010-11-12 23:00:00",0.3466517329216,"off_peak",3,1.0399551987648
"2010-11-13 00:00:00",0.548878908157349,"off_peak",3,1.64663672447205
"2010-11-13 01:00:00",0.416333585977554,"off_peak",3,1.24900075793266
"2010-11-13 02:00:00",0.58062207698822,"off_peak",3,1.74186623096466
"2010-11-13 03:00:00",0.362730205059052,"off_peak",3,1.08819061517715
"2010-11-13 04:00:00",0.393851518630981,"off_peak",3,1.18155455589294
"2010-11-13 05:00:00",0.420993238687515,"off_peak",3,1.26297971606255
"2010-11-13 06:00:00",0.826653659343719,"normal",6,4.95992195606232
"2010-11-13 07:00:00",2.00030970573425,"normal",6,12.0018582344055
"2010-11-13 08:00:00",2.00376415252686,"normal",6,12.0225849151611
"2010-11-13 09:00:00",1.57898032665253,"normal",6,9.47388195991516
"2010-11-13 10:00:00",1.05497705936432,"normal",6,6.32986235618591
"2010-11-13 11:00:00",0.9345423579216,"normal",6,5.6072541475296
"2010-11-13 12:00:00",1.50230133533478,"normal",6,9.01380801200867
"2010-11-13 13:00:00",1.57572758197784,"normal",6,9.45436549186707
"2010-11-13 14:00:00",1.8856999874115,"normal",6,11.314199924469
"2010-11-13 15:00:00",2.08263278007507,"normal",6,12.4957966804504
"2010-11-13 16:00:00",2.18332862854004,"normal",6,13.0999717712402
"2010-11-13 17:00:00",3.30398774147034,"peak",10,33.0398774147034
"2010-11-13 18:00:00",3.0554347038269,"peak",10,30.554347038269
"2010-11-13 19:00:00",2.05716586112976,"peak",10,20.5716586112976
"2010-11-13 20:00:00",2.38277506828308,"peak",10,23.8277506828308
"2010-11-13 21:00:00",1.64792323112488,"peak",10,16.4792323112488
"2010-11-13 22:00:00",1.65611290931702,"off_peak",3,4.96833872795105
"2010-11-13 23:00:00",1.66652870178223,"off_peak",3,4.99958610534668
"2010-11-14 00:00:00",1.22394478321075,"off_peak",3,3.67183434963226
"2010-11-14 01:00:00",1.28320407867432,"off_peak",3,3.84961223602295
"2010-11-14 02:00:00",1.39642906188965,"off_peak",3,4.18928718566895
"2010-11-14 03:00:00",0.654906153678894,"off_peak",3,1.96471846103668
"2010-11-14 04:00:00",0.481850236654282,"off_peak",3,1.44555070996284
"2010-11-14 05:00:00",0.332486242055893,"off_peak",3,0.997458726167679
"2010-11-14 06:00:00",0.487915456295013,"normal",6,2.92749273777008
"2010-11-14 07:00:00",0.835539221763611,"normal",6,5.01323533058167
"2010-11-14 08:00:00",0.652701199054718,"normal",6,3.91620719432831
"2010-11-14 09:00:00",1.08722519874573,"normal",6,6.52335119247437
"2010-11-14 10:00:00",1.32233428955078,"normal",6,7.93400573730469
"2010-11-14 11:00:00",1.68317496776581,"normal",6,10.0990498065948
"2010-11-14 12:00:00",1.38988888263702,"normal",6,8.33933329582214
"2010-11-14 13:00:00",1.4901522397995,"normal",6,8.940913438797
"2010-11-14 14:00:00",1.40514123439789,"normal",6,8.43084740638733
"2010-11-14 15:00:00",1.83179414272308,"normal",6,10.9907648563385
"2010-11-14 16:00:00",3.07800674438477,"normal",6,18.4680404663086
"2010-11-14 17:00:00",3.11068415641785,"peak",10,31.1068415641785
"2010-11-14 18:00:00",3.06803703308105,"peak",10,30.6803703308105
"2010-11-14 19:00:00",2.8526029586792,"peak",10,28.526029586792
"2010-11-14 20:00:00",1.96660113334656,"peak",10,19.6660113334656
"2010-11-14 21:00:00",2.63592791557312,"peak",10,26.3592791557312
"2010-11-14 22:00:00",1.2918484210968,"off_peak",3,3.87554526329041
"2010-11-14 23:00:00",0.573878109455109,"off_peak",3,1.72163432836533
"2010-11-15 00:00:00",0.43581235408783,"off_peak",3,1.30743706226349
"2010-11-15 01:00:00",0.31487238407135,"off_peak",3,0.94461715221405
"2010-11-15 02:00:00",0.370057731866837,"off_peak",3,1.11017319560051
"2010-11-15 03:00:00",0.413309752941132,"off_peak",3,1.23992925882339
"2010-11-15 04:00:00",0.655600726604462,"off_peak",3,1.96680217981339
"2010-11-15 05:00:00",0.69611120223999,"off_peak",3,2.08833360671997
"2010-11-15 06:00:00",0.891030430793762,"normal",6,5.34618258476257
"2010-11-15 07:00:00",2.15806722640991,"normal",6,12.9484033584595
"2010-11-15 08:00:00",1.96614837646484,"normal",6,11.7968902587891
"2010-11-15 09:00:00",1.51238322257996,"normal",6,9.07429933547974
"2010-11-15 10:00:00",1.30694675445557,"normal",6,7.8416805267334
"2010-11-15 11:00:00",1.23230075836182,"normal",6,7.3938045501709
"2010-11-15 12:00:00",1.28172743320465,"normal",6,7.69036459922791
"2010-11-15 13:00:00",2.5438244342804,"normal",6,15.2629466056824
"2010-11-15 14:00:00",1.94777488708496,"normal",6,11.6866493225098
"2010-11-15 15:00:00",0.565066456794739,"normal",6,3.39039874076843
"2010-11-15 16:00:00",0.457262754440308,"normal",6,2.74357652664185
"2010-11-15 17:00:00",0.922431588172913,"peak",10,9.22431588172913
"2010-11-15 18:00:00",1.45425629615784,"peak",10,14.5425629615784
"2010-11-15 19:00:00",2.14571642875671,"peak",10,21.4571642875671
"2010-11-15 20:00:00",2.11923742294312,"peak",10,21.1923742294312
"2010-11-15 21:00:00",2.43358469009399,"peak",10,24.3358469009399
"2010-11-15 22:00:00",1.25233745574951,"off_peak",3,3.75701236724854
"2010-11-15 23:00:00",0.587238371372223,"off_peak",3,1.76171511411667
"2010-11-16 00:00:00",0.491464465856552,"off_peak",3,1.47439339756966
"2010-11-16 01:00:00",0.420998245477676,"off_peak",3,1.26299473643303
"2010-11-16 02:00:00",0.357297420501709,"off_peak",3,1.07189226150513
"2010-11-16 03:00:00",0.421394467353821,"off_peak",3,1.26418340206146
"2010-11-16 04:00:00",0.354389756917953,"off_peak",3,1.06316927075386
"2010-11-16 05:00:00",0.388038665056229,"off_peak",3,1.16411599516869
"2010-11-16 06:00:00",1.078040599823,"normal",6,6.46824359893799
"2010-11-16 07:00:00",2.48992562294006,"normal",6,14.9395537376404
"2010-11-16 08:00:00",1.95810329914093,"normal",6,11.7486197948456
"2010-11-16 09:00:00",1.60100436210632,"normal",6,9.60602617263794
"2010-11-16 10:00:00",1.44225597381592,"normal",6,8.65353584289551
"2010-11-16 11:00:00",1.45376348495483,"normal",6,8.722580909729
"2010-11-16 12:00:00",0.834286868572235,"normal",6,5.00572121143341
"2010-11-16 13:00:00",0.564968645572662,"normal",6,3.38981187343597
"2010-11-16 14:00:00",0.491710782051086,"normal",6,2.95026469230652
"2010-11-16 15:00:00",0.324968427419662,"normal",6,1.94981056451797
"2010-11-16 16:00:00",0.379742324352264,"normal",6,2.27845394611359
"2010-11-16 17:00:00",1.31366348266602,"peak",10,13.1366348266602
"2010-11-16 18:00:00",2.31134605407715,"peak",10,23.1134605407715
"2010-11-16 19:00:00",2.38578534126282,"peak",10,23.8578534126282
"2010-11-16 20:00:00",2.16503024101257,"peak",10,21.6503024101257
"2010-11-16 21:00:00",2.17488551139832,"peak",10,21.7488551139832
"2010-11-16 22:00:00",1.38700711727142,"off_peak",3,4.16102135181427
"2010-11-16 23:00:00",0.571239590644836,"off_peak",3,1.71371877193451
"2010-11-17 00:00:00",0.5113605260849,"off_peak",3,1.5340815782547
"2010-11-17 01:00:00",0.424245268106461,"off_peak",3,1.27273580431938
"2010-11-17 02:00:00",0.387004405260086,"off_peak",3,1.16101321578026
"2010-11-17 03:00:00",0.400876998901367,"off_peak",3,1.2026309967041
"2010-11-17 04:00:00",0.408199429512024,"off_peak",3,1.22459828853607
"2010-11-17 05:00:00",0.673027694225311,"off_peak",3,2.01908308267593
"2010-11-17 06:00:00",1.06162583827972,"normal",6,6.36975502967834
"2010-11-17 07:00:00",2.30033040046692,"normal",6,13.8019824028015
"2010-11-17 08:00:00",2.07645559310913,"normal",6,12.4587335586548
"2010-11-17 09:00:00",1.56525039672852,"normal",6,9.39150238037109
"2010-11-17 10:00:00",1.24703919887543,"normal",6,7.48223519325256
"2010-11-17 11:00:00",1.53668403625488,"normal",6,9.2201042175293
"2010-11-17 12:00:00",1.33012235164642,"normal",6,7.98073410987854
"2010-11-17 13:00:00",1.57237029075623,"normal",6,9.43422174453735
"2010-11-17 14:00:00",0.741119265556335,"normal",6,4.44671559333801
"2010-11-17 15:00:00",0.415579080581665,"normal",6,2.49347448348999
"2010-11-17 16:00:00",0.863987982273102,"normal",6,5.18392789363861
"2010-11-17 17:00:00",1.3097231388092,"peak",10,13.097231388092
"2010-11-17 18:00:00",1.69787955284119,"peak",10,16.9787955284119
"2010-11-17 19:00:00",1.96782970428467,"peak",10,19.6782970428467
"2010-11-17 20:00:00",2.33511924743652,"peak",10,23.3511924743652
"2010-11-17 21:00:00",2.06819748878479,"peak",10,20.6819748878479
"2010-11-17 22:00:00",1.40464317798615,"off_peak",3,4.21392953395844
"2010-11-17 23:00:00",0.585865080356598,"off_peak",3,1.75759524106979
"2010-11-18 00:00:00",0.461030632257462,"off_peak",3,1.38309189677238
"2010-11-18 01:00:00",0.490750908851624,"off_peak",3,1.47225272655487
"2010-11-18 02:00:00",0.448766022920609,"off_peak",3,1.34629806876183
"2010-11-18 03:00:00",0.509432256221771,"off_peak",3,1.52829676866531
"2010-11-18 04:00:00",0.483035951852798,"off_peak",3,1.4491078555584
"2010-11-18 05:00:00",0.576918005943298,"off_peak",3,1.7307540178299
"2010-11-18 06:00:00",1.02549660205841,"normal",6,6.15297961235046
"2010-11-18 07:00:00",2.05124092102051,"normal",6,12.307445526123
"2010-11-18 08:00:00",1.92150485515594,"normal",6,11.5290291309357
"2010-11-18 09:00:00",1.49474191665649,"normal",6,8.96845149993896
"2010-11-18 10:00:00",1.28237581253052,"normal",6,7.69425487518311
"2010-11-18 11:00:00",1.3022563457489,"normal",6,7.81353807449341
"2010-11-18 12:00:00",1.2913818359375,"normal",6,7.748291015625
"2010-11-18 13:00:00",1.50823044776917,"normal",6,9.04938268661499
"2010-11-18 14:00:00",0.796326518058777,"normal",6,4.77795910835266
"2010-11-18 15:00:00",0.612068891525269,"normal",6,3.67241334915161
"2010-11-18 16:00:00",0.468899458646774,"normal",6,2.81339675188065
"2010-11-18 17:00:00",1.07264506816864,"peak",10,10.7264506816864
"2010-11-18 18:00:00",1.46951186656952,"peak",10,14.6951186656952
"2010-11-18 19:00:00",2.70513701438904,"peak",10,27.0513701438904
"2010-11-18 20:00:00",2.40943074226379,"peak",10,24.0943074226379
"2010-11-18 21:00:00",2.19538354873657,"peak",10,21.9538354873657
"2010-11-18 22:00:00",1.44970571994781,"off_peak",3,4.34911715984344
"2010-11-18 23:00:00",0.51943826675415,"off_peak",3,1.55831480026245
"2010-11-19 00:00:00",0.434499502182007,"off_peak",3,1.30349850654602
"2010-11-19 01:00:00",0.383740842342377,"off_peak",3,1.15122252702713
"2010-11-19 02:00:00",0.361883789300919,"off_peak",3,1.08565136790276
"2010-11-19 03:00:00",0.556305348873138,"off_peak",3,1.66891604661942
"2010-11-19 04:00:00",0.379123866558075,"off_peak",3,1.13737159967422
"2010-11-19 05:00:00",0.43270605802536,"off_peak",3,1.29811817407608
"2010-11-19 06:00:00",0.918549239635468,"normal",6,5.51129543781281
"2010-11-19 07:00:00",2.45244312286377,"normal",6,14.7146587371826
"2010-11-19 08:00:00",2.12084078788757,"normal",6,12.7250447273254
"2010-11-19 09:00:00",1.39929246902466,"normal",6,8.39575481414795
"2010-11-19 10:00:00",1.36658942699432,"normal",6,8.19953656196594
"2010-11-19 11:00:00",1.27808773517609,"normal",6,7.66852641105652
"2010-11-19 12:00:00",1.37703359127045,"normal",6,8.26220154762268
"2010-11-19 13:00:00",1.28309452533722,"normal",6,7.69856715202332
"2010-11-19 14:00:00",1.35328590869904,"normal",6,8.11971545219421
"2010-11-19 15:00:00",1.31881654262543,"normal",6,7.91289925575256
"2010-11-19 16:00:00",1.42494118213654,"normal",6,8.54964709281921
"2010-11-19 17:00:00",1.61704421043396,"peak",10,16.1704421043396
"2010-11-19 18:00:00",1.3873678445816,"peak",10,13.873678445816
"2010-11-19 19:00:00",1.82656347751617,"peak",10,18.2656347751617
"2010-11-19 20:00:00",1.86880326271057,"peak",10,18.6880326271057
"2010-11-19 21:00:00",1.72975754737854,"peak",10,17.2975754737854
"2010-11-19 22:00:00",1.38486361503601,"off_peak",3,4.15459084510803
"2010-11-19 23:00:00",0.520681738853455,"off_peak",3,1.56204521656036
"2010-11-20 00:00:00",0.417457550764084,"off_peak",3,1.25237265229225
"2010-11-20 01:00:00",0.370088428258896,"off_peak",3,1.11026528477669
"2010-11-20 02:00:00",0.346790909767151,"off_peak",3,1.04037272930145
"2010-11-20 03:00:00",0.421620488166809,"off_peak",3,1.26486146450043
"2010-11-20 04:00:00",0.528984546661377,"off_peak",3,1.58695363998413
"2010-11-20 05:00:00",0.555276036262512,"off_peak",3,1.66582810878754
"2010-11-20 06:00:00",0.709531724452972,"normal",6,4.25719034671783
"2010-11-20 07:00:00",2.04239201545715,"normal",6,12.2543520927429
"2010-11-20 08:00:00",1.92473757266998,"normal",6,11.5484254360199
"2010-11-20 09:00:00",1.69376957416534,"normal",6,10.1626174449921
"2010-11-20 10:00:00",1.91565799713135,"normal",6,11.4939479827881
"2010-11-20 11:00:00",1.36824977397919,"normal",6,8.20949864387512
"2010-11-20 12:00:00",2.19332480430603,"normal",6,13.1599488258362
"2010-11-20 13:00:00",1.2316826581955,"normal",6,7.39009594917297
"2010-11-20 14:00:00",1.36664807796478,"normal",6,8.1998884677887
"2010-11-20 15:00:00",1.27808964252472,"normal",6,7.66853785514832
"2010-11-20 16:00:00",1.33910191059113,"normal",6,8.03461146354675
"2010-11-20 17:00:00",1.88708162307739,"peak",10,18.8708162307739
"2010-11-20 18:00:00",2.38996005058289,"peak",10,23.8996005058289
"2010-11-20 19:00:00",3.85324716567993,"peak",10,38.5324716567993
"2010-11-20 20:00:00",3.16275191307068,"peak",10,31.6275191307068
"2010-11-20 21:00:00",2.35434985160828,"peak",10,23.5434985160828
"2010-11-20 22:00:00",1.54829788208008,"off_peak",3,4.64489364624023
"2010-11-20 23:00:00",0.872585475444794,"off_peak",3,2.61775642633438
"2010-11-21 00:00:00",0.486239373683929,"off_peak",3,1.45871812105179
"2010-11-21 01:00:00",0.459959417581558,"off_peak",3,1.37987825274467
"2010-11-21 02:00:00",0.373149693012238,"off_peak",3,1.11944907903671
"2010-11-21 03:00:00",0.394552797079086,"off_peak",3,1.18365839123726
"2010-11-21 04:00:00",0.379343569278717,"off_peak",3,1.13803070783615
"2010-11-21 05:00:00",0.378281831741333,"off_peak",3,1.134845495224
"2010-11-21 06:00:00",0.376753747463226,"normal",6,2.26052248477936
"2010-11-21 07:00:00",0.778153717517853,"normal",6,4.66892230510712
"2010-11-21 08:00:00",1.83119118213654,"normal",6,10.9871470928192
"2010-11-21 09:00:00",1.44336581230164,"normal",6,8.66019487380981
"2010-11-21 10:00:00",1.35956084728241,"normal",6,8.15736508369446
"2010-11-21 11:00:00",0.70713597536087,"normal",6,4.24281585216522
"2010-11-21 12:00:00",0.747449398040771,"normal",6,4.48469638824463
"2010-11-21 13:00:00",0.973224401473999,"normal",6,5.83934640884399
"2010-11-21 14:00:00",0.628877639770508,"normal",6,3.77326583862305
"2010-11-21 15:00:00",0.549292743206024,"normal",6,3.29575645923615
"2010-11-21 16:00:00",0.665141463279724,"normal",6,3.99084877967834
"2010-11-21 17:00:00",0.837804913520813,"peak",10,8.37804913520813
"2010-11-21 18:00:00",1.72262942790985,"peak",10,17.2262942790985
"2010-11-21 19:00:00",1.28452205657959,"peak",10,12.8452205657959
"2010-11-21 20:00:00",0.80209481716156,"peak",10,8.0209481716156
"2010-11-21 21:00:00",1.46226274967194,"peak",10,14.6226274967194
"2010-11-21 22:00:00",1.0738251209259,"off_peak",3,3.22147536277771
"2010-11-21 23:00:00",0.914804935455322,"off_peak",3,2.74441480636597
"2010-11-22 00:00:00",0.332478314638138,"off_peak",3,0.997434943914413
"2010-11-22 01:00:00",0.397479444742203,"off_peak",3,1.19243833422661
"2010-11-22 02:00:00",0.355489045381546,"off_peak",3,1.06646713614464
"2010-11-22 03:00:00",0.345552533864975,"off_peak",3,1.03665760159492
"2010-11-22 04:00:00",0.354000836610794,"off_peak",3,1.06200250983238
"2010-11-22 05:00:00",0.577170252799988,"off_peak",3,1.73151075839996
"2010-11-22 06:00:00",0.639316260814667,"normal",6,3.835897564888
"2010-11-22 07:00:00",1.96187806129456,"normal",6,11.7712683677673
"2010-11-22 08:00:00",1.86932599544525,"normal",6,11.2159559726715
"2010-11-22 09:00:00",1.8118782043457,"normal",6,10.8712692260742
"2010-11-22 10:00:00",1.38589036464691,"normal",6,8.31534218788147
"2010-11-22 11:00:00",2.376544713974,"normal",6,14.259268283844
"2010-11-22 12:00:00",2.43431234359741,"normal",6,14.6058740615845
"2010-11-22 13:00:00",1.73400676250458,"normal",6,10.4040405750275
"2010-11-22 14:00:00",1.68841791152954,"normal",6,10.1305074691772
"2010-11-22 15:00:00",1.41401636600494,"normal",6,8.48409819602966
"2010-11-22 16:00:00",1.16603851318359,"normal",6,6.99623107910156
"2010-11-22 17:00:00",0.729073226451874,"peak",10,7.29073226451874
"2010-11-22 18:00:00",0.919301986694336,"peak",10,9.19301986694336
"2010-11-22 19:00:00",2.65644097328186,"peak",10,26.5644097328186
"2010-11-22 20:00:00",2.4900016784668,"peak",10,24.900016784668
"2010-11-22 21:00:00",1.63374245166779,"peak",10,16.3374245166779
"2010-11-22 22:00:00",1.41063022613525,"off_peak",3,4.23189067840576
"2010-11-22 23:00:00",0.522324860095978,"off_peak",3,1.56697458028793
"2010-11-23 00:00:00",0.340367764234543,"off_peak",3,1.02110329270363
"2010-11-23 01:00:00",0.36064875125885,"off_peak",3,1.08194625377655
"2010-11-23 02:00:00",0.347220838069916,"off_peak",3,1.04166251420975
"2010-11-23 03:00:00",0.324629753828049,"off_peak",3,0.973889261484146
"2010-11-23 04:00:00",0.349331915378571,"off_peak",3,1.04799574613571
"2010-11-23 05:00:00",0.681872844696045,"off_peak",3,2.04561853408813
"2010-11-23 06:00:00",1.12363862991333,"normal",6,6.74183177947998
"2010-11-23 07:00:00",2.45155167579651,"normal",6,14.7093100547791
"2010-11-23 08:00:00",2.05493879318237,"normal",6,12.3296327590942
"2010-11-23 09:00:00",1.63118731975555,"normal",6,9.78712391853333
"2010-11-23 10:00:00",1.3469260931015,"normal",6,8.08155655860901
"2010-11-23 11:00:00",1.56542885303497,"normal",6,9.39257311820984
"2010-11-23 12:00:00",1.61696839332581,"normal",6,9.70181035995483
"2010-11-23 13:00:00",0.853544890880585,"normal",6,5.12126934528351
"2010-11-23 14:00:00",0.659446716308594,"normal",6,3.95668029785156
"2010-11-23 15:00:00",1.4023642539978,"normal",6,8.41418552398682
"2010-11-23 16:00:00",0.563202798366547,"normal",6,3.37921679019928
"2010-11-23 17:00:00",0.909787356853485,"peak",10,9.09787356853485
"2010-11-23 18:00:00",1.8525984287262,"peak",10,18.525984287262
"2010-11-23 19:00:00",2.26037263870239,"peak",10,22.6037263870239
"2010-11-23 20:00:00",2.27657413482666,"peak",10,22.7657413482666
"2010-11-23 21:00:00",2.25206255912781,"peak",10,22.5206255912781
"2010-11-23 22:00:00",1.33464694023132,"off_peak",3,4.00394082069397
"2010-11-23 23:00:00",0.614105939865112,"off_peak",3,1.84231781959534
"2010-11-24 00:00:00",0.513059854507446,"off_peak",3,1.53917956352234
"2010-11-24 01:00:00",0.408479332923889,"off_peak",3,1.22543799877167
"2010-11-24 02:00:00",0.375417470932007,"off_peak",3,1.12625241279602
"2010-11-24 03:00:00",0.538672626018524,"off_peak",3,1.61601787805557
"2010-11-24 04:00:00",0.380779266357422,"off_peak",3,1.14233779907227
"2010-11-24 05:00:00",0.449561476707458,"off_peak",3,1.34868443012238
"2010-11-24 06:00:00",1.04051947593689,"normal",6,6.24311685562134
"2010-11-24 07:00:00",2.36881947517395,"normal",6,14.2129168510437
"2010-11-24 08:00:00",2.09859418869019,"normal",6,12.5915651321411
"2010-11-24 09:00:00",1.51564061641693,"normal",6,9.09384369850159
"2010-11-24 10:00:00",1.19988465309143,"normal",6,7.19930791854858
"2010-11-24 11:00:00",1.28102993965149,"normal",6,7.68617963790894
"2010-11-24 12:00:00",1.32998716831207,"normal",6,7.97992300987244
"2010-11-24 13:00:00",1.47203528881073,"normal",6,8.83221173286438
"2010-11-24 14:00:00",1.74511814117432,"normal",6,10.4707088470459
"2010-11-24 15:00:00",1.79575288295746,"normal",6,10.7745172977448
"2010-11-24 16:00:00",1.31571841239929,"normal",6,7.89431047439575
"2010-11-24 17:00:00",0.935801208019257,"peak",10,9.35801208019257
"2010-11-24 18:00:00",1.94976615905762,"peak",10,19.4976615905762
"2010-11-24 19:00:00",2.17307472229004,"peak",10,21.7307472229004
"2010-11-24 20:00:00",1.82429850101471,"peak",10,18.2429850101471
"2010-11-24 21:00:00",2.14464068412781,"peak",10,21.4464068412781
"2010-11-24 22:00:00",1.306525349617,"off_peak",3,3.91957604885101
"2010-11-24 23:00:00",0.511994004249573,"off_peak",3,1.53598201274872
"2010-11-25 00:00:00",0.370902091264725,"off_peak",3,1.11270627379417
"2010-11-25 01:00:00",0.32676899433136,"off_peak",3,0.98030698299408
"2010-11-25 02:00:00",0.340659946203232,"off_peak",3,1.0219798386097
"2010-11-25 03:00:00",0.391347646713257,"off_peak",3,1.17404294013977
"2010-11-25 04:00:00",0.539688467979431,"off_peak",3,1.61906540393829
"2010-11-25 05:00:00",0.623181462287903,"off_peak",3,1.86954438686371
"2010-11-25 06:00:00",0.94582200050354,"normal",6,5.67493200302124
"2010-11-25 07:00:00",2.44811248779297,"normal",6,14.6886749267578
"2010-11-25 08:00:00",1.92228817939758,"normal",6,11.5337290763855
"2010-11-25 09:00:00",1.5596741437912,"normal",6,9.35804486274719
"2010-11-25 10:00:00",1.06190967559814,"normal",6,6.37145805358887
"2010-11-25 11:00:00",0.780987143516541,"normal",6,4.68592286109924
"2010-11-25 12:00:00",1.19817566871643,"normal",6,7.18905401229858
"2010-11-25 13:00:00",0.793812811374664,"normal",6,4.76287686824799
"2010-11-25 14:00:00",0.464125573635101,"normal",6,2.78475344181061
"2010-11-25 15:00:00",0.397298961877823,"normal",6,2.38379377126694
"2010-11-25 16:00:00",0.469299614429474,"normal",6,2.81579768657684
"2010-11-25 17:00:00",1.0294097661972,"peak",10,10.294097661972
"2010-11-25 18:00:00",2.36408042907715,"peak",10,23.6408042907715
"2010-11-25 19:00:00",2.56761288642883,"peak",10,25.6761288642883
"2010-11-25 20:00:00",2.43179416656494,"peak",10,24.3179416656494
"2010-11-25 21:00:00",1.87035810947418,"peak",10,18.7035810947418
"2010-11-25 22:00:00",1.07438778877258,"off_peak",3,3.22316336631775
"2010-11-25 23:00:00",0.621166825294495,"off_peak",3,1.86350047588348
"2010-11-26 00:00:00",0.475734233856201,"off_peak",3,1.4272027015686
"2010-11-26 01:00:00",0.329933315515518,"off_peak",3,0.989799946546555
"2010-11-26 02:00:00",0.310150802135468,"off_peak",3,0.930452406406403
"2010-11-26 03:00:00",0.325798809528351,"off_peak",3,0.977396428585052
"2010-11-26 04:00:00",0.35037887096405,"off_peak",3,1.05113661289215
"2010-11-26 05:00:00",0.419759184122086,"off_peak",3,1.25927755236626
"2010-11-26 06:00:00",1.08581697940826,"normal",6,6.51490187644958
"2010-11-26 07:00:00",2.46140098571777,"normal",6,14.7684059143066
"2010-11-26 08:00:00",1.90497648715973,"normal",6,11.4298589229584
"2010-11-26 09:00:00",1.67554080486298,"normal",6,10.0532448291779
"2010-11-26 10:00:00",1.60400581359863,"normal",6,9.6240348815918
"2010-11-26 11:00:00",1.25724339485168,"normal",6,7.54346036911011
"2010-11-26 12:00:00",1.28767001628876,"normal",6,7.72602009773254
"2010-11-26 13:00:00",1.56564474105835,"normal",6,9.3938684463501
"2010-11-26 14:00:00",1.47570812702179,"normal",6,8.85424876213074
"2010-11-26 15:00:00",1.31578493118286,"normal",6,7.89470958709717
"2010-11-26 16:00:00",0.616775453090668,"normal",6,3.70065271854401
"2010-11-26 17:00:00",1.26748824119568,"peak",10,12.6748824119568
"2010-11-26 18:00:00",1.89324867725372,"peak",10,18.9324867725372
"2010-11-26 19:00:00",1.92209935188293,"peak",10,19.2209935188293
"2010-11-26 20:00:00",1.94528913497925,"peak",10,19.4528913497925
"2010-11-26 21:00:00",1.39853119850159,"peak",10,13.9853119850159
