"timestamp","horizon","predicted"
"2010-04-11T16:00:00",1,0.438805967569351
"2010-04-11T17:00:00",1,1.01049268245697
"2010-04-11T18:00:00",1,0.754691481590271
"2010-04-11T19:00:00",1,2.1040210723877
"2010-04-11T20:00:00",1,1.47276151180267
"2010-04-11T21:00:00",1,2.49902868270874
"2010-04-11T22:00:00",1,2.4428448677063
"2010-04-11T23:00:00",1,0.853023648262024
"2010-04-12T00:00:00",1,0.343330442905426
"2010-04-12T01:00:00",1,0.420834213495255
"2010-04-12T02:00:00",1,0.388827741146088
"2010-04-12T03:00:00",1,0.410474926233292
"2010-04-12T04:00:00",1,0.413567364215851
"2010-04-12T05:00:00",1,0.491899996995926
"2010-04-12T06:00:00",1,0.703632831573486
"2010-04-12T07:00:00",1,1.51218330860138
"2010-04-12T08:00:00",1,1.73879218101501
"2010-04-12T09:00:00",1,1.31438422203064
"2010-04-12T10:00:00",1,1.31222522258759
"2010-04-12T11:00:00",1,1.3144998550415
"2010-04-12T12:00:00",1,1.46295845508575
"2010-04-12T13:00:00",1,1.46728324890137
"2010-04-12T14:00:00",1,1.26307594776154
"2010-04-12T15:00:00",1,1.07815778255463
"2010-04-12T16:00:00",1,0.391621530056
"2010-04-12T17:00:00",1,0.382118731737137
"2010-04-12T18:00:00",1,1.03092157840729
"2010-04-12T19:00:00",1,1.26557350158691
"2010-04-12T20:00:00",1,1.51742196083069
"2010-04-12T21:00:00",1,2.09077572822571
"2010-04-12T22:00:00",1,1.25752937793732
"2010-04-12T23:00:00",1,0.641390383243561
"2010-04-13T00:00:00",1,0.39397606253624
"2010-04-13T01:00:00",1,0.50146222114563
"2010-04-13T02:00:00",1,0.346209526062012
"2010-04-13T03:00:00",1,0.410643249750137
"2010-04-13T04:00:00",1,0.391692191362381
"2010-04-13T05:00:00",1,0.51773989200592
"2010-04-13T06:00:00",1,0.80864554643631
"2010-04-13T07:00:00",1,1.67789018154144
"2010-04-13T08:00:00",1,1.67282688617706
"2010-04-13T09:00:00",1,1.65012753009796
"2010-04-13T10:00:00",1,1.4950795173645
"2010-04-13T11:00:00",1,1.43757152557373
"2010-04-13T12:00:00",1,1.62838566303253
"2010-04-13T13:00:00",1,1.26667904853821
"2010-04-13T14:00:00",1,1.46909260749817
"2010-04-13T15:00:00",1,0.807607173919678
"2010-04-13T16:00:00",1,0.49626636505127
"2010-04-13T17:00:00",1,0.939699828624725
"2010-04-13T18:00:00",1,1.29589688777924
"2010-04-13T19:00:00",1,1.18172085285187
"2010-04-13T20:00:00",1,1.95453262329102
"2010-04-13T21:00:00",1,1.57631933689117
"2010-04-13T22:00:00",1,1.63840162754059
"2010-04-13T23:00:00",1,0.521076440811157
"2010-04-14T00:00:00",1,0.450368136167526
"2010-04-14T01:00:00",1,0.366706311702728
"2010-04-14T02:00:00",1,0.386437326669693
"2010-04-14T03:00:00",1,0.33885270357132
"2010-04-14T04:00:00",1,0.45519146323204
"2010-04-14T05:00:00",1,0.605428457260132
"2010-04-14T06:00:00",1,0.864565074443817
"2010-04-14T07:00:00",1,1.79113554954529
"2010-04-14T08:00:00",1,1.80114114284515
"2010-04-14T09:00:00",1,1.31798219680786
"2010-04-14T10:00:00",1,1.38966476917267
"2010-04-14T11:00:00",1,1.47382640838623
"2010-04-14T12:00:00",1,1.82125437259674
"2010-04-14T13:00:00",1,0.563992917537689
"2010-04-14T14:00:00",1,1.93244254589081
"2010-04-14T15:00:00",1,1.87640655040741
"2010-04-14T16:00:00",1,1.44183480739594
"2010-04-14T17:00:00",1,0.713613331317902
"2010-04-14T18:00:00",1,0.61225163936615
"2010-04-14T19:00:00",1,1.12178528308868
"2010-04-14T20:00:00",1,1.9692165851593
"2010-04-14T21:00:00",1,2.28991389274597
"2010-04-14T22:00:00",1,1.42531359195709
"2010-04-14T23:00:00",1,0.948055803775787
"2010-04-15T00:00:00",1,0.40517857670784
"2010-04-15T01:00:00",1,0.394563645124435
"2010-04-15T02:00:00",1,0.406390935182571
"2010-04-15T03:00:00",1,0.358268231153488
"2010-04-15T04:00:00",1,0.416868984699249
"2010-04-15T05:00:00",1,0.364091962575912
"2010-04-15T06:00:00",1,0.866897225379944
"2010-04-15T07:00:00",1,2.1456778049469
"2010-04-15T08:00:00",1,1.63489556312561
"2010-04-15T09:00:00",1,1.49746417999268
"2010-04-15T10:00:00",1,1.22892153263092
"2010-04-15T11:00:00",1,1.16578912734985
"2010-04-15T12:00:00",1,1.12594866752625
"2010-04-15T13:00:00",1,1.28129661083221
"2010-04-15T14:00:00",1,1.36857283115387
"2010-04-15T15:00:00",1,1.43797063827515
"2010-04-15T16:00:00",1,1.14038634300232
"2010-04-15T17:00:00",1,0.990109920501709
"2010-04-15T18:00:00",1,0.891464471817017
"2010-04-15T19:00:00",1,1.51288175582886
"2010-04-15T20:00:00",1,2.03874540328979
"2010-04-15T21:00:00",1,1.93110620975494
"2010-04-15T22:00:00",1,1.49956917762756
"2010-04-15T23:00:00",1,1.11081516742706
"2010-04-16T00:00:00",1,0.452856808900833
"2010-04-16T01:00:00",1,0.417204827070236
"2010-04-16T02:00:00",1,0.364885658025742
"2010-04-16T03:00:00",1,0.412779986858368
"2010-04-16T04:00:00",1,0.420083492994308
"2010-04-16T05:00:00",1,0.397235155105591
"2010-04-16T06:00:00",1,0.981721639633179
"2010-04-16T07:00:00",1,2.19364023208618
"2010-04-16T08:00:00",1,1.68300294876099
"2010-04-16T09:00:00",1,1.53825414180756
"2010-04-16T10:00:00",1,1.77435886859894
"2010-04-16T11:00:00",1,0.934652507305145
"2010-04-16T12:00:00",1,0.654919862747192
"2010-04-16T13:00:00",1,1.79497444629669
"2010-04-16T14:00:00",1,1.22893857955933
"2010-04-16T15:00:00",1,0.612200736999512
"2010-04-16T16:00:00",1,1.09773302078247
"2010-04-16T17:00:00",1,1.40710616111755
"2010-04-16T18:00:00",1,1.3441344499588
"2010-04-16T19:00:00",1,1.73841345310211
"2010-04-16T20:00:00",1,1.83943462371826
"2010-04-16T21:00:00",1,1.02332007884979
"2010-04-16T22:00:00",1,0.897855162620544
"2010-04-16T23:00:00",1,0.484440058469772
"2010-04-17T00:00:00",1,0.511295914649963
"2010-04-17T01:00:00",1,0.433738887310028
"2010-04-17T02:00:00",1,0.469487220048904
"2010-04-17T03:00:00",1,0.392968833446503
"2010-04-17T04:00:00",1,0.553714454174042
"2010-04-17T05:00:00",1,0.478579491376877
"2010-04-17T06:00:00",1,0.64513087272644
"2010-04-17T07:00:00",1,1.62979054450989
"2010-04-17T08:00:00",1,1.74481844902039
"2010-04-17T09:00:00",1,1.60633742809296
"2010-04-17T10:00:00",1,1.70100557804108
"2010-04-17T11:00:00",1,2.40479779243469
"2010-04-17T12:00:00",1,1.10698258876801
"2010-04-17T13:00:00",1,1.44258391857147
"2010-04-17T14:00:00",1,1.02861273288727
"2010-04-17T15:00:00",1,1.53549909591675
"2010-04-17T16:00:00",1,1.43678689002991
"2010-04-17T17:00:00",1,1.47714734077454
"2010-04-17T18:00:00",1,1.68996846675873
"2010-04-17T19:00:00",1,1.83405447006226
"2010-04-17T20:00:00",1,1.06044399738312
"2010-04-17T21:00:00",1,0.629118025302887
"2010-04-17T22:00:00",1,0.499261915683746
"2010-04-17T23:00:00",1,0.627690434455872
"2010-04-18T00:00:00",1,0.481053054332733
"2010-04-18T01:00:00",1,0.545364737510681
"2010-04-18T02:00:00",1,0.418348968029022
"2010-04-18T03:00:00",1,0.619798421859741
"2010-04-18T04:00:00",1,0.389885157346725
"2010-04-18T05:00:00",1,0.37394654750824
"2010-04-18T06:00:00",1,0.682550370693207
"2010-04-18T07:00:00",1,0.57826292514801
"2010-04-18T08:00:00",1,0.941012322902679
"2010-04-18T09:00:00",1,0.930031299591064
"2010-04-18T10:00:00",1,0.874408602714539
"2010-04-18T11:00:00",1,1.76616072654724
"2010-04-18T12:00:00",1,1.72807717323303
"2010-04-18T13:00:00",1,1.90316390991211
"2010-04-18T14:00:00",1,1.51887965202332
"2010-04-18T15:00:00",1,1.55325651168823
"2010-04-18T16:00:00",1,1.2327663898468
"2010-04-18T17:00:00",1,0.782736301422119
"2010-04-18T18:00:00",1,0.770728886127472
"2010-04-18T19:00:00",1,1.60821413993835
"2010-04-18T20:00:00",1,1.86040472984314
"2010-04-18T21:00:00",1,1.98058354854584
"2010-04-18T22:00:00",1,1.45761954784393
"2010-04-18T23:00:00",1,0.614695727825165
"2010-04-19T00:00:00",1,0.444020837545395
"2010-04-19T01:00:00",1,0.407689988613129
"2010-04-19T02:00:00",1,0.385770797729492
"2010-04-19T03:00:00",1,0.53119558095932
"2010-04-19T04:00:00",1,0.447377473115921
"2010-04-19T05:00:00",1,0.450726598501205
"2010-04-19T06:00:00",1,0.86702036857605
"2010-04-19T07:00:00",1,1.924968957901
"2010-04-19T08:00:00",1,1.29139292240143
"2010-04-19T09:00:00",1,0.725754737854004
"2010-04-19T10:00:00",1,1.38937067985535
"2010-04-19T11:00:00",1,1.9276214838028
"2010-04-19T12:00:00",1,1.62351441383362
"2010-04-19T13:00:00",1,1.4900233745575
"2010-04-19T14:00:00",1,1.37247908115387
"2010-04-19T15:00:00",1,1.24167776107788
"2010-04-19T16:00:00",1,1.14236879348755
"2010-04-19T17:00:00",1,1.22695171833038
"2010-04-19T18:00:00",1,1.99014294147491
"2010-04-19T19:00:00",1,1.75402665138245
"2010-04-19T20:00:00",1,2.00169229507446
"2010-04-19T21:00:00",1,1.81427657604218
"2010-04-19T22:00:00",1,1.65677154064178
"2010-04-19T23:00:00",1,0.480645298957825
"2010-04-20T00:00:00",1,0.371875017881393
"2010-04-20T01:00:00",1,0.410535395145416
"2010-04-20T02:00:00",1,0.677728533744812
"2010-04-20T03:00:00",1,0.420333564281464
"2010-04-20T04:00:00",1,0.404286444187164
"2010-04-20T05:00:00",1,0.448173701763153
"2010-04-20T06:00:00",1,0.973986506462097
"2010-04-20T07:00:00",1,1.46112334728241
"2010-04-20T08:00:00",1,1.66510570049286
"2010-04-20T09:00:00",1,1.35102415084839
"2010-04-20T10:00:00",1,1.65817701816559
"2010-04-20T11:00:00",1,1.54659032821655
"2010-04-20T12:00:00",1,1.42601311206818
"2010-04-20T13:00:00",1,1.36169910430908
"2010-04-20T14:00:00",1,1.42692267894745
"2010-04-20T15:00:00",1,1.27470338344574
"2010-04-20T16:00:00",1,1.24310278892517
"2010-04-20T17:00:00",1,1.47945380210876
"2010-04-20T18:00:00",1,1.568026304245
"2010-04-20T19:00:00",1,1.2513747215271
"2010-04-20T20:00:00",1,1.36246073246002
"2010-04-20T21:00:00",1,2.04995536804199
"2010-04-20T22:00:00",1,1.48888957500458
"2010-04-20T23:00:00",1,0.894407868385315
"2010-04-21T00:00:00",1,0.445051789283752
"2010-04-21T01:00:00",1,0.552745401859283
"2010-04-21T02:00:00",1,0.605547547340393
"2010-04-21T03:00:00",1,0.431395679712296
"2010-04-21T04:00:00",1,0.360956281423569
"2010-04-21T05:00:00",1,0.594704508781433
"2010-04-21T06:00:00",1,0.894060909748077
"2010-04-21T07:00:00",1,1.33083248138428
"2010-04-21T08:00:00",1,1.27720546722412
"2010-04-21T09:00:00",1,1.44892513751984
"2010-04-21T10:00:00",1,1.14055168628693
"2010-04-21T11:00:00",1,1.66446006298065
"2010-04-21T12:00:00",1,1.53513240814209
"2010-04-21T13:00:00",1,1.39267063140869
"2010-04-21T14:00:00",1,1.32592225074768
"2010-04-21T15:00:00",1,1.32145619392395
"2010-04-21T16:00:00",1,0.749427914619446
"2010-04-21T17:00:00",1,0.650236666202545
"2010-04-21T18:00:00",1,1.38620340824127
"2010-04-21T19:00:00",1,1.59791731834412
"2010-04-21T20:00:00",1,1.38211178779602
"2010-04-21T21:00:00",1,1.73136055469513
"2010-04-21T22:00:00",1,1.46769297122955
"2010-04-21T23:00:00",1,0.917445659637451
"2010-04-22T00:00:00",1,1.01897978782654
"2010-04-22T01:00:00",1,0.44599261879921
"2010-04-22T02:00:00",1,0.407348543405533
"2010-04-22T03:00:00",1,0.463377922773361
"2010-04-22T04:00:00",1,0.409688234329224
"2010-04-22T05:00:00",1,0.388860642910004
"2010-04-22T06:00:00",1,0.8421431183815
"2010-04-22T07:00:00",1,0.839455187320709
"2010-04-22T08:00:00",1,1.09207701683044
"2010-04-22T09:00:00",1,1.06909692287445
"2010-04-22T10:00:00",1,1.56935203075409
"2010-04-22T11:00:00",1,1.5443160533905
"2010-04-22T12:00:00",1,1.70350980758667
"2010-04-22T13:00:00",1,1.76670396327972
"2010-04-22T14:00:00",1,1.49583220481873
"2010-04-22T15:00:00",1,1.43350422382355
"2010-04-22T16:00:00",1,1.21795332431793
"2010-04-22T17:00:00",1,1.42834341526031
"2010-04-22T18:00:00",1,1.03895938396454
"2010-04-22T19:00:00",1,1.04167640209198
"2010-04-22T20:00:00",1,1.06016361713409
"2010-04-22T21:00:00",1,1.7287689447403
"2010-04-22T22:00:00",1,1.51781916618347
"2010-04-22T23:00:00",1,0.472123920917511
"2010-04-23T00:00:00",1,0.477525383234024
"2010-04-23T01:00:00",1,0.454857289791107
"2010-04-23T02:00:00",1,0.362054347991943
"2010-04-23T03:00:00",1,0.387101531028748
"2010-04-23T04:00:00",1,0.563519537448883
"2010-04-23T05:00:00",1,0.56616336107254
"2010-04-23T06:00:00",1,0.822333633899689
"2010-04-23T07:00:00",1,1.92834603786469
"2010-04-23T08:00:00",1,1.33962154388428
"2010-04-23T09:00:00",1,1.57587909698486
"2010-04-23T10:00:00",1,1.34802627563477
"2010-04-23T11:00:00",1,1.35556745529175
"2010-04-23T12:00:00",1,1.38495194911957
"2010-04-23T13:00:00",1,1.28141176700592
"2010-04-23T14:00:00",1,1.26777505874634
"2010-04-23T15:00:00",1,1.35048067569733
"2010-04-23T16:00:00",1,0.720330953598022
"2010-04-23T17:00:00",1,0.678503274917603
"2010-04-23T18:00:00",1,0.988420009613037
"2010-04-23T19:00:00",1,0.764533221721649
"2010-04-23T20:00:00",1,1.34882402420044
"2010-04-23T21:00:00",1,1.54682779312134
"2010-04-23T22:00:00",1,0.670136213302612
"2010-04-23T23:00:00",1,0.497656732797623
"2010-04-24T00:00:00",1,0.45183128118515
"2010-04-24T01:00:00",1,0.381431728601456
"2010-04-24T02:00:00",1,0.502874255180359
"2010-04-24T03:00:00",1,0.612997949123383
"2010-04-24T04:00:00",1,0.5062255859375
"2010-04-24T05:00:00",1,0.50979071855545
"2010-04-24T06:00:00",1,0.894012272357941
"2010-04-24T07:00:00",1,0.654798030853271
"2010-04-24T08:00:00",1,0.833478391170502
"2010-04-24T09:00:00",1,0.636263847351074
"2010-04-24T10:00:00",1,0.6259845495224
"2010-04-24T11:00:00",1,0.728032767772675
"2010-04-24T12:00:00",1,0.672397077083588
"2010-04-24T13:00:00",1,0.938529133796692
"2010-04-24T14:00:00",1,1.10714912414551
"2010-04-24T15:00:00",1,0.724373936653137
"2010-04-24T16:00:00",1,0.909161686897278
"2010-04-24T17:00:00",1,0.993606090545654
"2010-04-24T18:00:00",1,1.77883422374725
"2010-04-24T19:00:00",1,2.36694407463074
"2010-04-24T20:00:00",1,2.15785646438599
"2010-04-24T21:00:00",1,2.10933017730713
"2010-04-24T22:00:00",1,2.15009641647339
"2010-04-24T23:00:00",1,1.93870007991791
"2010-04-25T00:00:00",1,1.21243238449097
"2010-04-25T01:00:00",1,1.44492840766907
"2010-04-25T02:00:00",1,1.69113409519196
"2010-04-25T03:00:00",1,1.53812265396118
"2010-04-25T04:00:00",1,1.46306419372559
"2010-04-25T05:00:00",1,1.5694682598114
"2010-04-25T06:00:00",1,1.56274616718292
"2010-04-25T07:00:00",1,0.53575611114502
"2010-04-25T08:00:00",1,0.645721197128296
"2010-04-25T09:00:00",1,0.678892433643341
"2010-04-25T10:00:00",1,0.835185468196869
"2010-04-25T11:00:00",1,1.74430394172668
"2010-04-25T12:00:00",1,1.51770770549774
"2010-04-25T13:00:00",1,1.60484683513641
"2010-04-25T14:00:00",1,1.60039222240448
"2010-04-25T15:00:00",1,0.753437757492065
"2010-04-25T16:00:00",1,0.513286769390106
"2010-04-25T17:00:00",1,0.746835172176361
"2010-04-25T18:00:00",1,0.523731350898743
"2010-04-25T19:00:00",1,0.788898825645447
"2010-04-25T20:00:00",1,0.929022431373596
"2010-04-25T21:00:00",1,0.591127455234528
"2010-04-25T22:00:00",1,0.642031908035278
"2010-04-25T23:00:00",1,0.940768718719482
"2010-04-26T00:00:00",1,0.473502635955811
"2010-04-26T01:00:00",1,0.44598862528801
"2010-04-26T02:00:00",1,0.405822783708572
"2010-04-26T03:00:00",1,0.392147868871689
"2010-04-26T04:00:00",1,0.378736227750778
"2010-04-26T05:00:00",1,0.656894981861115
"2010-04-26T06:00:00",1,0.617112040519714
"2010-04-26T07:00:00",1,0.588241934776306
"2010-04-26T08:00:00",1,0.590864181518555
"2010-04-26T09:00:00",1,1.10760998725891
"2010-04-26T10:00:00",1,1.21056973934174
"2010-04-26T11:00:00",1,0.636218309402466
"2010-04-26T12:00:00",1,0.712985932826996
"2010-04-26T13:00:00",1,0.53634124994278
"2010-04-26T14:00:00",1,0.896506547927856
"2010-04-26T15:00:00",1,0.50384932756424
"2010-04-26T16:00:00",1,1.25936639308929
"2010-04-26T17:00:00",1,0.896465122699738
"2010-04-26T18:00:00",1,0.538076400756836
"2010-04-26T19:00:00",1,0.835491955280304
"2010-04-26T20:00:00",1,1.71168768405914
"2010-04-26T21:00:00",1,1.57719469070435
"2010-04-26T22:00:00",1,1.37608230113983
"2010-04-26T23:00:00",1,1.19045996665955
"2010-04-27T00:00:00",1,0.485028058290482
"2010-04-27T01:00:00",1,0.546516180038452
"2010-04-27T02:00:00",1,0.572950124740601
"2010-04-27T03:00:00",1,0.575777351856232
"2010-04-27T04:00:00",1,0.606240928173065
"2010-04-27T05:00:00",1,0.640041291713715
"2010-04-27T06:00:00",1,0.791101098060608
"2010-04-27T07:00:00",1,1.50337195396423
"2010-04-27T08:00:00",1,1.14696800708771
"2010-04-27T09:00:00",1,1.66477155685425
"2010-04-27T10:00:00",1,1.34359931945801
"2010-04-27T11:00:00",1,1.47315847873688
"2010-04-27T12:00:00",1,1.33229947090149
"2010-04-27T13:00:00",1,1.36727011203766
"2010-04-27T14:00:00",1,0.750708997249603
"2010-04-27T15:00:00",1,0.60574996471405
"2010-04-27T16:00:00",1,0.674278199672699
"2010-04-27T17:00:00",1,0.734292447566986
"2010-04-27T18:00:00",1,0.637469291687012
"2010-04-27T19:00:00",1,0.812988102436066
"2010-04-27T20:00:00",1,0.860605001449585
"2010-04-27T21:00:00",1,0.9926518201828
"2010-04-27T22:00:00",1,1.02425825595856
"2010-04-27T23:00:00",1,0.803362369537354
"2010-04-28T00:00:00",1,0.709091424942017
"2010-04-28T01:00:00",1,0.618297517299652
"2010-04-28T02:00:00",1,0.377832859754562
"2010-04-28T03:00:00",1,0.432657539844513
"2010-04-28T04:00:00",1,0.35895037651062
"2010-04-28T05:00:00",1,0.566221237182617
"2010-04-28T06:00:00",1,0.795401811599731
"2010-04-28T07:00:00",1,0.722153306007385
"2010-04-28T08:00:00",1,0.652282476425171
"2010-04-28T09:00:00",1,0.602665662765503
"2010-04-28T10:00:00",1,1.13557052612305
"2010-04-28T11:00:00",1,1.58734917640686
"2010-04-28T12:00:00",1,1.02790153026581
"2010-04-28T13:00:00",1,0.622751891613007
"2010-04-28T14:00:00",1,0.381971389055252
"2010-04-28T15:00:00",1,0.556068956851959
"2010-04-28T16:00:00",1,0.475281089544296
"2010-04-28T17:00:00",1,0.630158662796021
"2010-04-28T18:00:00",1,0.496530205011368
"2010-04-28T19:00:00",1,0.789871394634247
"2010-04-28T20:00:00",1,1.17836439609528
"2010-04-28T21:00:00",1,1.61008477210999
"2010-04-28T22:00:00",1,1.05432116985321
"2010-04-28T23:00:00",1,0.511730432510376
"2010-04-29T00:00:00",1,0.479385524988174
"2010-04-29T01:00:00",1,0.853580355644226
"2010-04-29T02:00:00",1,0.472305029630661
"2010-04-29T03:00:00",1,0.532068908214569
"2010-04-29T04:00:00",1,0.641832649707794
"2010-04-29T05:00:00",1,0.636187076568604
"2010-04-29T06:00:00",1,0.773013949394226
"2010-04-29T07:00:00",1,1.10644376277924
"2010-04-29T08:00:00",1,1.30497395992279
"2010-04-29T09:00:00",1,1.45090413093567
"2010-04-29T10:00:00",1,1.48211908340454
"2010-04-29T11:00:00",1,1.04953849315643
"2010-04-29T12:00:00",1,0.504549086093903
"2010-04-29T13:00:00",1,0.486941277980804
"2010-04-29T14:00:00",1,0.540967643260956
"2010-04-29T15:00:00",1,0.787685692310333
"2010-04-29T16:00:00",1,0.47576054930687
"2010-04-29T17:00:00",1,0.539091289043427
"2010-04-29T18:00:00",1,0.867585301399231
"2010-04-29T19:00:00",1,1.07762575149536
"2010-04-29T20:00:00",1,1.42144310474396
"2010-04-29T21:00:00",1,0.756219685077667
"2010-04-29T22:00:00",1,0.566055178642273
"2010-04-29T23:00:00",1,0.484549403190613
"2010-04-30T00:00:00",1,0.51592218875885
"2010-04-30T01:00:00",1,0.484564989805222
"2010-04-30T02:00:00",1,0.576927125453949
"2010-04-30T03:00:00",1,0.581010401248932
"2010-04-30T04:00:00",1,0.552782297134399
"2010-04-30T05:00:00",1,0.409546345472336
"2010-04-30T06:00:00",1,0.91073739528656
"2010-04-30T07:00:00",1,0.778251111507416
"2010-04-30T08:00:00",1,0.495497792959213
"2010-04-30T09:00:00",1,0.501998364925385
"2010-04-30T10:00:00",1,0.964280843734741
"2010-04-30T11:00:00",1,1.05677378177643
"2010-04-30T12:00:00",1,0.782300531864166
"2010-04-30T13:00:00",1,1.89731931686401
"2010-04-30T14:00:00",1,0.823389053344727
"2010-04-30T15:00:00",1,1.21540427207947
"2010-04-30T16:00:00",1,0.676055252552032
"2010-04-30T17:00:00",1,0.833092391490936
"2010-04-30T18:00:00",1,2.16538691520691
"2010-04-30T19:00:00",1,1.05323231220245
"2010-04-30T20:00:00",1,0.777133762836456
"2010-04-30T21:00:00",1,0.495109647512436
"2010-04-30T22:00:00",1,0.478268384933472
"2010-04-30T23:00:00",1,0.619896292686462
"2010-05-01T00:00:00",1,0.490711152553558
"2010-05-01T01:00:00",1,0.518322944641113
"2010-05-01T02:00:00",1,0.577456533908844
"2010-05-01T03:00:00",1,0.389490008354187
"2010-05-01T04:00:00",1,0.431954979896545
"2010-05-01T05:00:00",1,0.486589044332504
"2010-05-01T06:00:00",1,0.416598439216614
"2010-05-01T07:00:00",1,0.466052532196045
"2010-05-01T08:00:00",1,0.644228219985962
"2010-05-01T09:00:00",1,0.503692746162415
"2010-05-01T10:00:00",1,0.713285505771637
"2010-05-01T11:00:00",1,1.12910187244415
"2010-05-01T12:00:00",1,1.76284790039062
"2010-05-01T13:00:00",1,1.43050742149353
"2010-05-01T14:00:00",1,0.891165912151337
"2010-05-01T15:00:00",1,1.90290081501007
"2010-05-01T16:00:00",1,1.00841689109802
"2010-05-01T17:00:00",1,0.708079874515533
"2010-05-01T18:00:00",1,0.645608425140381
"2010-05-01T19:00:00",1,0.671382248401642
"2010-05-01T20:00:00",1,1.12881195545197
"2010-05-01T21:00:00",1,1.11612462997437
"2010-05-01T22:00:00",1,1.51394009590149
"2010-05-01T23:00:00",1,1.59492599964142
"2010-05-02T00:00:00",1,1.09028422832489
"2010-05-02T01:00:00",1,0.251494586467743
"2010-05-02T02:00:00",1,0.390873104333878
"2010-05-02T03:00:00",1,0.496925055980682
"2010-05-02T04:00:00",1,0.613866925239563
"2010-05-02T05:00:00",1,0.475260853767395
"2010-05-02T06:00:00",1,0.523343622684479
"2010-05-02T07:00:00",1,0.595166921615601
"2010-05-02T08:00:00",1,1.43182265758514
"2010-05-02T09:00:00",1,1.43167686462402
"2010-05-02T10:00:00",1,1.67435109615326
"2010-05-02T11:00:00",1,1.03640282154083
"2010-05-02T12:00:00",1,1.70943582057953
"2010-05-02T13:00:00",1,2.31789946556091
"2010-05-02T14:00:00",1,2.07736754417419
"2010-05-02T15:00:00",1,2.06143069267273
"2010-05-02T16:00:00",1,2.09218549728394
"2010-05-02T17:00:00",1,1.69023501873016
"2010-05-02T18:00:00",1,1.81988120079041
"2010-05-02T19:00:00",1,1.95365118980408
"2010-05-02T20:00:00",1,2.35161852836609
"2010-05-02T21:00:00",1,2.00928831100464
"2010-05-02T22:00:00",1,1.57231748104095
"2010-05-02T23:00:00",1,0.524207949638367
"2010-05-03T00:00:00",1,0.477817535400391
"2010-05-03T01:00:00",1,0.50263375043869
"2010-05-03T02:00:00",1,0.389817535877228
"2010-05-03T03:00:00",1,0.369688719511032
"2010-05-03T04:00:00",1,0.44461116194725
"2010-05-03T05:00:00",1,0.574595093727112
"2010-05-03T06:00:00",1,0.709734499454498
"2010-05-03T07:00:00",1,1.15018904209137
"2010-05-03T08:00:00",1,1.53859889507294
"2010-05-03T09:00:00",1,1.18666636943817
"2010-05-03T10:00:00",1,1.21456813812256
"2010-05-03T11:00:00",1,1.16881859302521
"2010-05-03T12:00:00",1,0.947753667831421
"2010-05-03T13:00:00",1,0.752837061882019
"2010-05-03T14:00:00",1,0.407765537500381
"2010-05-03T15:00:00",1,0.457965940237045
"2010-05-03T16:00:00",1,0.456454396247864
"2010-05-03T17:00:00",1,0.482894450426102
"2010-05-03T18:00:00",1,0.547083616256714
"2010-05-03T19:00:00",1,1.2748030424118
"2010-05-03T20:00:00",1,1.98654580116272
"2010-05-03T21:00:00",1,2.25849294662476
"2010-05-03T22:00:00",1,1.62145256996155
"2010-05-03T23:00:00",1,0.96774160861969
"2010-05-04T00:00:00",1,0.361252099275589
"2010-05-04T01:00:00",1,0.412149578332901
"2010-05-04T02:00:00",1,0.401167035102844
"2010-05-04T03:00:00",1,0.343235671520233
"2010-05-04T04:00:00",1,0.37939178943634
"2010-05-04T05:00:00",1,0.544899225234985
"2010-05-04T06:00:00",1,1.03748190402985
"2010-05-04T07:00:00",1,1.43495118618011
"2010-05-04T08:00:00",1,1.39678287506104
"2010-05-04T09:00:00",1,1.48659908771515
"2010-05-04T10:00:00",1,1.5479531288147
"2010-05-04T11:00:00",1,1.56109058856964
"2010-05-04T12:00:00",1,1.35752928256989
"2010-05-04T13:00:00",1,1.22345542907715
"2010-05-04T14:00:00",1,1.01496744155884
"2010-05-04T15:00:00",1,1.07147598266602
"2010-05-04T16:00:00",1,1.06395983695984
"2010-05-04T17:00:00",1,0.628773808479309
"2010-05-04T18:00:00",1,0.741307020187378
"2010-05-04T19:00:00",1,1.16755723953247
"2010-05-04T20:00:00",1,1.78725981712341
"2010-05-04T21:00:00",1,1.86626708507538
"2010-05-04T22:00:00",1,1.39277803897858
"2010-05-04T23:00:00",1,0.650057137012482
"2010-05-05T00:00:00",1,0.481989949941635
"2010-05-05T01:00:00",1,0.395014703273773
"2010-05-05T02:00:00",1,0.344329595565796
"2010-05-05T03:00:00",1,0.389968454837799
"2010-05-05T04:00:00",1,0.396909832954407
"2010-05-05T05:00:00",1,0.63664698600769
"2010-05-05T06:00:00",1,0.813767671585083
"2010-05-05T07:00:00",1,1.18215215206146
"2010-05-05T08:00:00",1,1.50725698471069
"2010-05-05T09:00:00",1,1.23125290870667
"2010-05-05T10:00:00",1,1.84573364257812
"2010-05-05T11:00:00",1,1.72552382946014
"2010-05-05T12:00:00",1,1.52747654914856
"2010-05-05T13:00:00",1,1.44207167625427
"2010-05-05T14:00:00",1,1.32541358470917
"2010-05-05T15:00:00",1,1.74211192131042
"2010-05-05T16:00:00",1,1.46146595478058
"2010-05-05T17:00:00",1,0.881741762161255
"2010-05-05T18:00:00",1,0.901423990726471
"2010-05-05T19:00:00",1,1.79335808753967
"2010-05-05T20:00:00",1,2.05940937995911
"2010-05-05T21:00:00",1,1.91455221176147
"2010-05-05T22:00:00",1,1.40273916721344
"2010-05-05T23:00:00",1,0.794332087039948
"2010-05-06T00:00:00",1,0.463293135166168
"2010-05-06T01:00:00",1,0.368562191724777
"2010-05-06T02:00:00",1,0.429558902978897
"2010-05-06T03:00:00",1,0.381996423006058
"2010-05-06T04:00:00",1,0.579439699649811
"2010-05-06T05:00:00",1,0.406151980161667
"2010-05-06T06:00:00",1,0.930348575115204
"2010-05-06T07:00:00",1,1.18747997283936
"2010-05-06T08:00:00",1,1.39735317230225
"2010-05-06T09:00:00",1,1.55067813396454
"2010-05-06T10:00:00",1,1.2286913394928
"2010-05-06T11:00:00",1,1.1729462146759
"2010-05-06T12:00:00",1,1.21747934818268
"2010-05-06T13:00:00",1,1.23069763183594
"2010-05-06T14:00:00",1,0.783790946006775
"2010-05-06T15:00:00",1,0.509497702121735
"2010-05-06T16:00:00",1,0.56862211227417
"2010-05-06T17:00:00",1,0.517214119434357
"2010-05-06T18:00:00",1,0.706243634223938
"2010-05-06T19:00:00",1,1.64482450485229
"2010-05-06T20:00:00",1,1.80455470085144
"2010-05-06T21:00:00",1,1.60476422309875
"2010-05-06T22:00:00",1,0.865103125572205
"2010-05-06T23:00:00",1,0.59718519449234
"2010-05-07T00:00:00",1,0.467269748449326
"2010-05-07T01:00:00",1,0.375142753124237
"2010-05-07T02:00:00",1,0.375038295984268
"2010-05-07T03:00:00",1,0.41003692150116
"2010-05-07T04:00:00",1,0.440181612968445
"2010-05-07T05:00:00",1,0.391530305147171
"2010-05-07T06:00:00",1,0.774402558803558
"2010-05-07T07:00:00",1,1.50448167324066
"2010-05-07T08:00:00",1,1.58333897590637
"2010-05-07T09:00:00",1,1.49005377292633
"2010-05-07T10:00:00",1,1.61695373058319
"2010-05-07T11:00:00",1,1.16011416912079
"2010-05-07T12:00:00",1,1.31914639472961
"2010-05-07T13:00:00",1,1.41997504234314
"2010-05-07T14:00:00",1,0.663138926029205
"2010-05-07T15:00:00",1,0.747327983379364
"2010-05-07T16:00:00",1,1.15963327884674
"2010-05-07T17:00:00",1,1.05119931697845
"2010-05-07T18:00:00",1,0.63722425699234
"2010-05-07T19:00:00",1,1.14581227302551
"2010-05-07T20:00:00",1,1.52897870540619
"2010-05-07T21:00:00",1,2.0315043926239
"2010-05-07T22:00:00",1,1.47227954864502
"2010-05-07T23:00:00",1,0.925614774227142
"2010-05-08T00:00:00",1,0.82972663640976
"2010-05-08T01:00:00",1,0.579445600509644
"2010-05-08T02:00:00",1,1.65979051589966
"2010-05-08T03:00:00",1,0.79231733083725
"2010-05-08T04:00:00",1,0.572570621967316
"2010-05-08T05:00:00",1,0.34836944937706
"2010-05-08T06:00:00",1,0.58332633972168
"2010-05-08T07:00:00",1,0.61920166015625
"2010-05-08T08:00:00",1,0.654584169387817
"2010-05-08T09:00:00",1,1.18288457393646
"2010-05-08T10:00:00",1,1.89975547790527
"2010-05-08T11:00:00",1,1.87359166145325
"2010-05-08T12:00:00",1,1.85332334041595
"2010-05-08T13:00:00",1,1.70074880123138
"2010-05-08T14:00:00",1,1.76721453666687
"2010-05-08T15:00:00",1,1.44307565689087
"2010-05-08T16:00:00",1,0.712407827377319
"2010-05-08T17:00:00",1,0.529945611953735
"2010-05-08T18:00:00",1,0.638299167156219
"2010-05-08T19:00:00",1,0.719282209873199
"2010-05-08T20:00:00",1,0.568520307540894
"2010-05-08T21:00:00",1,0.980976164340973
"2010-05-08T22:00:00",1,2.23141145706177
"2010-05-08T23:00:00",1,0.792850077152252
"2010-05-09T00:00:00",1,0.495491057634354
"2010-05-09T01:00:00",1,0.448317974805832
"2010-05-09T02:00:00",1,0.529399812221527
"2010-05-09T03:00:00",1,0.457769095897675
"2010-05-09T04:00:00",1,0.48861101269722
"2010-05-09T05:00:00",1,0.399300098419189
"2010-05-09T06:00:00",1,0.485755026340485
"2010-05-09T07:00:00",1,0.910007238388062
"2010-05-09T08:00:00",1,1.10083699226379
"2010-05-09T09:00:00",1,1.13019597530365
"2010-05-09T10:00:00",1,1.14389705657959
"2010-05-09T11:00:00",1,2.12443375587463
"2010-05-09T12:00:00",1,1.8926887512207
"2010-05-09T13:00:00",1,1.55072200298309
"2010-05-09T14:00:00",1,1.58083701133728
"2010-05-09T15:00:00",1,1.66071903705597
"2010-05-09T16:00:00",1,1.02815628051758
"2010-05-09T17:00:00",1,1.00647783279419
"2010-05-09T18:00:00",1,1.35141050815582
"2010-05-09T19:00:00",1,1.47309529781342
"2010-05-09T20:00:00",1,2.01004791259766
"2010-05-09T21:00:00",1,2.25145626068115
"2010-05-09T22:00:00",1,1.6564769744873
"2010-05-09T23:00:00",1,0.707702994346619
"2010-05-10T00:00:00",1,0.413699448108673
"2010-05-10T01:00:00",1,0.423059493303299
"2010-05-10T02:00:00",1,0.388316780328751
"2010-05-10T03:00:00",1,0.421028077602386
"2010-05-10T04:00:00",1,0.463648945093155
"2010-05-10T05:00:00",1,0.504188716411591
"2010-05-10T06:00:00",1,0.799544155597687
"2010-05-10T07:00:00",1,1.74332547187805
"2010-05-10T08:00:00",1,1.51831769943237
"2010-05-10T09:00:00",1,1.35206604003906
"2010-05-10T10:00:00",1,1.17651450634003
"2010-05-10T11:00:00",1,1.22524011135101
"2010-05-10T12:00:00",1,1.2776643037796
"2010-05-10T13:00:00",1,0.849336922168732
"2010-05-10T14:00:00",1,0.427864283323288
"2010-05-10T15:00:00",1,0.683912754058838
"2010-05-10T16:00:00",1,0.497429728507996
"2010-05-10T17:00:00",1,0.590180814266205
"2010-05-10T18:00:00",1,0.654191434383392
"2010-05-10T19:00:00",1,1.0961629152298
"2010-05-10T20:00:00",1,2.06118965148926
"2010-05-10T21:00:00",1,2.5037214756012
"2010-05-10T22:00:00",1,1.4892395734787
"2010-05-10T23:00:00",1,1.08549797534943
"2010-05-11T00:00:00",1,1.02717518806458
"2010-05-11T01:00:00",1,0.967699468135834
"2010-05-11T02:00:00",1,1.20490896701813
"2010-05-11T03:00:00",1,1.20285749435425
"2010-05-11T04:00:00",1,0.384826868772507
"2010-05-11T05:00:00",1,0.394327759742737
"2010-05-11T06:00:00",1,0.812805652618408
"2010-05-11T07:00:00",1,1.5263340473175
"2010-05-11T08:00:00",1,1.66307020187378
"2010-05-11T09:00:00",1,1.81185030937195
"2010-05-11T10:00:00",1,1.57371592521667
"2010-05-11T11:00:00",1,1.56548261642456
"2010-05-11T12:00:00",1,1.49994230270386
"2010-05-11T13:00:00",1,0.960647940635681
"2010-05-11T14:00:00",1,0.770506799221039
"2010-05-11T15:00:00",1,0.601618230342865
"2010-05-11T16:00:00",1,0.640541017055511
"2010-05-11T17:00:00",1,0.750803828239441
"2010-05-11T18:00:00",1,0.93525767326355
"2010-05-11T19:00:00",1,1.36681377887726
"2010-05-11T20:00:00",1,1.90580570697784
"2010-05-11T21:00:00",1,1.30761635303497
"2010-05-11T22:00:00",1,0.91866672039032
"2010-05-11T23:00:00",1,0.626192629337311
"2010-05-12T00:00:00",1,0.595937192440033
"2010-05-12T01:00:00",1,0.356983184814453
"2010-05-12T02:00:00",1,0.444508224725723
"2010-05-12T03:00:00",1,0.580164551734924
"2010-05-12T04:00:00",1,0.408695042133331
"2010-05-12T05:00:00",1,0.409473389387131
"2010-05-12T06:00:00",1,0.987844049930573
"2010-05-12T07:00:00",1,1.56585454940796
"2010-05-12T08:00:00",1,1.90249514579773
"2010-05-12T09:00:00",1,1.67882800102234
"2010-05-12T10:00:00",1,1.67411172389984
"2010-05-12T11:00:00",1,1.43104362487793
"2010-05-12T12:00:00",1,1.56520557403564
"2010-05-12T13:00:00",1,1.55365669727325
"2010-05-12T14:00:00",1,1.33723485469818
"2010-05-12T15:00:00",1,2.10370898246765
"2010-05-12T16:00:00",1,1.4170458316803
"2010-05-12T17:00:00",1,1.40941381454468
"2010-05-12T18:00:00",1,2.3443284034729
"2010-05-12T19:00:00",1,1.19789338111877
"2010-05-12T20:00:00",1,1.41566562652588
"2010-05-12T21:00:00",1,1.97010397911072
"2010-05-12T22:00:00",1,1.31688606739044
"2010-05-12T23:00:00",1,0.847679495811462
"2010-05-13T00:00:00",1,0.936732470989227
"2010-05-13T01:00:00",1,0.348455280065536
"2010-05-13T02:00:00",1,0.396709769964218
"2010-05-13T03:00:00",1,0.395943999290466
"2010-05-13T04:00:00",1,0.383963614702225
"2010-05-13T05:00:00",1,0.411451607942581
"2010-05-13T06:00:00",1,1.01570868492126
"2010-05-13T07:00:00",1,1.01842069625854
"2010-05-13T08:00:00",1,0.95879191160202
"2010-05-13T09:00:00",1,1.43774926662445
"2010-05-13T10:00:00",1,1.02391982078552
"2010-05-13T11:00:00",1,1.42479634284973
"2010-05-13T12:00:00",1,1.64748597145081
"2010-05-13T13:00:00",1,1.51529395580292
"2010-05-13T14:00:00",1,1.09703612327576
"2010-05-13T15:00:00",1,1.24592232704163
"2010-05-13T16:00:00",1,0.721325278282166
"2010-05-13T17:00:00",1,0.876620769500732
"2010-05-13T18:00:00",1,1.00157570838928
"2010-05-13T19:00:00",1,2.33202242851257
"2010-05-13T20:00:00",1,1.54014909267426
"2010-05-13T21:00:00",1,1.80764544010162
"2010-05-13T22:00:00",1,1.56880939006805
"2010-05-13T23:00:00",1,0.900220036506653
"2010-05-14T00:00:00",1,0.40964612364769
"2010-05-14T01:00:00",1,0.415380388498306
"2010-05-14T02:00:00",1,0.452620685100555
"2010-05-14T03:00:00",1,0.420924007892609
"2010-05-14T04:00:00",1,0.485597461462021
"2010-05-14T05:00:00",1,0.493748813867569
"2010-05-14T06:00:00",1,0.916357100009918
"2010-05-14T07:00:00",1,2.04621934890747
"2010-05-14T08:00:00",1,1.67383897304535
"2010-05-14T09:00:00",1,1.63303089141846
"2010-05-14T10:00:00",1,1.77404344081879
"2010-05-14T11:00:00",1,1.31578588485718
"2010-05-14T12:00:00",1,1.45258045196533
"2010-05-14T13:00:00",1,1.39322054386139
"2010-05-14T14:00:00",1,1.28640341758728
"2010-05-14T15:00:00",1,1.2879364490509
"2010-05-14T16:00:00",1,1.22765350341797
"2010-05-14T17:00:00",1,1.54000103473663
"2010-05-14T18:00:00",1,1.36249923706055
"2010-05-14T19:00:00",1,1.57217967510223
"2010-05-14T20:00:00",1,1.83944571018219
"2010-05-14T21:00:00",1,1.74492931365967
"2010-05-14T22:00:00",1,0.818990767002106
"2010-05-14T23:00:00",1,0.535885810852051
"2010-05-15T00:00:00",1,0.416776835918427
"2010-05-15T01:00:00",1,0.440491110086441
"2010-05-15T02:00:00",1,0.404287159442902
"2010-05-15T03:00:00",1,0.433283895254135
"2010-05-15T04:00:00",1,0.507082223892212
"2010-05-15T05:00:00",1,0.498044580221176
"2010-05-15T06:00:00",1,0.880412936210632
"2010-05-15T07:00:00",1,1.27769935131073
"2010-05-15T08:00:00",1,1.69777393341064
"2010-05-15T09:00:00",1,1.7532045841217
"2010-05-15T10:00:00",1,1.71914386749268
"2010-05-15T11:00:00",1,1.28678643703461
"2010-05-15T12:00:00",1,0.842674612998962
"2010-05-15T13:00:00",1,1.04001033306122
"2010-05-15T14:00:00",1,1.63599073886871
"2010-05-15T15:00:00",1,1.08450782299042
"2010-05-15T16:00:00",1,0.868412256240845
"2010-05-15T17:00:00",1,0.916969060897827
"2010-05-15T18:00:00",1,0.996960282325745
"2010-05-15T19:00:00",1,1.26822423934937
"2010-05-15T20:00:00",1,1.74133038520813
"2010-05-15T21:00:00",1,2.55550694465637
"2010-05-15T22:00:00",1,2.15423512458801
"2010-05-15T23:00:00",1,1.99284017086029
"2010-05-16T00:00:00",1,1.90153348445892
"2010-05-16T01:00:00",1,1.31228816509247
"2010-05-16T02:00:00",1,1.51787185668945
"2010-05-16T03:00:00",1,1.50151669979095
"2010-05-16T04:00:00",1,1.30921292304993
"2010-05-16T05:00:00",1,0.309792250394821
"2010-05-16T06:00:00",1,0.729945003986359
"2010-05-16T07:00:00",1,0.519107162952423
"2010-05-16T08:00:00",1,0.573579549789429
"2010-05-16T09:00:00",1,1.01048493385315
"2010-05-16T10:00:00",1,1.79072630405426
"2010-05-16T11:00:00",1,1.53263175487518
"2010-05-16T12:00:00",1,1.05804753303528
"2010-05-16T13:00:00",1,1.03455245494843
"2010-05-16T14:00:00",1,1.68946051597595
"2010-05-16T15:00:00",1,2.26221752166748
"2010-05-16T16:00:00",1,0.92303204536438
"2010-05-16T17:00:00",1,0.985958516597748
"2010-05-16T18:00:00",1,1.18690371513367
"2010-05-16T19:00:00",1,1.86710476875305
"2010-05-16T20:00:00",1,2.43965673446655
"2010-05-16T21:00:00",1,2.34013819694519
"2010-05-16T22:00:00",1,1.65510165691376
"2010-05-16T23:00:00",1,0.987706780433655
"2010-05-17T00:00:00",1,0.879631519317627
"2010-05-17T01:00:00",1,0.476184844970703
"2010-05-17T02:00:00",1,0.381396621465683
"2010-05-17T03:00:00",1,0.386192947626114
"2010-05-17T04:00:00",1,0.374181419610977
"2010-05-17T05:00:00",1,0.519351899623871
"2010-05-17T06:00:00",1,0.741891026496887
"2010-05-17T07:00:00",1,1.92438185214996
"2010-05-17T08:00:00",1,1.62816190719604
"2010-05-17T09:00:00",1,1.33789551258087
"2010-05-17T10:00:00",1,1.34806299209595
"2010-05-17T11:00:00",1,1.34364426136017
"2010-05-17T12:00:00",1,1.22353374958038
"2010-05-17T13:00:00",1,1.26069390773773
"2010-05-17T14:00:00",1,1.08025002479553
"2010-05-17T15:00:00",1,1.21825957298279
"2010-05-17T16:00:00",1,1.13579165935516
"2010-05-17T17:00:00",1,1.36452579498291
"2010-05-17T18:00:00",1,1.43050634860992
"2010-05-17T19:00:00",1,1.28868973255157
"2010-05-17T20:00:00",1,1.45816171169281
"2010-05-17T21:00:00",1,1.82292401790619
"2010-05-17T22:00:00",1,1.57242047786713
"2010-05-17T23:00:00",1,0.64272141456604
"2010-05-18T00:00:00",1,0.494578868150711
"2010-05-18T01:00:00",1,0.43592444062233
"2010-05-18T02:00:00",1,0.508331179618835
"2010-05-18T03:00:00",1,0.411304533481598
"2010-05-18T04:00:00",1,0.456045061349869
"2010-05-18T05:00:00",1,0.431521981954575
"2010-05-18T06:00:00",1,0.883100628852844
"2010-05-18T07:00:00",1,1.69397687911987
"2010-05-18T08:00:00",1,1.60496890544891
"2010-05-18T09:00:00",1,1.42583847045898
"2010-05-18T10:00:00",1,1.47463774681091
"2010-05-18T11:00:00",1,1.38276469707489
"2010-05-18T12:00:00",1,1.30102396011353
"2010-05-18T13:00:00",1,1.2819299697876
"2010-05-18T14:00:00",1,1.27404832839966
"2010-05-18T15:00:00",1,0.848926484584808
"2010-05-18T16:00:00",1,0.767113626003265
"2010-05-18T17:00:00",1,0.822239875793457
"2010-05-18T18:00:00",1,0.948406755924225
"2010-05-18T19:00:00",1,1.54407429695129
"2010-05-18T20:00:00",1,1.67941653728485
"2010-05-18T21:00:00",1,2.00268316268921
"2010-05-18T22:00:00",1,1.07040369510651
"2010-05-18T23:00:00",1,0.58549040555954
"2010-05-19T00:00:00",1,0.515234470367432
"2010-05-19T01:00:00",1,0.598084568977356
"2010-05-19T02:00:00",1,0.5909304022789
"2010-05-19T03:00:00",1,0.522124350070953
"2010-05-19T04:00:00",1,0.453651577234268
"2010-05-19T05:00:00",1,0.464991837739944
"2010-05-19T06:00:00",1,0.902866959571838
"2010-05-19T07:00:00",1,1.80431342124939
"2010-05-19T08:00:00",1,1.39965558052063
"2010-05-19T09:00:00",1,1.51287651062012
"2010-05-19T10:00:00",1,1.58489394187927
"2010-05-19T11:00:00",1,1.46093940734863
"2010-05-19T12:00:00",1,1.6713011264801
"2010-05-19T13:00:00",1,1.36961805820465
"2010-05-19T14:00:00",1,0.507050395011902
"2010-05-19T15:00:00",1,1.07644784450531
"2010-05-19T16:00:00",1,0.902356386184692
"2010-05-19T17:00:00",1,0.813674807548523
"2010-05-19T18:00:00",1,0.705904066562653
"2010-05-19T19:00:00",1,1.14708817005157
"2010-05-19T20:00:00",1,1.70180916786194
"2010-05-19T21:00:00",1,2.07565546035767
"2010-05-19T22:00:00",1,1.19513237476349
"2010-05-19T23:00:00",1,0.511992216110229
"2010-05-20T00:00:00",1,0.75104296207428
"2010-05-20T01:00:00",1,0.418291062116623
"2010-05-20T02:00:00",1,0.453729838132858
"2010-05-20T03:00:00",1,0.41849473118782
"2010-05-20T04:00:00",1,0.447678536176682
"2010-05-20T05:00:00",1,0.390158355236053
"2010-05-20T06:00:00",1,0.662208914756775
"2010-05-20T07:00:00",1,1.32995581626892
"2010-05-20T08:00:00",1,1.53861308097839
"2010-05-20T09:00:00",1,1.4905424118042
"2010-05-20T10:00:00",1,1.31697571277618
"2010-05-20T11:00:00",1,1.45619702339172
"2010-05-20T12:00:00",1,1.32721531391144
"2010-05-20T13:00:00",1,1.13644182682037
"2010-05-20T14:00:00",1,0.645332038402557
"2010-05-20T15:00:00",1,0.765770792961121
"2010-05-20T16:00:00",1,0.467723488807678
"2010-05-20T17:00:00",1,0.706591546535492
"2010-05-20T18:00:00",1,0.820267200469971
"2010-05-20T19:00:00",1,1.60395181179047
"2010-05-20T20:00:00",1,1.75203394889832
"2010-05-20T21:00:00",1,1.02101147174835
"2010-05-20T22:00:00",1,0.750247478485107
"2010-05-20T23:00:00",1,0.629195749759674
"2010-05-21T00:00:00",1,0.579563438892365
"2010-05-21T01:00:00",1,0.451422870159149
"2010-05-21T02:00:00",1,0.622172653675079
"2010-05-21T03:00:00",1,0.608130931854248
"2010-05-21T04:00:00",1,0.470187813043594
"2010-05-21T05:00:00",1,0.420512437820435
"2010-05-21T06:00:00",1,0.962570607662201
"2010-05-21T07:00:00",1,1.07945466041565
"2010-05-21T08:00:00",1,1.42821025848389
"2010-05-21T09:00:00",1,1.65142822265625
"2010-05-21T10:00:00",1,1.63124859333038
"2010-05-21T11:00:00",1,1.44184613227844
"2010-05-21T12:00:00",1,1.43884479999542
"2010-05-21T13:00:00",1,0.712944209575653
"2010-05-21T14:00:00",1,0.593281447887421
"2010-05-21T15:00:00",1,0.873813271522522
"2010-05-21T16:00:00",1,1.30539238452911
"2010-05-21T17:00:00",1,0.813082814216614
"2010-05-21T18:00:00",1,0.574374079704285
"2010-05-21T19:00:00",1,1.13383173942566
"2010-05-21T20:00:00",1,1.51065373420715
"2010-05-21T21:00:00",1,1.65049564838409
"2010-05-21T22:00:00",1,0.806739270687103
"2010-05-21T23:00:00",1,0.530474364757538
"2010-05-22T00:00:00",1,0.489094167947769
"2010-05-22T01:00:00",1,0.49088928103447
"2010-05-22T02:00:00",1,0.535342693328857
"2010-05-22T03:00:00",1,0.449396967887878
"2010-05-22T04:00:00",1,0.636746048927307
"2010-05-22T05:00:00",1,0.649253726005554
"2010-05-22T06:00:00",1,0.601011693477631
"2010-05-22T07:00:00",1,1.3121086359024
"2010-05-22T08:00:00",1,1.7153707742691
"2010-05-22T09:00:00",1,1.79455101490021
"2010-05-22T10:00:00",1,1.8040896654129
"2010-05-22T11:00:00",1,1.71762120723724
"2010-05-22T12:00:00",1,2.13549852371216
"2010-05-22T13:00:00",1,2.16740036010742
"2010-05-22T14:00:00",1,1.39236199855804
"2010-05-22T15:00:00",1,1.60182547569275
"2010-05-22T16:00:00",1,1.50356698036194
"2010-05-22T17:00:00",1,1.56354665756226
"2010-05-22T18:00:00",1,1.38391733169556
"2010-05-22T19:00:00",1,0.995550572872162
"2010-05-22T20:00:00",1,1.7400848865509
"2010-05-22T21:00:00",1,2.37968158721924
"2010-05-22T22:00:00",1,1.71499681472778
"2010-05-22T23:00:00",1,1.31700623035431
"2010-05-23T00:00:00",1,0.402907341718674
"2010-05-23T01:00:00",1,0.445727735757828
"2010-05-23T02:00:00",1,0.457385063171387
"2010-05-23T03:00:00",1,0.378201246261597
"2010-05-23T04:00:00",1,0.442123234272003
"2010-05-23T05:00:00",1,0.436185717582703
"2010-05-23T06:00:00",1,0.81815093755722
"2010-05-23T07:00:00",1,0.772800862789154
"2010-05-23T08:00:00",1,1.12431001663208
"2010-05-23T09:00:00",1,1.26177549362183
"2010-05-23T10:00:00",1,1.73867177963257
"2010-05-23T11:00:00",1,1.31018805503845
"2010-05-23T12:00:00",1,1.23358035087585
"2010-05-23T13:00:00",1,0.979149281978607
"2010-05-23T14:00:00",1,1.52991425991058
"2010-05-23T15:00:00",1,1.54965472221375
"2010-05-23T16:00:00",1,1.63109636306763
"2010-05-23T17:00:00",1,1.68125772476196
"2010-05-23T18:00:00",1,0.992200136184692
"2010-05-23T19:00:00",1,1.22473466396332
"2010-05-23T20:00:00",1,1.2856285572052
"2010-05-23T21:00:00",1,1.45866596698761
"2010-05-23T22:00:00",1,1.63134503364563
"2010-05-23T23:00:00",1,0.954595148563385
"2010-05-24T00:00:00",1,0.41805773973465
"2010-05-24T01:00:00",1,0.476057797670364
"2010-05-24T02:00:00",1,0.493313699960709
"2010-05-24T03:00:00",1,0.494274824857712
"2010-05-24T04:00:00",1,0.464621961116791
"2010-05-24T05:00:00",1,0.427127808332443
"2010-05-24T06:00:00",1,0.677550673484802
"2010-05-24T07:00:00",1,1.56921017169952
"2010-05-24T08:00:00",1,1.04848086833954
"2010-05-24T09:00:00",1,1.26872706413269
"2010-05-24T10:00:00",1,1.21763038635254
"2010-05-24T11:00:00",1,1.25842988491058
"2010-05-24T12:00:00",1,0.881266295909882
"2010-05-24T13:00:00",1,1.34605991840363
"2010-05-24T14:00:00",1,0.660417377948761
"2010-05-24T15:00:00",1,0.525328814983368
"2010-05-24T16:00:00",1,0.603752195835114
"2010-05-24T17:00:00",1,0.952632904052734
"2010-05-24T18:00:00",1,1.35040473937988
"2010-05-24T19:00:00",1,1.44901609420776
"2010-05-24T20:00:00",1,1.41661882400513
"2010-05-24T21:00:00",1,1.9670637845993
"2010-05-24T22:00:00",1,1.46957695484161
"2010-05-24T23:00:00",1,0.686199188232422
"2010-05-25T00:00:00",1,0.416521996259689
"2010-05-25T01:00:00",1,0.3630710542202
"2010-05-25T02:00:00",1,0.436126828193665
"2010-05-25T03:00:00",1,0.39116108417511
"2010-05-25T04:00:00",1,0.437315732240677
"2010-05-25T05:00:00",1,0.600612878799438
"2010-05-25T06:00:00",1,1.0890064239502
"2010-05-25T07:00:00",1,1.51292359828949
"2010-05-25T08:00:00",1,1.60163366794586
"2010-05-25T09:00:00",1,1.45285487174988
"2010-05-25T10:00:00",1,1.44277930259705
"2010-05-25T11:00:00",1,1.43174040317535
"2010-05-25T12:00:00",1,1.28605270385742
"2010-05-25T13:00:00",1,0.633025765419006
"2010-05-25T14:00:00",1,0.469272315502167
"2010-05-25T15:00:00",1,0.420187175273895
"2010-05-25T16:00:00",1,0.488298565149307
"2010-05-25T17:00:00",1,0.84132844209671
"2010-05-25T18:00:00",1,1.06067025661469
"2010-05-25T19:00:00",1,1.17318058013916
"2010-05-25T20:00:00",1,1.82840609550476
"2010-05-25T21:00:00",1,1.79940485954285
"2010-05-25T22:00:00",1,1.55498242378235
"2010-05-25T23:00:00",1,0.479661226272583
"2010-05-26T00:00:00",1,0.415656238794327
"2010-05-26T01:00:00",1,0.388666301965714
"2010-05-26T02:00:00",1,0.388823539018631
"2010-05-26T03:00:00",1,0.382703423500061
"2010-05-26T04:00:00",1,0.465719938278198
"2010-05-26T05:00:00",1,0.567622721195221
"2010-05-26T06:00:00",1,0.965767800807953
"2010-05-26T07:00:00",1,1.47433435916901
"2010-05-26T08:00:00",1,1.59484505653381
"2010-05-26T09:00:00",1,1.80686283111572
"2010-05-26T10:00:00",1,1.76435101032257
"2010-05-26T11:00:00",1,1.53540396690369
"2010-05-26T12:00:00",1,1.55011475086212
"2010-05-26T13:00:00",1,0.597103953361511
"2010-05-26T14:00:00",1,1.12557744979858
"2010-05-26T15:00:00",1,0.583029448986053
"2010-05-26T16:00:00",1,0.553115963935852
"2010-05-26T17:00:00",1,0.522944927215576
"2010-05-26T18:00:00",1,0.686961054801941
"2010-05-26T19:00:00",1,1.24684143066406
"2010-05-26T20:00:00",1,2.16452717781067
"2010-05-26T21:00:00",1,2.04745984077454
"2010-05-26T22:00:00",1,1.00054132938385
"2010-05-26T23:00:00",1,0.605862677097321
"2010-05-27T00:00:00",1,0.396274477243423
"2010-05-27T01:00:00",1,0.352706849575043
"2010-05-27T02:00:00",1,0.35147300362587
"2010-05-27T03:00:00",1,0.381323575973511
"2010-05-27T04:00:00",1,0.51967579126358
"2010-05-27T05:00:00",1,0.464105099439621
"2010-05-27T06:00:00",1,0.904076635837555
"2010-05-27T07:00:00",1,1.13438594341278
"2010-05-27T08:00:00",1,1.43416726589203
"2010-05-27T09:00:00",1,1.47674953937531
"2010-05-27T10:00:00",1,1.46120393276215
"2010-05-27T11:00:00",1,1.17151725292206
"2010-05-27T12:00:00",1,1.13999664783478
"2010-05-27T13:00:00",1,1.25053107738495
"2010-05-27T14:00:00",1,1.32748484611511
"2010-05-27T15:00:00",1,0.436471343040466
"2010-05-27T16:00:00",1,0.719012975692749
"2010-05-27T17:00:00",1,0.439263492822647
"2010-05-27T18:00:00",1,0.835970282554626
"2010-05-27T19:00:00",1,1.27975952625275
"2010-05-27T20:00:00",1,1.66227877140045
"2010-05-27T21:00:00",1,1.69434654712677
"2010-05-27T22:00:00",1,1.20903599262238
"2010-05-27T23:00:00",1,0.511455357074738
"2010-05-28T00:00:00",1,0.515719056129456
"2010-05-28T01:00:00",1,0.528540372848511
"2010-05-28T02:00:00",1,0.427860379219055
"2010-05-28T03:00:00",1,0.328645467758179
"2010-05-28T04:00:00",1,0.350204557180405
"2010-05-28T05:00:00",1,0.331047296524048
"2010-05-28T06:00:00",1,0.753515541553497
"2010-05-28T07:00:00",1,1.4010705947876
"2010-05-28T08:00:00",1,1.56166923046112
"2010-05-28T09:00:00",1,1.48036158084869
"2010-05-28T10:00:00",1,1.53539407253265
"2010-05-28T11:00:00",1,1.41442632675171
"2010-05-28T12:00:00",1,1.06583368778229
"2010-05-28T13:00:00",1,0.639047741889954
"2010-05-28T14:00:00",1,0.770354747772217
"2010-05-28T15:00:00",1,0.909475803375244
"2010-05-28T16:00:00",1,1.15007591247559
"2010-05-28T17:00:00",1,1.2733998298645
"2010-05-28T18:00:00",1,1.16504979133606
"2010-05-28T19:00:00",1,1.14782762527466
"2010-05-28T20:00:00",1,1.33481812477112
"2010-05-28T21:00:00",1,1.21843791007996
"2010-05-28T22:00:00",1,1.01224172115326
"2010-05-28T23:00:00",1,0.877495527267456
"2010-05-29T00:00:00",1,0.785401582717896
"2010-05-29T01:00:00",1,0.498337298631668
"2010-05-29T02:00:00",1,0.507128477096558
"2010-05-29T03:00:00",1,0.385040163993835
"2010-05-29T04:00:00",1,0.331352919340134
"2010-05-29T05:00:00",1,0.276915431022644
"2010-05-29T06:00:00",1,0.669578015804291
"2010-05-29T07:00:00",1,1.31985855102539
"2010-05-29T08:00:00",1,1.77023470401764
"2010-05-29T09:00:00",1,1.46867990493774
"2010-05-29T10:00:00",1,1.45325231552124
"2010-05-29T11:00:00",1,2.00925707817078
"2010-05-29T12:00:00",1,1.13701128959656
"2010-05-29T13:00:00",1,2.00183653831482
"2010-05-29T14:00:00",1,1.61590051651001
"2010-05-29T15:00:00",1,1.78657531738281
"2010-05-29T16:00:00",1,1.11154210567474
"2010-05-29T17:00:00",1,0.958605527877808
"2010-05-29T18:00:00",1,1.21238481998444
"2010-05-29T19:00:00",1,2.56156492233276
"2010-05-29T20:00:00",1,2.21127939224243
"2010-05-29T21:00:00",1,1.85637176036835
"2010-05-29T22:00:00",1,1.97035145759583
"2010-05-29T23:00:00",1,1.17271661758423
"2010-05-30T00:00:00",1,1.31770062446594
"2010-05-30T01:00:00",1,0.4491026699543
"2010-05-30T02:00:00",1,1.19444024562836
"2010-05-30T03:00:00",1,0.455263525247574
"2010-05-30T04:00:00",1,0.430813759565353
"2010-05-30T05:00:00",1,0.541119754314423
"2010-05-30T06:00:00",1,0.656076788902283
"2010-05-30T07:00:00",1,0.762243568897247
"2010-05-30T08:00:00",1,1.13427603244781
"2010-05-30T09:00:00",1,1.38928604125977
"2010-05-30T10:00:00",1,1.07525336742401
"2010-05-30T11:00:00",1,1.58655488491058
"2010-05-30T12:00:00",1,1.23734652996063
"2010-05-30T13:00:00",1,1.02985596656799
"2010-05-30T14:00:00",1,1.11880147457123
"2010-05-30T15:00:00",1,0.711707890033722
"2010-05-30T16:00:00",1,1.48146998882294
"2010-05-30T17:00:00",1,1.09010493755341
"2010-05-30T18:00:00",1,2.25994253158569
"2010-05-30T19:00:00",1,1.93169963359833
"2010-05-30T20:00:00",1,1.89232003688812
"2010-05-30T21:00:00",1,2.23493003845215
"2010-05-30T22:00:00",1,1.64400517940521
"2010-05-30T23:00:00",1,0.463078558444977
"2010-05-31T00:00:00",1,0.375370711088181
"2010-05-31T01:00:00",1,0.316811233758926
"2010-05-31T02:00:00",1,0.334055811166763
"2010-05-31T03:00:00",1,0.494280636310577
"2010-05-31T04:00:00",1,0.409844905138016
"2010-05-31T05:00:00",1,0.45492959022522
"2010-05-31T06:00:00",1,0.930260419845581
"2010-05-31T07:00:00",1,1.57803809642792
"2010-05-31T08:00:00",1,1.62862467765808
"2010-05-31T09:00:00",1,1.46973586082458
"2010-05-31T10:00:00",1,1.32549858093262
"2010-05-31T11:00:00",1,1.11758172512054
"2010-05-31T12:00:00",1,1.08052790164948
"2010-05-31T13:00:00",1,0.749100089073181
"2010-05-31T14:00:00",1,0.32344663143158
"2010-05-31T15:00:00",1,0.295043170452118
"2010-05-31T16:00:00",1,0.771632015705109
"2010-05-31T17:00:00",1,1.80944728851318
"2010-05-31T18:00:00",1,1.60051250457764
"2010-05-31T19:00:00",1,1.75890696048737
"2010-05-31T20:00:00",1,1.73077499866486
"2010-05-31T21:00:00",1,1.14045691490173
"2010-05-31T22:00:00",1,1.2428719997406
"2010-05-31T23:00:00",1,0.962123155593872
"2010-06-01T00:00:00",1,0.43214675784111
"2010-06-01T01:00:00",1,0.324925690889359
"2010-06-01T02:00:00",1,0.345236927270889
"2010-06-01T03:00:00",1,0.311621725559235
"2010-06-01T04:00:00",1,0.33723059296608
"2010-06-01T05:00:00",1,0.422838151454926
"2010-06-01T06:00:00",1,1.00821125507355
"2010-06-01T07:00:00",1,1.52497112751007
"2010-06-01T08:00:00",1,1.565993309021
"2010-06-01T09:00:00",1,1.49395847320557
"2010-06-01T10:00:00",1,1.65158891677856
"2010-06-01T11:00:00",1,1.19500052928925
"2010-06-01T12:00:00",1,1.18254399299622
"2010-06-01T13:00:00",1,1.41996812820435
"2010-06-01T14:00:00",1,1.35037291049957
"2010-06-01T15:00:00",1,1.17398309707642
"2010-06-01T16:00:00",1,1.23915207386017
"2010-06-01T17:00:00",1,0.804290950298309
"2010-06-01T18:00:00",1,0.683083653450012
"2010-06-01T19:00:00",1,1.04898774623871
"2010-06-01T20:00:00",1,1.01987087726593
"2010-06-01T21:00:00",1,1.48130321502686
"2010-06-01T22:00:00",1,0.933262467384338
"2010-06-01T23:00:00",1,0.789975345134735
"2010-06-02T00:00:00",1,0.600562572479248
"2010-06-02T01:00:00",1,0.378050714731216
"2010-06-02T02:00:00",1,0.654682874679565
"2010-06-02T03:00:00",1,0.622469782829285
"2010-06-02T04:00:00",1,0.384974449872971
"2010-06-02T05:00:00",1,0.328571915626526
"2010-06-02T06:00:00",1,0.811454355716705
"2010-06-02T07:00:00",1,1.43848121166229
"2010-06-02T08:00:00",1,1.70440852642059
"2010-06-02T09:00:00",1,1.1159428358078
"2010-06-02T10:00:00",1,1.21871674060822
"2010-06-02T11:00:00",1,0.91318142414093
"2010-06-02T12:00:00",1,0.813012778759003
"2010-06-02T13:00:00",1,0.564579486846924
"2010-06-02T14:00:00",1,0.56338894367218
"2010-06-02T15:00:00",1,0.337603390216827
"2010-06-02T16:00:00",1,1.01521253585815
"2010-06-02T17:00:00",1,0.376047343015671
"2010-06-02T18:00:00",1,0.445050984621048
"2010-06-02T19:00:00",1,0.729120910167694
"2010-06-02T20:00:00",1,0.702800035476685
"2010-06-02T21:00:00",1,1.02576231956482
"2010-06-02T22:00:00",1,1.20937848091125
"2010-06-02T23:00:00",1,0.591530919075012
"2010-06-03T00:00:00",1,0.339953869581223
"2010-06-03T01:00:00",1,0.436106324195862
"2010-06-03T02:00:00",1,0.306473851203918
"2010-06-03T03:00:00",1,0.332277745008469
"2010-06-03T04:00:00",1,0.353757172822952
"2010-06-03T05:00:00",1,0.308810263872147
"2010-06-03T06:00:00",1,0.592246532440186
"2010-06-03T07:00:00",1,1.29726850986481
"2010-06-03T08:00:00",1,1.52988505363464
"2010-06-03T09:00:00",1,1.7224760055542
"2010-06-03T10:00:00",1,1.53954863548279
"2010-06-03T11:00:00",1,1.24972224235535
"2010-06-03T12:00:00",1,1.13483786582947
"2010-06-03T13:00:00",1,1.5173476934433
"2010-06-03T14:00:00",1,1.69379997253418
"2010-06-03T15:00:00",1,1.19687986373901
"2010-06-03T16:00:00",1,1.24056255817413
"2010-06-03T17:00:00",1,0.436508297920227
"2010-06-03T18:00:00",1,0.459274798631668
"2010-06-03T19:00:00",1,0.912195801734924
"2010-06-03T20:00:00",1,1.4047440290451
"2010-06-03T21:00:00",1,0.870356857776642
"2010-06-03T22:00:00",1,0.920584857463837
"2010-06-03T23:00:00",1,0.770270466804504
"2010-06-04T00:00:00",1,0.440616726875305
"2010-06-04T01:00:00",1,0.320466428995132
"2010-06-04T02:00:00",1,0.988197863101959
"2010-06-04T03:00:00",1,0.37131804227829
"2010-06-04T04:00:00",1,0.284068882465363
"2010-06-04T05:00:00",1,0.348329156637192
"2010-06-04T06:00:00",1,0.961298584938049
"2010-06-04T07:00:00",1,1.67881596088409
"2010-06-04T08:00:00",1,1.61182236671448
"2010-06-04T09:00:00",1,1.4437962770462
"2010-06-04T10:00:00",1,1.53456223011017
"2010-06-04T11:00:00",1,1.13781154155731
"2010-06-04T12:00:00",1,0.959331870079041
"2010-06-04T13:00:00",1,0.7996746301651
"2010-06-04T14:00:00",1,1.05363535881042
"2010-06-04T15:00:00",1,1.08025467395782
"2010-06-04T16:00:00",1,1.15255260467529
"2010-06-04T17:00:00",1,1.2138500213623
"2010-06-04T18:00:00",1,0.910920441150665
"2010-06-04T19:00:00",1,0.901288092136383
"2010-06-04T20:00:00",1,0.592434048652649
"2010-06-04T21:00:00",1,0.765312075614929
"2010-06-04T22:00:00",1,1.50948119163513
"2010-06-04T23:00:00",1,0.796973764896393
"2010-06-05T00:00:00",1,0.828176498413086
"2010-06-05T01:00:00",1,1.18078744411469
"2010-06-05T02:00:00",1,0.493163108825684
"2010-06-05T03:00:00",1,0.393319755792618
"2010-06-05T04:00:00",1,0.323163956403732
"2010-06-05T05:00:00",1,0.355523884296417
"2010-06-05T06:00:00",1,0.539758145809174
"2010-06-05T07:00:00",1,1.37586557865143
"2010-06-05T08:00:00",1,1.56407010555267
"2010-06-05T09:00:00",1,1.50122678279877
"2010-06-05T10:00:00",1,1.49943649768829
"2010-06-05T11:00:00",1,1.16591477394104
"2010-06-05T12:00:00",1,1.73897278308868
"2010-06-05T13:00:00",1,2.11064505577087
"2010-06-05T14:00:00",1,0.956687867641449
"2010-06-05T15:00:00",1,1.56599485874176
"2010-06-05T16:00:00",1,1.14011859893799
"2010-06-05T17:00:00",1,1.56564128398895
"2010-06-05T18:00:00",1,0.993786811828613
"2010-06-05T19:00:00",1,1.98661434650421
"2010-06-05T20:00:00",1,1.51336407661438
"2010-06-05T21:00:00",1,1.80254936218262
"2010-06-05T22:00:00",1,0.761046946048737
"2010-06-05T23:00:00",1,1.72208607196808
"2010-06-06T00:00:00",1,1.75661420822144
"2010-06-06T01:00:00",1,1.70871019363403
"2010-06-06T02:00:00",1,1.10880160331726
"2010-06-06T03:00:00",1,0.391039997339249
"2010-06-06T04:00:00",1,0.402362436056137
"2010-06-06T05:00:00",1,0.366724073886871
"2010-06-06T06:00:00",1,0.596946775913239
"2010-06-06T07:00:00",1,0.736561417579651
"2010-06-06T08:00:00",1,1.08336281776428
"2010-06-06T09:00:00",1,0.866495728492737
"2010-06-06T10:00:00",1,1.42492604255676
"2010-06-06T11:00:00",1,1.30898451805115
"2010-06-06T12:00:00",1,0.776865899562836
"2010-06-06T13:00:00",1,2.02617192268372
"2010-06-06T14:00:00",1,1.55651688575745
"2010-06-06T15:00:00",1,1.52625417709351
"2010-06-06T16:00:00",1,1.34287858009338
"2010-06-06T17:00:00",1,2.39243054389954
"2010-06-06T18:00:00",1,2.26529479026794
"2010-06-06T19:00:00",1,1.09398519992828
"2010-06-06T20:00:00",1,0.550820410251617
"2010-06-06T21:00:00",1,0.880501508712769
"2010-06-06T22:00:00",1,1.3723760843277
"2010-06-06T23:00:00",1,1.38742113113403
"2010-06-07T00:00:00",1,0.595806181430817
"2010-06-07T01:00:00",1,0.416391670703888
"2010-06-07T02:00:00",1,0.393951237201691
"2010-06-07T03:00:00",1,0.339187413454056
"2010-06-07T04:00:00",1,0.389838457107544
"2010-06-07T05:00:00",1,0.438895702362061
"2010-06-07T06:00:00",1,0.903194487094879
"2010-06-07T07:00:00",1,1.55150699615479
"2010-06-07T08:00:00",1,1.6529129743576
"2010-06-07T09:00:00",1,1.39815044403076
"2010-06-07T10:00:00",1,1.43753123283386
"2010-06-07T11:00:00",1,0.691646933555603
"2010-06-07T12:00:00",1,0.480112284421921
"2010-06-07T13:00:00",1,0.461537063121796
"2010-06-07T14:00:00",1,0.491709619760513
"2010-06-07T15:00:00",1,0.335544288158417
"2010-06-07T16:00:00",1,0.536292731761932
"2010-06-07T17:00:00",1,0.559205412864685
"2010-06-07T18:00:00",1,1.10957109928131
"2010-06-07T19:00:00",1,1.11224246025085
"2010-06-07T20:00:00",1,1.06085586547852
"2010-06-07T21:00:00",1,1.55949819087982
"2010-06-07T22:00:00",1,1.20006632804871
"2010-06-07T23:00:00",1,0.673079133033752
"2010-06-08T00:00:00",1,0.499904483556747
"2010-06-08T01:00:00",1,0.539683043956757
"2010-06-08T02:00:00",1,0.386814594268799
"2010-06-08T03:00:00",1,0.315037727355957
"2010-06-08T04:00:00",1,0.372736990451813
"2010-06-08T05:00:00",1,0.371037214994431
"2010-06-08T06:00:00",1,0.851107478141785
"2010-06-08T07:00:00",1,1.27620041370392
"2010-06-08T08:00:00",1,1.58636581897736
"2010-06-08T09:00:00",1,1.70757102966309
"2010-06-08T10:00:00",1,1.52164745330811
"2010-06-08T11:00:00",1,1.30093014240265
"2010-06-08T12:00:00",1,1.49756669998169
"2010-06-08T13:00:00",1,1.16627681255341
"2010-06-08T14:00:00",1,1.10029780864716
"2010-06-08T15:00:00",1,0.39864581823349
"2010-06-08T16:00:00",1,0.615625143051147
"2010-06-08T17:00:00",1,0.83134251832962
"2010-06-08T18:00:00",1,0.871285974979401
"2010-06-08T19:00:00",1,1.14581406116486
"2010-06-08T20:00:00",1,1.44344258308411
"2010-06-08T21:00:00",1,1.24773073196411
"2010-06-08T22:00:00",1,1.39976668357849
"2010-06-08T23:00:00",1,0.724009692668915
"2010-06-09T00:00:00",1,0.567907094955444
"2010-06-09T01:00:00",1,0.402241379022598
"2010-06-09T02:00:00",1,0.439873516559601
"2010-06-09T03:00:00",1,0.327363193035126
"2010-06-09T04:00:00",1,0.396154671907425
"2010-06-09T05:00:00",1,0.453560441732407
"2010-06-09T06:00:00",1,0.882130920886993
"2010-06-09T07:00:00",1,1.50003814697266
"2010-06-09T08:00:00",1,1.57722592353821
"2010-06-09T09:00:00",1,1.19845139980316
"2010-06-09T10:00:00",1,1.26783549785614
"2010-06-09T11:00:00",1,1.39164471626282
"2010-06-09T12:00:00",1,1.40489029884338
"2010-06-09T13:00:00",1,0.489732801914215
"2010-06-09T14:00:00",1,1.74929463863373
"2010-06-09T15:00:00",1,0.743548631668091
"2010-06-09T16:00:00",1,0.789762794971466
"2010-06-09T17:00:00",1,0.607165634632111
"2010-06-09T18:00:00",1,1.37289202213287
"2010-06-09T19:00:00",1,1.52020037174225
"2010-06-09T20:00:00",1,1.29475426673889
"2010-06-09T21:00:00",1,1.74377298355103
"2010-06-09T22:00:00",1,1.4957058429718
"2010-06-09T23:00:00",1,0.556524515151978
"2010-06-10T00:00:00",1,0.451543152332306
"2010-06-10T01:00:00",1,0.405971318483353
"2010-06-10T02:00:00",1,0.368089854717255
"2010-06-10T03:00:00",1,0.387507051229477
"2010-06-10T04:00:00",1,0.378934949636459
"2010-06-10T05:00:00",1,0.383280366659164
"2010-06-10T06:00:00",1,0.92143040895462
"2010-06-10T07:00:00",1,1.5649665594101
"2010-06-10T08:00:00",1,1.54934990406036
"2010-06-10T09:00:00",1,1.55781424045563
"2010-06-10T10:00:00",1,1.18012094497681
"2010-06-10T11:00:00",1,1.30964303016663
"2010-06-10T12:00:00",1,1.24288856983185
"2010-06-10T13:00:00",1,1.22343385219574
"2010-06-10T14:00:00",1,0.851124823093414
"2010-06-10T15:00:00",1,0.406042456626892
"2010-06-10T16:00:00",1,0.400795549154282
"2010-06-10T17:00:00",1,0.537388503551483
"2010-06-10T18:00:00",1,0.787507116794586
"2010-06-10T19:00:00",1,1.17660450935364
"2010-06-10T20:00:00",1,1.41397154331207
"2010-06-10T21:00:00",1,1.65081822872162
"2010-06-10T22:00:00",1,1.03512358665466
"2010-06-10T23:00:00",1,0.478934794664383
"2010-06-11T00:00:00",1,0.397473871707916
"2010-06-11T01:00:00",1,0.41211074590683
"2010-06-11T02:00:00",1,0.385166198015213
"2010-06-11T03:00:00",1,0.364816665649414
"2010-06-11T04:00:00",1,0.431799322366714
"2010-06-11T05:00:00",1,0.577930331230164
"2010-06-11T06:00:00",1,0.995959341526031
"2010-06-11T07:00:00",1,1.82817494869232
"2010-06-11T08:00:00",1,1.55376839637756
"2010-06-11T09:00:00",1,1.61821782588959
"2010-06-11T10:00:00",1,1.5644543170929
"2010-06-11T11:00:00",1,1.27059233188629
"2010-06-11T12:00:00",1,1.23616564273834
"2010-06-11T13:00:00",1,1.65623021125793
"2010-06-11T14:00:00",1,1.00946950912476
"2010-06-11T15:00:00",1,0.519835352897644
"2010-06-11T16:00:00",1,0.88763415813446
"2010-06-11T17:00:00",1,0.934705972671509
"2010-06-11T18:00:00",1,0.854462087154388
"2010-06-11T19:00:00",1,1.00346755981445
"2010-06-11T20:00:00",1,1.73765623569489
"2010-06-11T21:00:00",1,1.32834959030151
"2010-06-11T22:00:00",1,1.07346200942993
"2010-06-11T23:00:00",1,0.865542232990265
"2010-06-12T00:00:00",1,0.747530400753021
"2010-06-12T01:00:00",1,0.640204668045044
"2010-06-12T02:00:00",1,0.43586590886116
"2010-06-12T03:00:00",1,0.552524089813232
"2010-06-12T04:00:00",1,0.36744499206543
"2010-06-12T05:00:00",1,0.352311134338379
"2010-06-12T06:00:00",1,0.533710181713104
"2010-06-12T07:00:00",1,1.49149262905121
"2010-06-12T08:00:00",1,1.53741025924683
"2010-06-12T09:00:00",1,1.49506855010986
"2010-06-12T10:00:00",1,1.45104277133942
"2010-06-12T11:00:00",1,1.44089269638062
"2010-06-12T12:00:00",1,1.07472395896912
"2010-06-12T13:00:00",1,1.79030609130859
"2010-06-12T14:00:00",1,1.39434683322906
"2010-06-12T15:00:00",1,0.986487746238708
"2010-06-12T16:00:00",1,1.5128253698349
"2010-06-12T17:00:00",1,1.42218387126923
"2010-06-12T18:00:00",1,1.89153182506561
"2010-06-12T19:00:00",1,2.0201723575592
"2010-06-12T20:00:00",1,2.10746884346008
"2010-06-12T21:00:00",1,1.85116028785706
"2010-06-12T22:00:00",1,1.74039161205292
"2010-06-12T23:00:00",1,1.76458406448364
"2010-06-13T00:00:00",1,1.21086871623993
"2010-06-13T01:00:00",1,0.712828814983368
"2010-06-13T02:00:00",1,0.319126337766647
"2010-06-13T03:00:00",1,0.537767589092255
"2010-06-13T04:00:00",1,0.508011519908905
"2010-06-13T05:00:00",1,0.637687265872955
"2010-06-13T06:00:00",1,0.566287398338318
"2010-06-13T07:00:00",1,0.624423444271088
"2010-06-13T08:00:00",1,0.976978659629822
"2010-06-13T09:00:00",1,1.08306539058685
"2010-06-13T10:00:00",1,1.08619010448456
"2010-06-13T11:00:00",1,2.08117294311523
"2010-06-13T12:00:00",1,1.88723075389862
"2010-06-13T13:00:00",1,1.2098799943924
"2010-06-13T14:00:00",1,1.90908741950989
"2010-06-13T15:00:00",1,1.49817299842834
"2010-06-13T16:00:00",1,0.964659631252289
"2010-06-13T17:00:00",1,0.760994911193848
"2010-06-13T18:00:00",1,1.37529063224792
"2010-06-13T19:00:00",1,1.60001611709595
"2010-06-13T20:00:00",1,1.61307322978973
"2010-06-13T21:00:00",1,1.71057021617889
"2010-06-13T22:00:00",1,1.59183371067047
"2010-06-13T23:00:00",1,1.01728177070618
"2010-06-14T00:00:00",1,0.502717912197113
"2010-06-14T01:00:00",1,0.483243554830551
"2010-06-14T02:00:00",1,0.374620914459229
"2010-06-14T03:00:00",1,0.550097167491913
"2010-06-14T04:00:00",1,0.367092579603195
"2010-06-14T05:00:00",1,0.406483352184296
"2010-06-14T06:00:00",1,0.781225323677063
"2010-06-14T07:00:00",1,1.63777458667755
"2010-06-14T08:00:00",1,1.56031095981598
"2010-06-14T09:00:00",1,1.31656587123871
"2010-06-14T10:00:00",1,1.17670238018036
"2010-06-14T11:00:00",1,1.04863142967224
"2010-06-14T12:00:00",1,1.15544998645782
"2010-06-14T13:00:00",1,1.41002345085144
"2010-06-14T14:00:00",1,0.824898898601532
"2010-06-14T15:00:00",1,0.438600569963455
"2010-06-14T16:00:00",1,0.316358923912048
"2010-06-14T17:00:00",1,0.56249463558197
"2010-06-14T18:00:00",1,0.526998043060303
"2010-06-14T19:00:00",1,1.17169868946075
"2010-06-14T20:00:00",1,1.14331221580505
"2010-06-14T21:00:00",1,1.73637104034424
"2010-06-14T22:00:00",1,1.32626366615295
"2010-06-14T23:00:00",1,0.473241865634918
"2010-06-15T00:00:00",1,0.494895190000534
"2010-06-15T01:00:00",1,0.423246741294861
"2010-06-15T02:00:00",1,0.329036295413971
"2010-06-15T03:00:00",1,0.315969884395599
"2010-06-15T04:00:00",1,0.340852439403534
"2010-06-15T05:00:00",1,0.425109654664993
"2010-06-15T06:00:00",1,0.637988865375519
"2010-06-15T07:00:00",1,1.50740122795105
"2010-06-15T08:00:00",1,1.54039919376373
"2010-06-15T09:00:00",1,1.2867648601532
"2010-06-15T10:00:00",1,1.33601236343384
"2010-06-15T11:00:00",1,0.799878776073456
"2010-06-15T12:00:00",1,1.11513829231262
"2010-06-15T13:00:00",1,1.1549299955368
"2010-06-15T14:00:00",1,1.2984778881073
"2010-06-15T15:00:00",1,1.14130830764771
"2010-06-15T16:00:00",1,0.656270384788513
"2010-06-15T17:00:00",1,0.403850018978119
"2010-06-15T18:00:00",1,0.58348137140274
"2010-06-15T19:00:00",1,0.69876766204834
"2010-06-15T20:00:00",1,1.42026686668396
"2010-06-15T21:00:00",1,1.75329852104187
"2010-06-15T22:00:00",1,1.08388268947601
"2010-06-15T23:00:00",1,0.670780539512634
"2010-06-16T00:00:00",1,0.441675812005997
"2010-06-16T01:00:00",1,0.510935127735138
"2010-06-16T02:00:00",1,0.563056707382202
"2010-06-16T03:00:00",1,0.942080974578857
"2010-06-16T04:00:00",1,0.592860221862793
"2010-06-16T05:00:00",1,0.585996448993683
"2010-06-16T06:00:00",1,0.848222255706787
"2010-06-16T07:00:00",1,1.5950984954834
"2010-06-16T08:00:00",1,1.03736793994904
"2010-06-16T09:00:00",1,1.49861657619476
"2010-06-16T10:00:00",1,1.56819534301758
"2010-06-16T11:00:00",1,1.49111104011536
"2010-06-16T12:00:00",1,1.27491509914398
"2010-06-16T13:00:00",1,1.30771541595459
"2010-06-16T14:00:00",1,1.33847916126251
"2010-06-16T15:00:00",1,0.758053839206696
"2010-06-16T16:00:00",1,1.19368433952332
"2010-06-16T17:00:00",1,1.15037059783936
"2010-06-16T18:00:00",1,1.06263732910156
"2010-06-16T19:00:00",1,1.20996010303497
"2010-06-16T20:00:00",1,0.687525868415833
"2010-06-16T21:00:00",1,1.51562511920929
"2010-06-16T22:00:00",1,1.60678279399872
"2010-06-16T23:00:00",1,0.807541608810425
"2010-06-17T00:00:00",1,0.519631206989288
"2010-06-17T01:00:00",1,0.369714587926865
"2010-06-17T02:00:00",1,0.389498651027679
"2010-06-17T03:00:00",1,0.38440927863121
"2010-06-17T04:00:00",1,0.410505056381226
"2010-06-17T05:00:00",1,0.509771168231964
"2010-06-17T06:00:00",1,1.01864957809448
"2010-06-17T07:00:00",1,1.69208383560181
"2010-06-17T08:00:00",1,1.46853315830231
"2010-06-17T09:00:00",1,1.0873202085495
"2010-06-17T10:00:00",1,0.637097179889679
"2010-06-17T11:00:00",1,1.00349152088165
"2010-06-17T12:00:00",1,1.48450314998627
"2010-06-17T13:00:00",1,1.2283239364624
"2010-06-17T14:00:00",1,1.40290009975433
"2010-06-17T15:00:00",1,0.561798632144928
"2010-06-17T16:00:00",1,0.426320284605026
"2010-06-17T17:00:00",1,0.394147604703903
"2010-06-17T18:00:00",1,0.531201720237732
"2010-06-17T19:00:00",1,0.531802177429199
"2010-06-17T20:00:00",1,0.741935968399048
"2010-06-17T21:00:00",1,1.86496090888977
"2010-06-17T22:00:00",1,1.12486231327057
"2010-06-17T23:00:00",1,0.503735601902008
"2010-06-18T00:00:00",1,0.546686053276062
"2010-06-18T01:00:00",1,0.544216930866241
"2010-06-18T02:00:00",1,0.607430398464203
"2010-06-18T03:00:00",1,0.328919172286987
"2010-06-18T04:00:00",1,0.37262487411499
"2010-06-18T05:00:00",1,0.339492678642273
"2010-06-18T06:00:00",1,0.830852687358856
"2010-06-18T07:00:00",1,1.14855575561523
"2010-06-18T08:00:00",1,1.40807545185089
"2010-06-18T09:00:00",1,1.48354291915894
"2010-06-18T10:00:00",1,1.35592305660248
"2010-06-18T11:00:00",1,1.55835843086243
"2010-06-18T12:00:00",1,1.58916437625885
"2010-06-18T13:00:00",1,1.31712055206299
"2010-06-18T14:00:00",1,1.23569250106812
"2010-06-18T15:00:00",1,0.775777220726013
"2010-06-18T16:00:00",1,0.338001728057861
"2010-06-18T17:00:00",1,0.589942395687103
"2010-06-18T18:00:00",1,0.986950099468231
"2010-06-18T19:00:00",1,0.882995009422302
"2010-06-18T20:00:00",1,1.19094324111938
"2010-06-18T21:00:00",1,1.8169572353363
"2010-06-18T22:00:00",1,1.03180086612701
"2010-06-18T23:00:00",1,0.534708380699158
"2010-06-19T00:00:00",1,0.474078863859177
"2010-06-19T01:00:00",1,0.552083909511566
"2010-06-19T02:00:00",1,0.426510453224182
"2010-06-19T03:00:00",1,0.476790606975555
"2010-06-19T04:00:00",1,0.389331191778183
"2010-06-19T05:00:00",1,0.357846647500992
"2010-06-19T06:00:00",1,0.609649479389191
"2010-06-19T07:00:00",1,0.835566699504852
"2010-06-19T08:00:00",1,1.3741774559021
"2010-06-19T09:00:00",1,1.17155706882477
"2010-06-19T10:00:00",1,1.55633616447449
"2010-06-19T11:00:00",1,1.57235491275787
"2010-06-19T12:00:00",1,1.77432692050934
"2010-06-19T13:00:00",1,0.954604268074036
"2010-06-19T14:00:00",1,1.60961246490479
"2010-06-19T15:00:00",1,1.01100659370422
"2010-06-19T16:00:00",1,0.96717894077301
"2010-06-19T17:00:00",1,1.7481015920639
"2010-06-19T18:00:00",1,1.30163216590881
"2010-06-19T19:00:00",1,0.713987350463867
"2010-06-19T20:00:00",1,0.598183214664459
"2010-06-19T21:00:00",1,1.33910858631134
"2010-06-19T22:00:00",1,1.81900799274445
"2010-06-19T23:00:00",1,1.48990631103516
"2010-06-20T00:00:00",1,0.676229596138
"2010-06-20T01:00:00",1,0.521027266979218
"2010-06-20T02:00:00",1,0.424919098615646
"2010-06-20T03:00:00",1,0.329220116138458
"2010-06-20T04:00:00",1,0.394179344177246
"2010-06-20T05:00:00",1,0.278794646263123
"2010-06-20T06:00:00",1,0.54851895570755
"2010-06-20T07:00:00",1,0.588557481765747
"2010-06-20T08:00:00",1,0.732546865940094
"2010-06-20T09:00:00",1,1.20851969718933
"2010-06-20T10:00:00",1,1.27402353286743
"2010-06-20T11:00:00",1,1.30356991291046
"2010-06-20T12:00:00",1,1.44246995449066
"2010-06-20T13:00:00",1,1.76529109477997
"2010-06-20T14:00:00",1,1.55050647258759
"2010-06-20T15:00:00",1,1.2413637638092
"2010-06-20T16:00:00",1,0.519134998321533
"2010-06-20T17:00:00",1,0.77418977022171
"2010-06-20T18:00:00",1,1.582435131073
"2010-06-20T19:00:00",1,2.1400294303894
"2010-06-20T20:00:00",1,2.39033174514771
"2010-06-20T21:00:00",1,2.04052805900574
"2010-06-20T22:00:00",1,1.52668416500092
"2010-06-20T23:00:00",1,1.02622199058533
"2010-06-21T00:00:00",1,0.609056830406189
"2010-06-21T01:00:00",1,0.331156045198441
"2010-06-21T02:00:00",1,0.356464952230453
"2010-06-21T03:00:00",1,0.311629682779312
"2010-06-21T04:00:00",1,0.343521803617477
"2010-06-21T05:00:00",1,0.319852709770203
"2010-06-21T06:00:00",1,0.806459784507751
"2010-06-21T07:00:00",1,0.646505057811737
"2010-06-21T08:00:00",1,1.16598665714264
"2010-06-21T09:00:00",1,1.40125155448914
"2010-06-21T10:00:00",1,1.24886584281921
"2010-06-21T11:00:00",1,1.02847754955292
"2010-06-21T12:00:00",1,1.24921059608459
"2010-06-21T13:00:00",1,0.879063427448273
"2010-06-21T14:00:00",1,0.634618878364563
"2010-06-21T15:00:00",1,1.14883637428284
"2010-06-21T16:00:00",1,1.62256371974945
"2010-06-21T17:00:00",1,0.577292144298553
"2010-06-21T18:00:00",1,1.15255391597748
"2010-06-21T19:00:00",1,2.09688782691956
"2010-06-21T20:00:00",1,1.62631785869598
"2010-06-21T21:00:00",1,1.93302285671234
"2010-06-21T22:00:00",1,1.31716632843018
"2010-06-21T23:00:00",1,1.1098290681839
"2010-06-22T00:00:00",1,0.426181584596634
"2010-06-22T01:00:00",1,0.390491127967834
"2010-06-22T02:00:00",1,0.332943916320801
"2010-06-22T03:00:00",1,0.345577359199524
"2010-06-22T04:00:00",1,0.349057376384735
"2010-06-22T05:00:00",1,0.472792536020279
"2010-06-22T06:00:00",1,0.789689600467682
"2010-06-22T07:00:00",1,1.32602822780609
"2010-06-22T08:00:00",1,1.57032203674316
"2010-06-22T09:00:00",1,1.4574226140976
"2010-06-22T10:00:00",1,1.39167737960815
"2010-06-22T11:00:00",1,1.51807284355164
"2010-06-22T12:00:00",1,0.942859649658203
"2010-06-22T13:00:00",1,0.710192859172821
"2010-06-22T14:00:00",1,1.22373723983765
"2010-06-22T15:00:00",1,0.976454138755798
"2010-06-22T16:00:00",1,0.710553586483002
"2010-06-22T17:00:00",1,0.603085517883301
"2010-06-22T18:00:00",1,1.77961945533752
"2010-06-22T19:00:00",1,1.63514399528503
"2010-06-22T20:00:00",1,1.41883993148804
"2010-06-22T21:00:00",1,1.35572123527527
"2010-06-22T22:00:00",1,1.30576252937317
"2010-06-22T23:00:00",1,1.1431177854538
"2010-06-23T00:00:00",1,0.546252012252808
"2010-06-23T01:00:00",1,0.347598731517792
"2010-06-23T02:00:00",1,0.336680710315704
"2010-06-23T03:00:00",1,0.337209612131119
"2010-06-23T04:00:00",1,0.333476930856705
"2010-06-23T05:00:00",1,0.42947256565094
"2010-06-23T06:00:00",1,0.987281382083893
"2010-06-23T07:00:00",1,1.31306409835815
"2010-06-23T08:00:00",1,1.55077648162842
"2010-06-23T09:00:00",1,1.29217743873596
"2010-06-23T10:00:00",1,1.28891432285309
"2010-06-23T11:00:00",1,1.74607300758362
"2010-06-23T12:00:00",1,1.33315813541412
"2010-06-23T13:00:00",1,0.976719260215759
"2010-06-23T14:00:00",1,0.441250145435333
"2010-06-23T15:00:00",1,0.461709260940552
"2010-06-23T16:00:00",1,0.54673308134079
"2010-06-23T17:00:00",1,0.603942513465881
"2010-06-23T18:00:00",1,1.25664591789246
"2010-06-23T19:00:00",1,1.71905815601349
"2010-06-23T20:00:00",1,1.68005132675171
"2010-06-23T21:00:00",1,1.57713449001312
"2010-06-23T22:00:00",1,2.23111057281494
"2010-06-23T23:00:00",1,0.645521581172943
"2010-06-24T00:00:00",1,0.371187478303909
"2010-06-24T01:00:00",1,0.34844908118248
"2010-06-24T02:00:00",1,0.369542419910431
"2010-06-24T03:00:00",1,0.403000056743622
"2010-06-24T04:00:00",1,0.523381233215332
"2010-06-24T05:00:00",1,0.629378736019135
"2010-06-24T06:00:00",1,0.95938104391098
"2010-06-24T07:00:00",1,1.05697500705719
"2010-06-24T08:00:00",1,1.33882391452789
"2010-06-24T09:00:00",1,1.45512926578522
"2010-06-24T10:00:00",1,1.23645663261414
"2010-06-24T11:00:00",1,0.671448290348053
"2010-06-24T12:00:00",1,0.518828272819519
"2010-06-24T13:00:00",1,0.537800490856171
"2010-06-24T14:00:00",1,0.425605207681656
"2010-06-24T15:00:00",1,0.380427658557892
"2010-06-24T16:00:00",1,0.410171985626221
"2010-06-24T17:00:00",1,0.633673846721649
"2010-06-24T18:00:00",1,0.811511099338531
"2010-06-24T19:00:00",1,1.3962916135788
"2010-06-24T20:00:00",1,1.79917287826538
"2010-06-24T21:00:00",1,1.46258330345154
"2010-06-24T22:00:00",1,1.30683958530426
"2010-06-24T23:00:00",1,1.01295721530914
"2010-06-25T00:00:00",1,0.392430275678635
"2010-06-25T01:00:00",1,0.332076877355576
"2010-06-25T02:00:00",1,0.330800235271454
"2010-06-25T03:00:00",1,0.32368591427803
"2010-06-25T04:00:00",1,0.363620579242706
"2010-06-25T05:00:00",1,0.533761084079742
"2010-06-25T06:00:00",1,0.691593647003174
"2010-06-25T07:00:00",1,1.53058552742004
"2010-06-25T08:00:00",1,1.50428104400635
"2010-06-25T09:00:00",1,1.0635005235672
"2010-06-25T10:00:00",1,1.455894947052
"2010-06-25T11:00:00",1,1.33799612522125
"2010-06-25T12:00:00",1,1.44277191162109
"2010-06-25T13:00:00",1,1.47278559207916
"2010-06-25T14:00:00",1,0.793634712696075
"2010-06-25T15:00:00",1,0.34615159034729
"2010-06-25T16:00:00",1,0.338671416044235
"2010-06-25T17:00:00",1,0.55511474609375
"2010-06-25T18:00:00",1,0.798277378082275
"2010-06-25T19:00:00",1,0.881975471973419
"2010-06-25T20:00:00",1,0.835899710655212
"2010-06-25T21:00:00",1,0.876185595989227
"2010-06-25T22:00:00",1,1.52760410308838
"2010-06-25T23:00:00",1,1.017911195755
"2010-06-26T00:00:00",1,0.35005459189415
"2010-06-26T01:00:00",1,0.386207491159439
"2010-06-26T02:00:00",1,0.332145780324936
"2010-06-26T03:00:00",1,0.322618126869202
"2010-06-26T04:00:00",1,0.378070384263992
"2010-06-26T05:00:00",1,0.460565537214279
"2010-06-26T06:00:00",1,0.738512516021729
"2010-06-26T07:00:00",1,0.772281229496002
"2010-06-26T08:00:00",1,0.777514040470123
"2010-06-26T09:00:00",1,0.695906698703766
"2010-06-26T10:00:00",1,1.24900102615356
"2010-06-26T11:00:00",1,1.71338164806366
"2010-06-26T12:00:00",1,0.919797897338867
"2010-06-26T13:00:00",1,1.52050244808197
"2010-06-26T14:00:00",1,1.09542429447174
"2010-06-26T15:00:00",1,0.575815856456757
"2010-06-26T16:00:00",1,0.686466157436371
"2010-06-26T17:00:00",1,0.968385100364685
"2010-06-26T18:00:00",1,1.53892958164215
"2010-06-26T19:00:00",1,1.58664262294769
"2010-06-26T20:00:00",1,0.465225726366043
"2010-06-26T21:00:00",1,0.887147128582001
"2010-06-26T22:00:00",1,0.698310196399689
"2010-06-26T23:00:00",1,0.441995769739151
"2010-06-27T00:00:00",1,0.576061248779297
"2010-06-27T01:00:00",1,0.487013071775436
"2010-06-27T02:00:00",1,0.527363896369934
"2010-06-27T03:00:00",1,0.384596616029739
"2010-06-27T04:00:00",1,0.420741856098175
"2010-06-27T05:00:00",1,0.314575225114822
"2010-06-27T06:00:00",1,0.407769501209259
"2010-06-27T07:00:00",1,0.449068337678909
"2010-06-27T08:00:00",1,0.92452210187912
"2010-06-27T09:00:00",1,0.544812560081482
"2010-06-27T10:00:00",1,1.41959571838379
"2010-06-27T11:00:00",1,1.09436416625977
"2010-06-27T12:00:00",1,0.962121844291687
"2010-06-27T13:00:00",1,1.11721217632294
"2010-06-27T14:00:00",1,1.43982422351837
"2010-06-27T15:00:00",1,1.33391296863556
"2010-06-27T16:00:00",1,0.805047988891602
"2010-06-27T17:00:00",1,1.11929678916931
"2010-06-27T18:00:00",1,1.15070474147797
"2010-06-27T19:00:00",1,1.43758869171143
"2010-06-27T20:00:00",1,0.648566007614136
"2010-06-27T21:00:00",1,0.737357378005981
"2010-06-27T22:00:00",1,1.13056194782257
"2010-06-27T23:00:00",1,0.939262330532074
"2010-06-28T00:00:00",1,0.463017493486404
"2010-06-28T01:00:00",1,0.321785062551498
"2010-06-28T02:00:00",1,0.3753642141819
"2010-06-28T03:00:00",1,0.609275579452515
"2010-06-28T04:00:00",1,0.52502566576004
"2010-06-28T05:00:00",1,0.38297438621521
"2010-06-28T06:00:00",1,0.672263443470001
"2010-06-28T07:00:00",1,1.37518978118896
"2010-06-28T08:00:00",1,1.23077929019928
"2010-06-28T09:00:00",1,1.3029910326004
"2010-06-28T10:00:00",1,0.751619160175323
"2010-06-28T11:00:00",1,0.477467000484467
"2010-06-28T12:00:00",1,0.989072799682617
"2010-06-28T13:00:00",1,0.852514445781708
"2010-06-28T14:00:00",1,0.719199955463409
"2010-06-28T15:00:00",1,0.903069734573364
"2010-06-28T16:00:00",1,1.3817971944809
"2010-06-28T17:00:00",1,0.818488359451294
"2010-06-28T18:00:00",1,1.36596441268921
"2010-06-28T19:00:00",1,1.43571150302887
"2010-06-28T20:00:00",1,1.20624303817749
"2010-06-28T21:00:00",1,0.979360997676849
"2010-06-28T22:00:00",1,1.10395646095276
"2010-06-28T23:00:00",1,0.971666276454926
"2010-06-29T00:00:00",1,0.885270476341248
"2010-06-29T01:00:00",1,0.451954692602158
"2010-06-29T02:00:00",1,0.412887424230576
"2010-06-29T03:00:00",1,0.381144374608994
"2010-06-29T04:00:00",1,0.358542233705521
"2010-06-29T05:00:00",1,0.481605768203735
"2010-06-29T06:00:00",1,0.901485979557037
"2010-06-29T07:00:00",1,1.00569832324982
"2010-06-29T08:00:00",1,1.28528726100922
"2010-06-29T09:00:00",1,1.50592184066772
"2010-06-29T10:00:00",1,1.4848747253418
"2010-06-29T11:00:00",1,1.62928748130798
"2010-06-29T12:00:00",1,0.627744913101196
"2010-06-29T13:00:00",1,0.640634894371033
"2010-06-29T14:00:00",1,0.93837296962738
"2010-06-29T15:00:00",1,1.04160952568054
"2010-06-29T16:00:00",1,0.493397504091263
"2010-06-29T17:00:00",1,1.16259920597076
"2010-06-29T18:00:00",1,1.34481120109558
"2010-06-29T19:00:00",1,1.14153957366943
"2010-06-29T20:00:00",1,0.98887425661087
"2010-06-29T21:00:00",1,1.17262077331543
"2010-06-29T22:00:00",1,1.50765931606293
"2010-06-29T23:00:00",1,1.16684556007385
"2010-06-30T00:00:00",1,0.371421903371811
"2010-06-30T01:00:00",1,0.373581677675247
"2010-06-30T02:00:00",1,0.520560443401337
"2010-06-30T03:00:00",1,0.411047220230103
"2010-06-30T04:00:00",1,0.341279894113541
"2010-06-30T05:00:00",1,0.371158927679062
"2010-06-30T06:00:00",1,0.686764776706696
"2010-06-30T07:00:00",1,1.14887261390686
"2010-06-30T08:00:00",1,1.29757905006409
"2010-06-30T09:00:00",1,1.33965742588043
"2010-06-30T10:00:00",1,0.638889729976654
"2010-06-30T11:00:00",1,0.491040766239166
"2010-06-30T12:00:00",1,0.903847813606262
"2010-06-30T13:00:00",1,1.04574608802795
"2010-06-30T14:00:00",1,1.15114319324493
"2010-06-30T15:00:00",1,1.13906133174896
"2010-06-30T16:00:00",1,0.675985157489777
"2010-06-30T17:00:00",1,0.797460198402405
"2010-06-30T18:00:00",1,1.5031830072403
"2010-06-30T19:00:00",1,1.45043981075287
"2010-06-30T20:00:00",1,1.20423674583435
"2010-06-30T21:00:00",1,1.40596640110016
"2010-06-30T22:00:00",1,1.25068771839142
"2010-06-30T23:00:00",1,1.0504709482193
"2010-07-01T00:00:00",1,0.928974509239197
"2010-07-01T01:00:00",1,1.56412374973297
"2010-07-01T02:00:00",1,0.433032363653183
"2010-07-01T03:00:00",1,0.35256427526474
"2010-07-01T04:00:00",1,0.38144588470459
"2010-07-01T05:00:00",1,0.422567099332809
"2010-07-01T06:00:00",1,0.651421844959259
"2010-07-01T07:00:00",1,0.959805369377136
"2010-07-01T08:00:00",1,0.707294821739197
"2010-07-01T09:00:00",1,0.751551628112793
"2010-07-01T10:00:00",1,0.876437604427338
"2010-07-01T11:00:00",1,1.24393260478973
"2010-07-01T12:00:00",1,1.27746140956879
"2010-07-01T13:00:00",1,1.23159849643707
"2010-07-01T14:00:00",1,0.76080584526062
"2010-07-01T15:00:00",1,0.829298377037048
"2010-07-01T16:00:00",1,0.857097744941711
"2010-07-01T17:00:00",1,1.13882982730865
"2010-07-01T18:00:00",1,1.0789395570755
"2010-07-01T19:00:00",1,1.44094920158386
"2010-07-01T20:00:00",1,0.744448721408844
"2010-07-01T21:00:00",1,0.688139975070953
"2010-07-01T22:00:00",1,1.34336280822754
"2010-07-01T23:00:00",1,1.0934134721756
"2010-07-02T00:00:00",1,0.661864936351776
"2010-07-02T01:00:00",1,0.875469446182251
"2010-07-02T02:00:00",1,0.49650439620018
"2010-07-02T03:00:00",1,0.425399988889694
"2010-07-02T04:00:00",1,1.24119532108307
"2010-07-02T05:00:00",1,0.575969636440277
"2010-07-02T06:00:00",1,0.638749182224274
"2010-07-02T07:00:00",1,0.651656150817871
"2010-07-02T08:00:00",1,0.656874358654022
"2010-07-02T09:00:00",1,0.630922377109528
"2010-07-02T10:00:00",1,0.746653020381927
"2010-07-02T11:00:00",1,0.765754520893097
"2010-07-02T12:00:00",1,1.15166711807251
"2010-07-02T13:00:00",1,0.806684911251068
"2010-07-02T14:00:00",1,0.544289946556091
"2010-07-02T15:00:00",1,0.876665472984314
"2010-07-02T16:00:00",1,0.823588073253632
"2010-07-02T17:00:00",1,1.02089810371399
"2010-07-02T18:00:00",1,0.674307346343994
"2010-07-02T19:00:00",1,0.833319127559662
"2010-07-02T20:00:00",1,1.28484225273132
"2010-07-02T21:00:00",1,1.4550746679306
"2010-07-02T22:00:00",1,1.07624161243439
"2010-07-02T23:00:00",1,0.502515316009521
"2010-07-03T00:00:00",1,0.485248267650604
"2010-07-03T01:00:00",1,0.480333238840103
"2010-07-03T02:00:00",1,0.549982488155365
"2010-07-03T03:00:00",1,1.18182981014252
"2010-07-03T04:00:00",1,0.644558846950531
"2010-07-03T05:00:00",1,0.412594050168991
"2010-07-03T06:00:00",1,0.604414701461792
"2010-07-03T07:00:00",1,0.767103016376495
"2010-07-03T08:00:00",1,1.01373600959778
"2010-07-03T09:00:00",1,0.616297006607056
"2010-07-03T10:00:00",1,0.674587965011597
"2010-07-03T11:00:00",1,0.752326905727386
"2010-07-03T12:00:00",1,0.99018007516861
"2010-07-03T13:00:00",1,0.984291017055511
"2010-07-03T14:00:00",1,0.818842709064484
"2010-07-03T15:00:00",1,0.664721131324768
"2010-07-03T16:00:00",1,0.619846880435944
"2010-07-03T17:00:00",1,0.647758722305298
"2010-07-03T18:00:00",1,0.82830935716629
"2010-07-03T19:00:00",1,1.09138226509094
"2010-07-03T20:00:00",1,1.16760551929474
"2010-07-03T21:00:00",1,1.24605858325958
"2010-07-03T22:00:00",1,1.04823577404022
"2010-07-03T23:00:00",1,1.18916666507721
"2010-07-04T00:00:00",1,1.31914305686951
"2010-07-04T01:00:00",1,1.01459383964539
"2010-07-04T02:00:00",1,1.39661645889282
"2010-07-04T03:00:00",1,1.54465520381927
"2010-07-04T04:00:00",1,1.40257096290588
"2010-07-04T05:00:00",1,1.42672395706177
"2010-07-04T06:00:00",1,1.28302824497223
"2010-07-04T07:00:00",1,1.26848149299622
"2010-07-04T08:00:00",1,1.64663600921631
"2010-07-04T09:00:00",1,1.15877187252045
"2010-07-04T10:00:00",1,1.07637548446655
"2010-07-04T11:00:00",1,1.35710084438324
"2010-07-04T12:00:00",1,1.11236810684204
"2010-07-04T13:00:00",1,0.51242458820343
"2010-07-04T14:00:00",1,0.66359668970108
"2010-07-04T15:00:00",1,0.560337245464325
"2010-07-04T16:00:00",1,0.473004132509232
"2010-07-04T17:00:00",1,0.557292580604553
"2010-07-04T18:00:00",1,0.933540761470795
"2010-07-04T19:00:00",1,0.919871509075165
"2010-07-04T20:00:00",1,0.5787633061409
"2010-07-04T21:00:00",1,0.925743520259857
"2010-07-04T22:00:00",1,1.52744388580322
"2010-07-04T23:00:00",1,0.996977031230927
"2010-07-05T00:00:00",1,0.629777491092682
"2010-07-05T01:00:00",1,0.4273641705513
"2010-07-05T02:00:00",1,0.458175599575043
"2010-07-05T03:00:00",1,0.388024151325226
"2010-07-05T04:00:00",1,0.380122423171997
"2010-07-05T05:00:00",1,0.39468514919281
"2010-07-05T06:00:00",1,0.830836832523346
"2010-07-05T07:00:00",1,0.716912746429443
"2010-07-05T08:00:00",1,1.23937726020813
"2010-07-05T09:00:00",1,1.08625149726868
"2010-07-05T10:00:00",1,0.440049976110458
"2010-07-05T11:00:00",1,0.481962651014328
"2010-07-05T12:00:00",1,0.440993964672089
"2010-07-05T13:00:00",1,0.760292530059814
"2010-07-05T14:00:00",1,0.776202082633972
"2010-07-05T15:00:00",1,0.977855145931244
"2010-07-05T16:00:00",1,1.0808413028717
"2010-07-05T17:00:00",1,0.930100500583649
"2010-07-05T18:00:00",1,0.399630308151245
"2010-07-05T19:00:00",1,0.506239116191864
"2010-07-05T20:00:00",1,1.04072856903076
"2010-07-05T21:00:00",1,1.48648405075073
"2010-07-05T22:00:00",1,1.32036471366882
"2010-07-05T23:00:00",1,0.973863244056702
"2010-07-06T00:00:00",1,0.896278202533722
"2010-07-06T01:00:00",1,0.402717083692551
"2010-07-06T02:00:00",1,0.364662975072861
"2010-07-06T03:00:00",1,0.414011627435684
"2010-07-06T04:00:00",1,0.387420922517776
"2010-07-06T05:00:00",1,0.360855758190155
"2010-07-06T06:00:00",1,0.621656537055969
"2010-07-06T07:00:00",1,1.05823230743408
"2010-07-06T08:00:00",1,1.2232528924942
"2010-07-06T09:00:00",1,1.25826740264893
"2010-07-06T10:00:00",1,1.13470411300659
"2010-07-06T11:00:00",1,1.05522418022156
"2010-07-06T12:00:00",1,0.373155415058136
"2010-07-06T13:00:00",1,0.462021350860596
"2010-07-06T14:00:00",1,0.972434222698212
"2010-07-06T15:00:00",1,0.807003319263458
"2010-07-06T16:00:00",1,0.742530465126038
"2010-07-06T17:00:00",1,0.856396377086639
"2010-07-06T18:00:00",1,0.729951322078705
"2010-07-06T19:00:00",1,0.949217200279236
"2010-07-06T20:00:00",1,1.27117693424225
"2010-07-06T21:00:00",1,1.65440797805786
"2010-07-06T22:00:00",1,0.931633114814758
"2010-07-06T23:00:00",1,0.340994775295258
"2010-07-07T00:00:00",1,0.47021758556366
"2010-07-07T01:00:00",1,0.498879611492157
"2010-07-07T02:00:00",1,0.624568700790405
"2010-07-07T03:00:00",1,0.348480850458145
"2010-07-07T04:00:00",1,0.461233258247375
"2010-07-07T05:00:00",1,0.466240048408508
"2010-07-07T06:00:00",1,0.562331259250641
"2010-07-07T07:00:00",1,1.39068365097046
"2010-07-07T08:00:00",1,0.833454132080078
"2010-07-07T09:00:00",1,0.997837066650391
"2010-07-07T10:00:00",1,0.421829074621201
"2010-07-07T11:00:00",1,0.389710307121277
"2010-07-07T12:00:00",1,0.480809241533279
"2010-07-07T13:00:00",1,0.801397442817688
"2010-07-07T14:00:00",1,0.732437551021576
"2010-07-07T15:00:00",1,1.20193409919739
"2010-07-07T16:00:00",1,0.868183195590973
"2010-07-07T17:00:00",1,0.439489483833313
"2010-07-07T18:00:00",1,0.603665113449097
"2010-07-07T19:00:00",1,0.592773497104645
"2010-07-07T20:00:00",1,1.07448530197144
"2010-07-07T21:00:00",1,1.51552081108093
"2010-07-07T22:00:00",1,0.927392721176147
"2010-07-07T23:00:00",1,0.806325495243073
"2010-07-08T00:00:00",1,0.343169242143631
"2010-07-08T01:00:00",1,0.423742055892944
"2010-07-08T02:00:00",1,0.486458539962769
"2010-07-08T03:00:00",1,0.375112444162369
"2010-07-08T04:00:00",1,0.366771757602692
"2010-07-08T05:00:00",1,0.491743385791779
"2010-07-08T06:00:00",1,0.645645380020142
"2010-07-08T07:00:00",1,0.883627355098724
"2010-07-08T08:00:00",1,1.35182988643646
"2010-07-08T09:00:00",1,0.928221762180328
"2010-07-08T10:00:00",1,0.35108745098114
"2010-07-08T11:00:00",1,0.682234346866608
"2010-07-08T12:00:00",1,0.616952240467072
"2010-07-08T13:00:00",1,0.395596563816071
"2010-07-08T14:00:00",1,1.16675770282745
"2010-07-08T15:00:00",1,1.50296819210052
"2010-07-08T16:00:00",1,0.703957319259644
"2010-07-08T17:00:00",1,1.3089097738266
"2010-07-08T18:00:00",1,0.537318468093872
"2010-07-08T19:00:00",1,0.934416234493256
"2010-07-08T20:00:00",1,1.10936832427979
"2010-07-08T21:00:00",1,1.66977310180664
"2010-07-08T22:00:00",1,1.11931705474854
"2010-07-08T23:00:00",1,0.92649632692337
"2010-07-09T00:00:00",1,0.669759333133698
"2010-07-09T01:00:00",1,0.776790022850037
"2010-07-09T02:00:00",1,0.393626719713211
"2010-07-09T03:00:00",1,0.489014893770218
"2010-07-09T04:00:00",1,0.448109269142151
"2010-07-09T05:00:00",1,0.538090348243713
"2010-07-09T06:00:00",1,0.75077885389328
"2010-07-09T07:00:00",1,1.21059834957123
"2010-07-09T08:00:00",1,1.01725769042969
"2010-07-09T09:00:00",1,0.731810808181763
"2010-07-09T10:00:00",1,0.760916829109192
"2010-07-09T11:00:00",1,0.952420711517334
"2010-07-09T12:00:00",1,0.718351542949677
"2010-07-09T13:00:00",1,0.750830888748169
"2010-07-09T14:00:00",1,1.15975701808929
"2010-07-09T15:00:00",1,0.770601630210876
"2010-07-09T16:00:00",1,0.823009252548218
"2010-07-09T17:00:00",1,0.743690252304077
"2010-07-09T18:00:00",1,0.69577693939209
"2010-07-09T19:00:00",1,0.928768932819366
"2010-07-09T20:00:00",1,0.867640733718872
"2010-07-09T21:00:00",1,1.15713822841644
"2010-07-09T22:00:00",1,0.920774936676025
"2010-07-09T23:00:00",1,0.804182291030884
"2010-07-10T00:00:00",1,0.651197493076324
"2010-07-10T01:00:00",1,0.382414013147354
"2010-07-10T02:00:00",1,0.344368070363998
"2010-07-10T03:00:00",1,0.39715588092804
"2010-07-10T04:00:00",1,0.511083543300629
"2010-07-10T05:00:00",1,0.384847402572632
"2010-07-10T06:00:00",1,0.505557835102081
"2010-07-10T07:00:00",1,0.695846617221832
"2010-07-10T08:00:00",1,0.561650454998016
"2010-07-10T09:00:00",1,0.75226753950119
"2010-07-10T10:00:00",1,1.49860894680023
"2010-07-10T11:00:00",1,0.882141947746277
"2010-07-10T12:00:00",1,0.715472757816315
"2010-07-10T13:00:00",1,0.658284068107605
"2010-07-10T14:00:00",1,1.45425713062286
"2010-07-10T15:00:00",1,1.36335837841034
"2010-07-10T16:00:00",1,1.29739367961884
"2010-07-10T17:00:00",1,0.770134150981903
"2010-07-10T18:00:00",1,0.951949059963226
"2010-07-10T19:00:00",1,0.802765548229218
"2010-07-10T20:00:00",1,1.02716970443726
"2010-07-10T21:00:00",1,1.19689786434174
"2010-07-10T22:00:00",1,0.812865674495697
"2010-07-10T23:00:00",1,0.862060904502869
"2010-07-11T00:00:00",1,0.468654841184616
"2010-07-11T01:00:00",1,0.406150221824646
"2010-07-11T02:00:00",1,0.571217179298401
"2010-07-11T03:00:00",1,0.577394425868988
"2010-07-11T04:00:00",1,0.457541733980179
"2010-07-11T05:00:00",1,0.554616153240204
"2010-07-11T06:00:00",1,0.944460570812225
"2010-07-11T07:00:00",1,0.970676779747009
"2010-07-11T08:00:00",1,0.59030020236969
"2010-07-11T09:00:00",1,0.771702945232391
"2010-07-11T10:00:00",1,0.951206028461456
"2010-07-11T11:00:00",1,1.3587052822113
"2010-07-11T12:00:00",1,1.18014252185822
"2010-07-11T13:00:00",1,0.754295408725739
"2010-07-11T14:00:00",1,1.01374852657318
"2010-07-11T15:00:00",1,0.666696667671204
"2010-07-11T16:00:00",1,0.772063195705414
"2010-07-11T17:00:00",1,0.870286345481873
"2010-07-11T18:00:00",1,0.879091501235962
"2010-07-11T19:00:00",1,1.05920159816742
"2010-07-11T20:00:00",1,1.46858656406403
"2010-07-11T21:00:00",1,0.94758814573288
"2010-07-11T22:00:00",1,0.843473434448242
"2010-07-11T23:00:00",1,1.00931656360626
"2010-07-12T00:00:00",1,1.19901359081268
"2010-07-12T01:00:00",1,0.531206727027893
"2010-07-12T02:00:00",1,0.393146306276321
"2010-07-12T03:00:00",1,0.453658193349838
"2010-07-12T04:00:00",1,0.389297068119049
"2010-07-12T05:00:00",1,0.403176665306091
"2010-07-12T06:00:00",1,0.626522481441498
"2010-07-12T07:00:00",1,1.03384518623352
"2010-07-12T08:00:00",1,0.914276361465454
"2010-07-12T09:00:00",1,0.843814074993134
"2010-07-12T10:00:00",1,0.817329704761505
"2010-07-12T11:00:00",1,0.788319110870361
"2010-07-12T12:00:00",1,0.811380505561829
"2010-07-12T13:00:00",1,0.728254377841949
"2010-07-12T14:00:00",1,0.859479427337646
"2010-07-12T15:00:00",1,0.690990149974823
"2010-07-12T16:00:00",1,0.693684041500092
"2010-07-12T17:00:00",1,0.518110394477844
"2010-07-12T18:00:00",1,1.13747179508209
"2010-07-12T19:00:00",1,1.18983519077301
"2010-07-12T20:00:00",1,0.811964988708496
"2010-07-12T21:00:00",1,1.58303904533386
"2010-07-12T22:00:00",1,1.4037834405899
"2010-07-12T23:00:00",1,0.950538635253906
"2010-07-13T00:00:00",1,0.426603078842163
"2010-07-13T01:00:00",1,0.378726810216904
"2010-07-13T02:00:00",1,0.439493089914322
"2010-07-13T03:00:00",1,0.377645373344421
"2010-07-13T04:00:00",1,0.383568525314331
"2010-07-13T05:00:00",1,0.464912921190262
"2010-07-13T06:00:00",1,0.67155122756958
"2010-07-13T07:00:00",1,0.927679240703583
"2010-07-13T08:00:00",1,1.049729347229
"2010-07-13T09:00:00",1,1.34064614772797
"2010-07-13T10:00:00",1,1.34647500514984
"2010-07-13T11:00:00",1,0.584094345569611
"2010-07-13T12:00:00",1,0.688134431838989
"2010-07-13T13:00:00",1,0.725880861282349
"2010-07-13T14:00:00",1,1.17550313472748
"2010-07-13T15:00:00",1,1.18724822998047
"2010-07-13T16:00:00",1,0.80668318271637
"2010-07-13T17:00:00",1,0.566352248191833
"2010-07-13T18:00:00",1,0.730208873748779
"2010-07-13T19:00:00",1,1.20974600315094
"2010-07-13T20:00:00",1,1.3342376947403
"2010-07-13T21:00:00",1,1.4345680475235
"2010-07-13T22:00:00",1,1.47570049762726
"2010-07-13T23:00:00",1,0.906146585941315
"2010-07-14T00:00:00",1,0.548204779624939
"2010-07-14T01:00:00",1,0.418141216039658
"2010-07-14T02:00:00",1,0.507032454013824
"2010-07-14T03:00:00",1,0.477424770593643
"2010-07-14T04:00:00",1,0.365188241004944
"2010-07-14T05:00:00",1,0.438918948173523
"2010-07-14T06:00:00",1,0.691315174102783
"2010-07-14T07:00:00",1,0.860498547554016
"2010-07-14T08:00:00",1,1.25828850269318
"2010-07-14T09:00:00",1,1.09009838104248
"2010-07-14T10:00:00",1,0.88526064157486
"2010-07-14T11:00:00",1,0.686186075210571
"2010-07-14T12:00:00",1,0.935673296451569
"2010-07-14T13:00:00",1,1.06478118896484
"2010-07-14T14:00:00",1,1.14421451091766
"2010-07-14T15:00:00",1,1.09528255462646
"2010-07-14T16:00:00",1,0.809130311012268
"2010-07-14T17:00:00",1,0.621910989284515
"2010-07-14T18:00:00",1,0.707635641098022
"2010-07-14T19:00:00",1,0.824094533920288
"2010-07-14T20:00:00",1,1.34311711788177
"2010-07-14T21:00:00",1,1.29340052604675
"2010-07-14T22:00:00",1,1.4861695766449
"2010-07-14T23:00:00",1,1.2824479341507
"2010-07-15T00:00:00",1,1.75231862068176
"2010-07-15T01:00:00",1,1.50232076644897
"2010-07-15T02:00:00",1,0.984035015106201
"2010-07-15T03:00:00",1,0.759474217891693
"2010-07-15T04:00:00",1,0.386460661888123
"2010-07-15T05:00:00",1,0.479158401489258
"2010-07-15T06:00:00",1,0.693880975246429
"2010-07-15T07:00:00",1,1.34185039997101
"2010-07-15T08:00:00",1,0.845436453819275
"2010-07-15T09:00:00",1,0.824628412723541
"2010-07-15T10:00:00",1,1.1840740442276
"2010-07-15T11:00:00",1,0.768361926078796
"2010-07-15T12:00:00",1,0.744971573352814
"2010-07-15T13:00:00",1,0.709416627883911
"2010-07-15T14:00:00",1,0.648537456989288
"2010-07-15T15:00:00",1,0.707903265953064
"2010-07-15T16:00:00",1,1.2489937543869
"2010-07-15T17:00:00",1,0.845716834068298
"2010-07-15T18:00:00",1,0.607066869735718
"2010-07-15T19:00:00",1,0.858681440353394
"2010-07-15T20:00:00",1,0.956077635288239
"2010-07-15T21:00:00",1,1.11797273159027
"2010-07-15T22:00:00",1,1.53102171421051
"2010-07-15T23:00:00",1,1.16813635826111
"2010-07-16T00:00:00",1,0.69644296169281
"2010-07-16T01:00:00",1,0.517827451229095
"2010-07-16T02:00:00",1,0.45883384346962
"2010-07-16T03:00:00",1,0.397291779518127
"2010-07-16T04:00:00",1,0.446715950965881
"2010-07-16T05:00:00",1,0.439708948135376
"2010-07-16T06:00:00",1,0.895774841308594
"2010-07-16T07:00:00",1,0.757923483848572
"2010-07-16T08:00:00",1,0.614254713058472
"2010-07-16T09:00:00",1,1.19932341575623
"2010-07-16T10:00:00",1,0.866466045379639
"2010-07-16T11:00:00",1,0.864936172962189
"2010-07-16T12:00:00",1,0.476367086172104
"2010-07-16T13:00:00",1,0.547796607017517
"2010-07-16T14:00:00",1,0.845346808433533
"2010-07-16T15:00:00",1,0.948867559432983
"2010-07-16T16:00:00",1,1.21039855480194
"2010-07-16T17:00:00",1,0.737541615962982
"2010-07-16T18:00:00",1,0.511005699634552
"2010-07-16T19:00:00",1,0.530575811862946
"2010-07-16T20:00:00",1,0.61880624294281
"2010-07-16T21:00:00",1,0.589470207691193
"2010-07-16T22:00:00",1,1.35807752609253
"2010-07-16T23:00:00",1,0.985645651817322
"2010-07-17T00:00:00",1,0.603933870792389
"2010-07-17T01:00:00",1,0.554651081562042
"2010-07-17T02:00:00",1,0.651880443096161
"2010-07-17T03:00:00",1,0.725644469261169
"2010-07-17T04:00:00",1,0.364552170038223
"2010-07-17T05:00:00",1,0.350523769855499
"2010-07-17T06:00:00",1,0.375012218952179
"2010-07-17T07:00:00",1,0.422354429960251
"2010-07-17T08:00:00",1,0.489300668239594
"2010-07-17T09:00:00",1,0.958046555519104
"2010-07-17T10:00:00",1,1.26194715499878
"2010-07-17T11:00:00",1,1.24647879600525
"2010-07-17T12:00:00",1,0.549001276493073
"2010-07-17T13:00:00",1,0.563707828521729
"2010-07-17T14:00:00",1,0.605591595172882
"2010-07-17T15:00:00",1,0.490677237510681
"2010-07-17T16:00:00",1,0.44948336482048
"2010-07-17T17:00:00",1,0.484325408935547
"2010-07-17T18:00:00",1,0.457131117582321
"2010-07-17T19:00:00",1,0.506176114082336
"2010-07-17T20:00:00",1,0.517132639884949
"2010-07-17T21:00:00",1,1.15957462787628
"2010-07-17T22:00:00",1,1.1612583398819
"2010-07-17T23:00:00",1,0.767021775245667
"2010-07-18T00:00:00",1,0.638419151306152
"2010-07-18T01:00:00",1,0.479898005723953
"2010-07-18T02:00:00",1,0.444613188505173
"2010-07-18T03:00:00",1,0.371562898159027
"2010-07-18T04:00:00",1,0.60767650604248
"2010-07-18T05:00:00",1,0.277888715267181
"2010-07-18T06:00:00",1,0.370771765708923
"2010-07-18T07:00:00",1,0.477236568927765
"2010-07-18T08:00:00",1,0.758090019226074
"2010-07-18T09:00:00",1,0.424477815628052
"2010-07-18T10:00:00",1,0.565053582191467
"2010-07-18T11:00:00",1,0.348051816225052
"2010-07-18T12:00:00",1,0.35135817527771
"2010-07-18T13:00:00",1,0.49375918507576
"2010-07-18T14:00:00",1,0.424825698137283
"2010-07-18T15:00:00",1,0.549199521541595
"2010-07-18T16:00:00",1,0.289198249578476
"2010-07-18T17:00:00",1,0.401915520429611
"2010-07-18T18:00:00",1,0.410309731960297
"2010-07-18T19:00:00",1,0.780839443206787
"2010-07-18T20:00:00",1,1.09325540065765
"2010-07-18T21:00:00",1,1.14550769329071
"2010-07-18T22:00:00",1,1.22344648838043
"2010-07-18T23:00:00",1,0.836650133132935
"2010-07-19T00:00:00",1,0.837504148483276
"2010-07-19T01:00:00",1,0.350135952234268
"2010-07-19T02:00:00",1,0.339387685060501
"2010-07-19T03:00:00",1,0.292707800865173
"2010-07-19T04:00:00",1,0.294203847646713
"2010-07-19T05:00:00",1,0.314924448728561
"2010-07-19T06:00:00",1,0.563549697399139
"2010-07-19T07:00:00",1,1.10068917274475
"2010-07-19T08:00:00",1,0.755430221557617
"2010-07-19T09:00:00",1,0.379963517189026
"2010-07-19T10:00:00",1,0.401099354028702
"2010-07-19T11:00:00",1,0.478316098451614
"2010-07-19T12:00:00",1,0.409983992576599
"2010-07-19T13:00:00",1,0.32375630736351
"2010-07-19T14:00:00",1,0.527817904949188
"2010-07-19T15:00:00",1,0.655133724212646
"2010-07-19T16:00:00",1,0.716342091560364
"2010-07-19T17:00:00",1,0.58126574754715
"2010-07-19T18:00:00",1,1.13347041606903
"2010-07-19T19:00:00",1,1.31037962436676
"2010-07-19T20:00:00",1,1.28111886978149
"2010-07-19T21:00:00",1,0.504662692546844
"2010-07-19T22:00:00",1,0.545085787773132
"2010-07-19T23:00:00",1,0.889841496944427
"2010-07-20T00:00:00",1,0.344529032707214
"2010-07-20T01:00:00",1,0.426741749048233
"2010-07-20T02:00:00",1,0.364723384380341
"2010-07-20T03:00:00",1,0.482128202915192
"2010-07-20T04:00:00",1,0.454418331384659
"2010-07-20T05:00:00",1,0.356665432453156
"2010-07-20T06:00:00",1,0.69545578956604
"2010-07-20T07:00:00",1,1.29274809360504
"2010-07-20T08:00:00",1,0.495191216468811
"2010-07-20T09:00:00",1,0.450356960296631
"2010-07-20T10:00:00",1,0.487472385168076
"2010-07-20T11:00:00",1,0.883889675140381
"2010-07-20T12:00:00",1,0.775003671646118
"2010-07-20T13:00:00",1,0.451054155826569
"2010-07-20T14:00:00",1,0.492634415626526
"2010-07-20T15:00:00",1,0.456457436084747
"2010-07-20T16:00:00",1,0.350993633270264
"2010-07-20T17:00:00",1,0.474853008985519
"2010-07-20T18:00:00",1,0.986244797706604
"2010-07-20T19:00:00",1,0.906496822834015
"2010-07-20T20:00:00",1,1.02293145656586
"2010-07-20T21:00:00",1,1.719522356987
"2010-07-20T22:00:00",1,1.02177083492279
"2010-07-20T23:00:00",1,0.635159611701965
"2010-07-21T00:00:00",1,0.633077144622803
"2010-07-21T01:00:00",1,0.579446077346802
"2010-07-21T02:00:00",1,0.525410175323486
"2010-07-21T03:00:00",1,0.358939826488495
"2010-07-21T04:00:00",1,0.333825051784515
"2010-07-21T05:00:00",1,0.364206731319427
"2010-07-21T06:00:00",1,0.642482399940491
"2010-07-21T07:00:00",1,0.626631081104279
"2010-07-21T08:00:00",1,0.832467198371887
"2010-07-21T09:00:00",1,0.757261753082275
"2010-07-21T10:00:00",1,0.492177128791809
"2010-07-21T11:00:00",1,0.485277384519577
"2010-07-21T12:00:00",1,0.485982120037079
"2010-07-21T13:00:00",1,0.386237949132919
"2010-07-21T14:00:00",1,0.720137476921082
"2010-07-21T15:00:00",1,0.767111778259277
"2010-07-21T16:00:00",1,0.716754078865051
"2010-07-21T17:00:00",1,1.01863241195679
"2010-07-21T18:00:00",1,0.834317326545715
"2010-07-21T19:00:00",1,0.651795983314514
"2010-07-21T20:00:00",1,0.95536345243454
"2010-07-21T21:00:00",1,1.44422888755798
"2010-07-21T22:00:00",1,0.81242036819458
"2010-07-21T23:00:00",1,1.24572050571442
"2010-07-22T00:00:00",1,1.70242404937744
"2010-07-22T01:00:00",1,1.4594304561615
"2010-07-22T02:00:00",1,1.47620940208435
"2010-07-22T03:00:00",1,1.14358174800873
"2010-07-22T04:00:00",1,1.123779296875
"2010-07-22T05:00:00",1,1.02828764915466
"2010-07-22T06:00:00",1,0.626390218734741
"2010-07-22T07:00:00",1,0.716826617717743
"2010-07-22T08:00:00",1,0.762666761875153
"2010-07-22T09:00:00",1,0.830418527126312
"2010-07-22T10:00:00",1,0.565351545810699
"2010-07-22T11:00:00",1,0.479364395141602
"2010-07-22T12:00:00",1,0.48222616314888
"2010-07-22T13:00:00",1,0.522654473781586
"2010-07-22T14:00:00",1,0.540557265281677
"2010-07-22T15:00:00",1,1.15946877002716
"2010-07-22T16:00:00",1,0.556528806686401
"2010-07-22T17:00:00",1,0.584446966648102
"2010-07-22T18:00:00",1,0.577809154987335
"2010-07-22T19:00:00",1,0.670296192169189
"2010-07-22T20:00:00",1,0.659540355205536
"2010-07-22T21:00:00",1,0.655201971530914
"2010-07-22T22:00:00",1,1.2155305147171
"2010-07-22T23:00:00",1,1.40681540966034
"2010-07-23T00:00:00",1,0.542551517486572
"2010-07-23T01:00:00",1,0.51705139875412
"2010-07-23T02:00:00",1,0.83688098192215
"2010-07-23T03:00:00",1,0.593737065792084
"2010-07-23T04:00:00",1,0.870100200176239
"2010-07-23T05:00:00",1,0.611923217773438
"2010-07-23T06:00:00",1,0.637667715549469
"2010-07-23T07:00:00",1,0.544311046600342
"2010-07-23T08:00:00",1,0.578086197376251
"2010-07-23T09:00:00",1,0.756307899951935
"2010-07-23T10:00:00",1,1.17899298667908
"2010-07-23T11:00:00",1,0.551706969738007
"2010-07-23T12:00:00",1,0.437307417392731
"2010-07-23T13:00:00",1,0.798755705356598
"2010-07-23T14:00:00",1,0.904432654380798
"2010-07-23T15:00:00",1,0.672678768634796
"2010-07-23T16:00:00",1,0.849671423435211
"2010-07-23T17:00:00",1,0.718785107135773
"2010-07-23T18:00:00",1,0.492201864719391
"2010-07-23T19:00:00",1,0.553737998008728
"2010-07-23T20:00:00",1,1.43380963802338
"2010-07-23T21:00:00",1,1.39426589012146
"2010-07-23T22:00:00",1,1.52558672428131
"2010-07-23T23:00:00",1,0.583519816398621
"2010-07-24T00:00:00",1,0.465561330318451
"2010-07-24T01:00:00",1,0.77922660112381
"2010-07-24T02:00:00",1,0.650247693061829
"2010-07-24T03:00:00",1,0.516626834869385
"2010-07-24T04:00:00",1,0.412877917289734
"2010-07-24T05:00:00",1,0.354235857725143
"2010-07-24T06:00:00",1,0.398818761110306
"2010-07-24T07:00:00",1,0.617918848991394
"2010-07-24T08:00:00",1,0.897762835025787
"2010-07-24T09:00:00",1,0.993330061435699
"2010-07-24T10:00:00",1,0.558564841747284
"2010-07-24T11:00:00",1,0.509449481964111
"2010-07-24T12:00:00",1,0.591669380664825
"2010-07-24T13:00:00",1,0.869461715221405
"2010-07-24T14:00:00",1,0.878069519996643
"2010-07-24T15:00:00",1,0.489128112792969
"2010-07-24T16:00:00",1,0.487034618854523
"2010-07-24T17:00:00",1,0.486595809459686
"2010-07-24T18:00:00",1,0.488501578569412
"2010-07-24T19:00:00",1,0.992711007595062
"2010-07-24T20:00:00",1,1.20022654533386
"2010-07-24T21:00:00",1,0.965117752552032
"2010-07-24T22:00:00",1,1.47234737873077
"2010-07-24T23:00:00",1,0.857508838176727
"2010-07-25T00:00:00",1,0.697387278079987
"2010-07-25T01:00:00",1,0.694646179676056
"2010-07-25T02:00:00",1,0.550607919692993
"2010-07-25T03:00:00",1,0.414021700620651
"2010-07-25T04:00:00",1,0.375031709671021
"2010-07-25T05:00:00",1,0.397115647792816
"2010-07-25T06:00:00",1,0.405508309602737
"2010-07-25T07:00:00",1,0.812578678131104
"2010-07-25T08:00:00",1,0.880142390727997
"2010-07-25T09:00:00",1,0.573955953121185
"2010-07-25T10:00:00",1,0.528226852416992
"2010-07-25T11:00:00",1,1.24400901794434
"2010-07-25T12:00:00",1,1.32896256446838
"2010-07-25T13:00:00",1,1.34707236289978
"2010-07-25T14:00:00",1,0.792403280735016
"2010-07-25T15:00:00",1,0.449963122606277
"2010-07-25T16:00:00",1,0.470646411180496
"2010-07-25T17:00:00",1,0.583197772502899
"2010-07-25T18:00:00",1,0.625217497348785
"2010-07-25T19:00:00",1,0.720815300941467
"2010-07-25T20:00:00",1,1.03411793708801
"2010-07-25T21:00:00",1,1.25439751148224
"2010-07-25T22:00:00",1,0.90663343667984
"2010-07-25T23:00:00",1,0.772830486297607
"2010-07-26T00:00:00",1,1.52300226688385
"2010-07-26T01:00:00",1,0.292186260223389
"2010-07-26T02:00:00",1,0.425867587327957
"2010-07-26T03:00:00",1,0.337954491376877
"2010-07-26T04:00:00",1,0.400065153837204
"2010-07-26T05:00:00",1,0.335473746061325
"2010-07-26T06:00:00",1,0.756654381752014
"2010-07-26T07:00:00",1,0.757605075836182
"2010-07-26T08:00:00",1,0.670076906681061
"2010-07-26T09:00:00",1,1.44348478317261
"2010-07-26T10:00:00",1,0.507760167121887
"2010-07-26T11:00:00",1,0.698124408721924
"2010-07-26T12:00:00",1,1.12222874164581
"2010-07-26T13:00:00",1,0.56414532661438
"2010-07-26T14:00:00",1,0.370665460824966
"2010-07-26T15:00:00",1,0.400838583707809
"2010-07-26T16:00:00",1,0.318196296691895
"2010-07-26T17:00:00",1,0.440962940454483
"2010-07-26T18:00:00",1,0.413748383522034
"2010-07-26T19:00:00",1,0.624531865119934
"2010-07-26T20:00:00",1,0.632612645626068
"2010-07-26T21:00:00",1,0.595756232738495
"2010-07-26T22:00:00",1,1.20489764213562
"2010-07-26T23:00:00",1,1.13848149776459
"2010-07-27T00:00:00",1,0.95503842830658
"2010-07-27T01:00:00",1,1.06767797470093
"2010-07-27T02:00:00",1,1.39729690551758
"2010-07-27T03:00:00",1,0.372893929481506
"2010-07-27T04:00:00",1,0.346861094236374
"2010-07-27T05:00:00",1,0.319220393896103
"2010-07-27T06:00:00",1,0.486193150281906
"2010-07-27T07:00:00",1,0.439807683229446
"2010-07-27T08:00:00",1,0.459403932094574
"2010-07-27T09:00:00",1,0.517385900020599
"2010-07-27T10:00:00",1,1.04019904136658
"2010-07-27T11:00:00",1,0.916408181190491
"2010-07-27T12:00:00",1,0.678045868873596
"2010-07-27T13:00:00",1,0.776597201824188
"2010-07-27T14:00:00",1,0.544409275054932
"2010-07-27T15:00:00",1,0.321105241775513
"2010-07-27T16:00:00",1,0.848882079124451
"2010-07-27T17:00:00",1,0.359294176101685
"2010-07-27T18:00:00",1,0.39634570479393
"2010-07-27T19:00:00",1,0.561908543109894
"2010-07-27T20:00:00",1,0.398979693651199
"2010-07-27T21:00:00",1,0.660806000232697
"2010-07-27T22:00:00",1,1.07669913768768
"2010-07-27T23:00:00",1,1.20366096496582
"2010-07-28T00:00:00",1,0.828607141971588
"2010-07-28T01:00:00",1,0.946024656295776
"2010-07-28T02:00:00",1,1.16864681243896
"2010-07-28T03:00:00",1,0.384639173746109
"2010-07-28T04:00:00",1,0.346707195043564
"2010-07-28T05:00:00",1,0.319181978702545
"2010-07-28T06:00:00",1,0.397873371839523
"2010-07-28T07:00:00",1,0.862951338291168
"2010-07-28T08:00:00",1,1.31560015678406
"2010-07-28T09:00:00",1,1.0487505197525
"2010-07-28T10:00:00",1,0.87406325340271
"2010-07-28T11:00:00",1,0.408384621143341
"2010-07-28T12:00:00",1,0.416022330522537
"2010-07-28T13:00:00",1,0.440407574176788
"2010-07-28T14:00:00",1,0.380894273519516
"2010-07-28T15:00:00",1,0.348247081041336
"2010-07-28T16:00:00",1,0.469882428646088
"2010-07-28T17:00:00",1,0.450218945741653
"2010-07-28T18:00:00",1,0.520574748516083
"2010-07-28T19:00:00",1,0.752106428146362
"2010-07-28T20:00:00",1,0.969995617866516
"2010-07-28T21:00:00",1,1.0228613615036
"2010-07-28T22:00:00",1,0.471233904361725
"2010-07-28T23:00:00",1,0.472974479198456
"2010-07-29T00:00:00",1,0.25358459353447
"2010-07-29T01:00:00",1,0.350613355636597
"2010-07-29T02:00:00",1,0.352983921766281
"2010-07-29T03:00:00",1,0.358019262552261
"2010-07-29T04:00:00",1,0.403028160333633
"2010-07-29T05:00:00",1,0.35860201716423
"2010-07-29T06:00:00",1,0.564394176006317
"2010-07-29T07:00:00",1,0.612122654914856
"2010-07-29T08:00:00",1,1.03035235404968
"2010-07-29T09:00:00",1,0.296674430370331
"2010-07-29T10:00:00",1,0.403731673955917
"2010-07-29T11:00:00",1,0.335161119699478
"2010-07-29T12:00:00",1,0.329003721475601
"2010-07-29T13:00:00",1,0.29712125658989
"2010-07-29T14:00:00",1,0.38814651966095
"2010-07-29T15:00:00",1,0.386750966310501
"2010-07-29T16:00:00",1,0.344083577394485
"2010-07-29T17:00:00",1,0.440390378236771
"2010-07-29T18:00:00",1,0.443503618240356
"2010-07-29T19:00:00",1,0.940156102180481
"2010-07-29T20:00:00",1,0.49405100941658
"2010-07-29T21:00:00",1,0.368622362613678
"2010-07-29T22:00:00",1,0.272032111883163
"2010-07-29T23:00:00",1,0.348499059677124
"2010-07-30T00:00:00",1,0.366547882556915
"2010-07-30T01:00:00",1,0.363663285970688
"2010-07-30T02:00:00",1,0.396479189395905
"2010-07-30T03:00:00",1,0.330602586269379
"2010-07-30T04:00:00",1,0.365869253873825
"2010-07-30T05:00:00",1,0.373595535755157
"2010-07-30T06:00:00",1,0.508625388145447
"2010-07-30T07:00:00",1,0.756585419178009
"2010-07-30T08:00:00",1,0.459893524646759
"2010-07-30T09:00:00",1,0.608895421028137
"2010-07-30T10:00:00",1,0.371841341257095
"2010-07-30T11:00:00",1,0.321698993444443
"2010-07-30T12:00:00",1,0.337116897106171
"2010-07-30T13:00:00",1,0.342748701572418
"2010-07-30T14:00:00",1,0.353268146514893
"2010-07-30T15:00:00",1,0.376666218042374
"2010-07-30T16:00:00",1,0.34332600235939
"2010-07-30T17:00:00",1,0.418593645095825
"2010-07-30T18:00:00",1,0.740953624248505
"2010-07-30T19:00:00",1,0.672859668731689
"2010-07-30T20:00:00",1,0.266739040613174
"2010-07-30T21:00:00",1,0.285292983055115
"2010-07-30T22:00:00",1,0.288565635681152
"2010-07-30T23:00:00",1,0.400909394025803
"2010-07-31T00:00:00",1,0.343216478824615
"2010-07-31T01:00:00",1,0.397343665361404
"2010-07-31T02:00:00",1,0.345412224531174
"2010-07-31T03:00:00",1,0.37293416261673
"2010-07-31T04:00:00",1,0.35196179151535
"2010-07-31T05:00:00",1,0.614226162433624
"2010-07-31T06:00:00",1,0.498829483985901
"2010-07-31T07:00:00",1,0.510421454906464
"2010-07-31T08:00:00",1,0.426764667034149
"2010-07-31T09:00:00",1,0.31975245475769
"2010-07-31T10:00:00",1,0.366370260715485
"2010-07-31T11:00:00",1,0.354657977819443
"2010-07-31T12:00:00",1,0.465039163827896
"2010-07-31T13:00:00",1,0.439163476228714
"2010-07-31T14:00:00",1,0.526244282722473
"2010-07-31T15:00:00",1,0.383402526378632
"2010-07-31T16:00:00",1,0.593444168567657
"2010-07-31T17:00:00",1,0.777570962905884
"2010-07-31T18:00:00",1,0.578708231449127
"2010-07-31T19:00:00",1,0.486356377601624
"2010-07-31T20:00:00",1,0.468281328678131
"2010-07-31T21:00:00",1,0.38815313577652
"2010-07-31T22:00:00",1,0.338510721921921
"2010-07-31T23:00:00",1,0.328455179929733
"2010-08-01T00:00:00",1,0.334621727466583
"2010-08-01T01:00:00",1,0.390725404024124
"2010-08-01T02:00:00",1,0.353968977928162
"2010-08-01T03:00:00",1,0.407305419445038
"2010-08-01T04:00:00",1,0.417748779058456
"2010-08-01T05:00:00",1,0.56743597984314
"2010-08-01T06:00:00",1,0.337390661239624
"2010-08-01T07:00:00",1,0.353982239961624
"2010-08-01T08:00:00",1,0.330936789512634
"2010-08-01T09:00:00",1,0.336576610803604
"2010-08-01T10:00:00",1,0.355975419282913
"2010-08-01T11:00:00",1,0.363149791955948
"2010-08-01T12:00:00",1,0.492343306541443
"2010-08-01T13:00:00",1,0.359819918870926
"2010-08-01T14:00:00",1,0.478675335645676
"2010-08-01T15:00:00",1,0.336036920547485
"2010-08-01T16:00:00",1,0.561689615249634
"2010-08-01T17:00:00",1,0.73474383354187
"2010-08-01T18:00:00",1,0.528460144996643
"2010-08-01T19:00:00",1,0.34017613530159
"2010-08-01T20:00:00",1,0.327175915241241
"2010-08-01T21:00:00",1,0.415264219045639
"2010-08-01T22:00:00",1,0.318626493215561
"2010-08-01T23:00:00",1,0.289556950330734
"2010-08-02T00:00:00",1,0.368655920028687
"2010-08-02T01:00:00",1,0.370824545621872
"2010-08-02T02:00:00",1,0.328346073627472
"2010-08-02T03:00:00",1,0.374230206012726
"2010-08-02T04:00:00",1,0.452751576900482
"2010-08-02T05:00:00",1,0.505293250083923
"2010-08-02T06:00:00",1,0.376165360212326
"2010-08-02T07:00:00",1,0.447320163249969
"2010-08-02T08:00:00",1,0.349891662597656
"2010-08-02T09:00:00",1,0.33980929851532
"2010-08-02T10:00:00",1,0.355012118816376
"2010-08-02T11:00:00",1,0.341291666030884
"2010-08-02T12:00:00",1,0.453869760036469
"2010-08-02T13:00:00",1,0.285084843635559
"2010-08-02T14:00:00",1,0.395276188850403
"2010-08-02T15:00:00",1,0.339762955904007
"2010-08-02T16:00:00",1,0.60474044084549
"2010-08-02T17:00:00",1,0.671754360198975
"2010-08-02T18:00:00",1,0.593786120414734
"2010-08-02T19:00:00",1,0.354237049818039
"2010-08-02T20:00:00",1,0.302327811717987
"2010-08-02T21:00:00",1,0.341207981109619
"2010-08-02T22:00:00",1,0.276530683040619
"2010-08-02T23:00:00",1,0.319383442401886
"2010-08-03T00:00:00",1,0.329363286495209
"2010-08-03T01:00:00",1,0.385778188705444
"2010-08-03T02:00:00",1,0.346535056829453
"2010-08-03T03:00:00",1,0.403083443641663
"2010-08-03T04:00:00",1,0.491429537534714
"2010-08-03T05:00:00",1,0.344677835702896
"2010-08-03T06:00:00",1,0.523767352104187
"2010-08-03T07:00:00",1,0.395141154527664
"2010-08-03T08:00:00",1,0.383418262004852
"2010-08-03T09:00:00",1,0.385482490062714
"2010-08-03T10:00:00",1,0.600311040878296
"2010-08-03T11:00:00",1,0.445871233940125
"2010-08-03T12:00:00",1,0.518088638782501
"2010-08-03T13:00:00",1,0.435576111078262
"2010-08-03T14:00:00",1,0.483229219913483
"2010-08-03T15:00:00",1,0.511525273323059
"2010-08-03T16:00:00",1,0.61485880613327
"2010-08-03T17:00:00",1,1.07775640487671
"2010-08-03T18:00:00",1,0.668283462524414
"2010-08-03T19:00:00",1,0.546548366546631
"2010-08-03T20:00:00",1,0.605748176574707
"2010-08-03T21:00:00",1,0.600519895553589
"2010-08-03T22:00:00",1,0.412341386079788
"2010-08-03T23:00:00",1,0.50572395324707
"2010-08-04T00:00:00",1,0.374516278505325
"2010-08-04T01:00:00",1,0.437165319919586
"2010-08-04T02:00:00",1,0.402600198984146
"2010-08-04T03:00:00",1,0.488337934017181
"2010-08-04T04:00:00",1,0.696612358093262
"2010-08-04T05:00:00",1,0.274430155754089
"2010-08-04T06:00:00",1,0.374887228012085
"2010-08-04T07:00:00",1,0.34709906578064
"2010-08-04T08:00:00",1,0.417770028114319
"2010-08-04T09:00:00",1,0.349426358938217
"2010-08-04T10:00:00",1,0.323332935571671
"2010-08-04T11:00:00",1,0.37776580452919
"2010-08-04T12:00:00",1,0.487603306770325
"2010-08-04T13:00:00",1,0.327077001333237
"2010-08-04T14:00:00",1,0.374454438686371
"2010-08-04T15:00:00",1,0.376771777868271
"2010-08-04T16:00:00",1,0.868743002414703
"2010-08-04T17:00:00",1,0.451142072677612
"2010-08-04T18:00:00",1,0.385511875152588
"2010-08-04T19:00:00",1,0.346717268228531
"2010-08-04T20:00:00",1,0.318825542926788
"2010-08-04T21:00:00",1,0.40271407365799
"2010-08-04T22:00:00",1,0.289746910333633
"2010-08-04T23:00:00",1,0.375450313091278
"2010-08-05T00:00:00",1,0.311543166637421
"2010-08-05T01:00:00",1,0.365574717521667
"2010-08-05T02:00:00",1,0.350612133741379
"2010-08-05T03:00:00",1,0.517326951026917
"2010-08-05T04:00:00",1,0.634513676166534
"2010-08-05T05:00:00",1,0.257718473672867
"2010-08-05T06:00:00",1,0.347471117973328
"2010-08-05T07:00:00",1,0.336340636014938
"2010-08-05T08:00:00",1,0.404456377029419
"2010-08-05T09:00:00",1,0.325261175632477
"2010-08-05T10:00:00",1,0.380547195672989
"2010-08-05T11:00:00",1,0.337365955114365
"2010-08-05T12:00:00",1,0.36823582649231
"2010-08-05T13:00:00",1,0.350570321083069
"2010-08-05T14:00:00",1,0.411074161529541
"2010-08-05T15:00:00",1,0.515993356704712
"2010-08-05T16:00:00",1,0.487377911806107
"2010-08-05T17:00:00",1,0.52358216047287
"2010-08-05T18:00:00",1,0.288424134254456
"2010-08-05T19:00:00",1,0.362692594528198
"2010-08-05T20:00:00",1,0.310604691505432
"2010-08-05T21:00:00",1,0.393925100564957
"2010-08-05T22:00:00",1,0.324012666940689
"2010-08-05T23:00:00",1,0.38099205493927
"2010-08-06T00:00:00",1,0.351246863603592
"2010-08-06T01:00:00",1,0.361879348754883
"2010-08-06T02:00:00",1,0.351196855306625
"2010-08-06T03:00:00",1,0.461056351661682
"2010-08-06T04:00:00",1,0.315021336078644
"2010-08-06T05:00:00",1,0.280368387699127
"2010-08-06T06:00:00",1,0.34065169095993
"2010-08-06T07:00:00",1,0.378728806972504
"2010-08-06T08:00:00",1,0.366047471761703
"2010-08-06T09:00:00",1,0.304792702198029
"2010-08-06T10:00:00",1,0.38145712018013
"2010-08-06T11:00:00",1,0.365310698747635
"2010-08-06T12:00:00",1,0.371360659599304
"2010-08-06T13:00:00",1,0.326283544301987
"2010-08-06T14:00:00",1,0.436856329441071
"2010-08-06T15:00:00",1,0.770736336708069
"2010-08-06T16:00:00",1,0.408631205558777
"2010-08-06T17:00:00",1,0.320160001516342
"2010-08-06T18:00:00",1,0.323059320449829
"2010-08-06T19:00:00",1,0.344029426574707
"2010-08-06T20:00:00",1,0.32653072476387
"2010-08-06T21:00:00",1,0.318719923496246
"2010-08-06T22:00:00",1,0.361372381448746
"2010-08-06T23:00:00",1,0.429417759180069
"2010-08-07T00:00:00",1,0.285719811916351
"2010-08-07T01:00:00",1,0.378555476665497
"2010-08-07T02:00:00",1,0.383667081594467
"2010-08-07T03:00:00",1,0.398852407932281
"2010-08-07T04:00:00",1,0.266641020774841
"2010-08-07T05:00:00",1,0.327606707811356
"2010-08-07T06:00:00",1,0.307188630104065
"2010-08-07T07:00:00",1,0.319550454616547
"2010-08-07T08:00:00",1,0.360107004642487
"2010-08-07T09:00:00",1,0.37732145190239
"2010-08-07T10:00:00",1,0.405319929122925
"2010-08-07T11:00:00",1,0.329890549182892
"2010-08-07T12:00:00",1,0.384687691926956
"2010-08-07T13:00:00",1,0.278470039367676
"2010-08-07T14:00:00",1,0.672587752342224
"2010-08-07T15:00:00",1,0.581820785999298
"2010-08-07T16:00:00",1,0.708288908004761
"2010-08-07T17:00:00",1,0.320445537567139
"2010-08-07T18:00:00",1,0.311861723661423
"2010-08-07T19:00:00",1,0.357468366622925
"2010-08-07T20:00:00",1,0.414363622665405
"2010-08-07T21:00:00",1,0.313730984926224
"2010-08-07T22:00:00",1,0.31076517701149
"2010-08-07T23:00:00",1,0.433769643306732
"2010-08-08T00:00:00",1,0.309581905603409
"2010-08-08T01:00:00",1,0.406874358654022
"2010-08-08T02:00:00",1,0.455898493528366
"2010-08-08T03:00:00",1,0.227158948779106
"2010-08-08T04:00:00",1,0.257571309804916
"2010-08-08T05:00:00",1,0.300751686096191
"2010-08-08T06:00:00",1,0.269202321767807
"2010-08-08T07:00:00",1,0.362696468830109
"2010-08-08T08:00:00",1,0.292846739292145
"2010-08-08T09:00:00",1,0.363646447658539
"2010-08-08T10:00:00",1,0.382756441831589
"2010-08-08T11:00:00",1,0.422853201627731
"2010-08-08T12:00:00",1,0.378653287887573
"2010-08-08T13:00:00",1,0.311374068260193
"2010-08-08T14:00:00",1,0.910722076892853
"2010-08-08T15:00:00",1,0.465128809213638
"2010-08-08T16:00:00",1,0.328372925519943
"2010-08-08T17:00:00",1,0.320748835802078
"2010-08-08T18:00:00",1,0.338552504777908
"2010-08-08T19:00:00",1,0.345165610313416
"2010-08-08T20:00:00",1,0.426273375749588
"2010-08-08T21:00:00",1,0.304912716150284
"2010-08-08T22:00:00",1,0.484512835741043
"2010-08-08T23:00:00",1,0.338681399822235
"2010-08-09T00:00:00",1,0.307648569345474
"2010-08-09T01:00:00",1,0.433296710252762
"2010-08-09T02:00:00",1,0.485711485147476
"2010-08-09T03:00:00",1,0.302690923213959
"2010-08-09T04:00:00",1,0.287833154201508
"2010-08-09T05:00:00",1,0.330005139112473
"2010-08-09T06:00:00",1,0.37114280462265
"2010-08-09T07:00:00",1,0.381911545991898
"2010-08-09T08:00:00",1,0.34687814116478
"2010-08-09T09:00:00",1,0.34798127412796
"2010-08-09T10:00:00",1,0.363804310560226
"2010-08-09T11:00:00",1,0.378226786851883
"2010-08-09T12:00:00",1,0.342043608427048
"2010-08-09T13:00:00",1,0.618132352828979
"2010-08-09T14:00:00",1,0.616798222064972
"2010-08-09T15:00:00",1,0.413362264633179
"2010-08-09T16:00:00",1,0.300036668777466
"2010-08-09T17:00:00",1,0.362299889326096
"2010-08-09T18:00:00",1,0.340518981218338
"2010-08-09T19:00:00",1,0.346040964126587
"2010-08-09T20:00:00",1,0.271283835172653
"2010-08-09T21:00:00",1,0.386288374662399
"2010-08-09T22:00:00",1,0.339043796062469
"2010-08-09T23:00:00",1,0.409549236297607
"2010-08-10T00:00:00",1,0.372772574424744
"2010-08-10T01:00:00",1,0.547856628894806
"2010-08-10T02:00:00",1,0.417544394731522
"2010-08-10T03:00:00",1,0.275164514780045
"2010-08-10T04:00:00",1,0.280204266309738
"2010-08-10T05:00:00",1,0.31443777680397
"2010-08-10T06:00:00",1,0.394891709089279
"2010-08-10T07:00:00",1,0.346660822629929
"2010-08-10T08:00:00",1,0.522283256053925
"2010-08-10T09:00:00",1,0.351209044456482
"2010-08-10T10:00:00",1,0.451431274414062
"2010-08-10T11:00:00",1,0.340959668159485
"2010-08-10T12:00:00",1,0.420005023479462
"2010-08-10T13:00:00",1,0.822094082832336
"2010-08-10T14:00:00",1,0.452589452266693
"2010-08-10T15:00:00",1,0.275607913732529
"2010-08-10T16:00:00",1,0.272154837846756
"2010-08-10T17:00:00",1,0.430981487035751
"2010-08-10T18:00:00",1,0.345760136842728
"2010-08-10T19:00:00",1,0.404559314250946
"2010-08-10T20:00:00",1,0.306107044219971
"2010-08-10T21:00:00",1,0.397730499505997
"2010-08-10T22:00:00",1,0.300164759159088
"2010-08-10T23:00:00",1,0.433014035224915
"2010-08-11T00:00:00",1,0.449096083641052
"2010-08-11T01:00:00",1,0.907479584217072
"2010-08-11T02:00:00",1,0.285310447216034
"2010-08-11T03:00:00",1,0.288019508123398
"2010-08-11T04:00:00",1,0.279161393642426
"2010-08-11T05:00:00",1,0.349755704402924
"2010-08-11T06:00:00",1,0.330142915248871
"2010-08-11T07:00:00",1,0.351124584674835
"2010-08-11T08:00:00",1,0.571136653423309
"2010-08-11T09:00:00",1,0.363766700029373
"2010-08-11T10:00:00",1,0.456979721784592
"2010-08-11T11:00:00",1,0.354757964611053
"2010-08-11T12:00:00",1,0.574008941650391
"2010-08-11T13:00:00",1,0.948212742805481
"2010-08-11T14:00:00",1,0.467334777116776
"2010-08-11T15:00:00",1,0.280449986457825
"2010-08-11T16:00:00",1,0.333048611879349
"2010-08-11T17:00:00",1,0.308948397636414
"2010-08-11T18:00:00",1,0.420308738946915
"2010-08-11T19:00:00",1,0.350183248519897
"2010-08-11T20:00:00",1,0.388346701860428
"2010-08-11T21:00:00",1,0.350523918867111
"2010-08-11T22:00:00",1,0.349062561988831
"2010-08-11T23:00:00",1,0.407912909984589
"2010-08-12T00:00:00",1,0.458459287881851
"2010-08-12T01:00:00",1,0.701613366603851
"2010-08-12T02:00:00",1,0.155270531773567
"2010-08-12T03:00:00",1,0.263988614082336
"2010-08-12T04:00:00",1,0.282252103090286
"2010-08-12T05:00:00",1,0.314998775720596
"2010-08-12T06:00:00",1,0.363074719905853
"2010-08-12T07:00:00",1,0.425260424613953
"2010-08-12T08:00:00",1,0.358068764209747
"2010-08-12T09:00:00",1,0.36953592300415
"2010-08-12T10:00:00",1,0.381393909454346
"2010-08-12T11:00:00",1,0.359587609767914
"2010-08-12T12:00:00",1,0.593292355537415
"2010-08-12T13:00:00",1,0.755017280578613
"2010-08-12T14:00:00",1,0.510625302791595
"2010-08-12T15:00:00",1,0.304833263158798
"2010-08-12T16:00:00",1,0.331319212913513
"2010-08-12T17:00:00",1,0.327980816364288
"2010-08-12T18:00:00",1,0.342138439416885
"2010-08-12T19:00:00",1,0.303133815526962
"2010-08-12T20:00:00",1,0.358144462108612
"2010-08-12T21:00:00",1,0.35154527425766
"2010-08-12T22:00:00",1,0.431052058935165
"2010-08-12T23:00:00",1,0.353539645671844
"2010-08-13T00:00:00",1,0.450870603322983
"2010-08-13T01:00:00",1,0.260482966899872
"2010-08-13T02:00:00",1,0.420855283737183
"2010-08-13T03:00:00",1,0.268380731344223
"2010-08-13T04:00:00",1,0.298937648534775
"2010-08-13T05:00:00",1,0.341195493936539
"2010-08-13T06:00:00",1,0.342716753482819
"2010-08-13T07:00:00",1,0.49583688378334
"2010-08-13T08:00:00",1,0.409274071455002
"2010-08-13T09:00:00",1,0.364171892404556
"2010-08-13T10:00:00",1,0.386822730302811
"2010-08-13T11:00:00",1,0.341989547014236
"2010-08-13T12:00:00",1,0.57539576292038
"2010-08-13T13:00:00",1,0.576463162899017
"2010-08-13T14:00:00",1,0.357809066772461
"2010-08-13T15:00:00",1,0.277678310871124
"2010-08-13T16:00:00",1,0.375517159700394
"2010-08-13T17:00:00",1,0.329847663640976
"2010-08-13T18:00:00",1,0.317265838384628
"2010-08-13T19:00:00",1,0.385419309139252
"2010-08-13T20:00:00",1,0.314767807722092
"2010-08-13T21:00:00",1,0.362842410802841
"2010-08-13T22:00:00",1,0.325110703706741
"2010-08-13T23:00:00",1,0.362003028392792
"2010-08-14T00:00:00",1,1.035684466362
"2010-08-14T01:00:00",1,0.254231184720993
"2010-08-14T02:00:00",1,0.265455275774002
"2010-08-14T03:00:00",1,0.291094422340393
"2010-08-14T04:00:00",1,0.28279972076416
"2010-08-14T05:00:00",1,0.305242091417313
"2010-08-14T06:00:00",1,0.260424554347992
"2010-08-14T07:00:00",1,0.442435443401337
"2010-08-14T08:00:00",1,0.383137464523315
"2010-08-14T09:00:00",1,0.34380704164505
"2010-08-14T10:00:00",1,0.312553346157074
"2010-08-14T11:00:00",1,0.547819674015045
"2010-08-14T12:00:00",1,0.849397242069244
"2010-08-14T13:00:00",1,0.654410302639008
"2010-08-14T14:00:00",1,0.3141168653965
"2010-08-14T15:00:00",1,0.300169140100479
"2010-08-14T16:00:00",1,0.301601350307465
"2010-08-14T17:00:00",1,0.261252790689468
"2010-08-14T18:00:00",1,0.337544471025467
"2010-08-14T19:00:00",1,0.350739806890488
"2010-08-14T20:00:00",1,0.349269300699234
"2010-08-14T21:00:00",1,0.278040915727615
"2010-08-14T22:00:00",1,0.346355646848679
"2010-08-14T23:00:00",1,0.436454474925995
"2010-08-15T00:00:00",1,0.402943909168243
"2010-08-15T01:00:00",1,0.41350907087326
"2010-08-15T02:00:00",1,0.337419986724854
"2010-08-15T03:00:00",1,0.277900904417038
"2010-08-15T04:00:00",1,0.250453621149063
"2010-08-15T05:00:00",1,0.279787093400955
"2010-08-15T06:00:00",1,0.383108139038086
"2010-08-15T07:00:00",1,0.357496857643127
"2010-08-15T08:00:00",1,0.357102900743484
"2010-08-15T09:00:00",1,0.368838965892792
"2010-08-15T10:00:00",1,0.37897777557373
"2010-08-15T11:00:00",1,0.725495040416718
"2010-08-15T12:00:00",1,0.638302147388458
"2010-08-15T13:00:00",1,0.295572757720947
"2010-08-15T14:00:00",1,0.334290742874146
"2010-08-15T15:00:00",1,0.679151058197021
"2010-08-15T16:00:00",1,0.541925549507141
"2010-08-15T17:00:00",1,1.66699981689453
"2010-08-15T18:00:00",1,2.04530358314514
"2010-08-15T19:00:00",1,1.98703765869141
"2010-08-15T20:00:00",1,0.93317037820816
"2010-08-15T21:00:00",1,1.40290451049805
"2010-08-15T22:00:00",1,1.02678787708282
"2010-08-15T23:00:00",1,0.902834475040436
"2010-08-16T00:00:00",1,0.482060343027115
"2010-08-16T01:00:00",1,0.307360202074051
"2010-08-16T02:00:00",1,0.352502048015594
"2010-08-16T03:00:00",1,0.288587868213654
"2010-08-16T04:00:00",1,0.326812624931335
"2010-08-16T05:00:00",1,0.498806595802307
"2010-08-16T06:00:00",1,0.602049112319946
"2010-08-16T07:00:00",1,0.548340380191803
"2010-08-16T08:00:00",1,0.836191833019257
"2010-08-16T09:00:00",1,1.19895589351654
"2010-08-16T10:00:00",1,0.998797655105591
"2010-08-16T11:00:00",1,1.10266697406769
"2010-08-16T12:00:00",1,0.298397421836853
"2010-08-16T13:00:00",1,0.657494246959686
"2010-08-16T14:00:00",1,0.670019507408142
"2010-08-16T15:00:00",1,0.739222049713135
"2010-08-16T16:00:00",1,0.301583170890808
"2010-08-16T17:00:00",1,0.90868729352951
"2010-08-16T18:00:00",1,1.04708242416382
"2010-08-16T19:00:00",1,0.937252104282379
"2010-08-16T20:00:00",1,1.09711074829102
"2010-08-16T21:00:00",1,1.27006876468658
"2010-08-16T22:00:00",1,1.2333128452301
"2010-08-16T23:00:00",1,0.782147347927094
"2010-08-17T00:00:00",1,0.652212738990784
"2010-08-17T01:00:00",1,0.482008904218674
"2010-08-17T02:00:00",1,0.702321112155914
"2010-08-17T03:00:00",1,0.472915381193161
"2010-08-17T04:00:00",1,0.494417101144791
"2010-08-17T05:00:00",1,0.584574818611145
"2010-08-17T06:00:00",1,0.734824359416962
"2010-08-17T07:00:00",1,1.09154903888702
"2010-08-17T08:00:00",1,1.15981590747833
"2010-08-17T09:00:00",1,0.994770407676697
"2010-08-17T10:00:00",1,1.37576627731323
"2010-08-17T11:00:00",1,1.04682087898254
"2010-08-17T12:00:00",1,0.595803260803223
"2010-08-17T13:00:00",1,0.405661165714264
"2010-08-17T14:00:00",1,0.454318672418594
"2010-08-17T15:00:00",1,0.373639553785324
"2010-08-17T16:00:00",1,0.460656851530075
"2010-08-17T17:00:00",1,0.745225429534912
"2010-08-17T18:00:00",1,0.554560661315918
"2010-08-17T19:00:00",1,0.508469820022583
"2010-08-17T20:00:00",1,0.683708786964417
"2010-08-17T21:00:00",1,1.12010300159454
"2010-08-29T21:00:00",1,1.89783179759979
"2010-08-29T22:00:00",1,1.65183877944946
"2010-08-29T23:00:00",1,1.17589294910431
"2010-08-30T00:00:00",1,0.51718682050705
"2010-08-30T01:00:00",1,0.428963750600815
"2010-08-30T02:00:00",1,0.508382141590118
"2010-08-30T03:00:00",1,0.361918479204178
"2010-08-30T04:00:00",1,0.324122965335846
"2010-08-30T05:00:00",1,0.365770548582077
"2010-08-30T06:00:00",1,0.689809739589691
"2010-08-30T07:00:00",1,0.847677409648895
"2010-08-30T08:00:00",1,1.01636290550232
"2010-08-30T09:00:00",1,1.29776000976562
"2010-08-30T10:00:00",1,0.858491837978363
"2010-08-30T11:00:00",1,0.664019227027893
"2010-08-30T12:00:00",1,1.48734450340271
"2010-08-30T13:00:00",1,1.620232462883
"2010-08-30T14:00:00",1,1.76455068588257
"2010-08-30T15:00:00",1,1.85821354389191
"2010-08-30T16:00:00",1,1.49634528160095
"2010-08-30T17:00:00",1,1.5525496006012
"2010-08-30T18:00:00",1,0.512888848781586
"2010-08-30T19:00:00",1,0.623108267784119
"2010-08-30T20:00:00",1,1.49277341365814
"2010-08-30T21:00:00",1,1.24936485290527
"2010-08-30T22:00:00",1,1.46294748783112
"2010-08-30T23:00:00",1,0.583900213241577
"2010-08-31T00:00:00",1,0.459659785032272
"2010-08-31T01:00:00",1,0.410590440034866
"2010-08-31T02:00:00",1,0.367992073297501
"2010-08-31T03:00:00",1,0.324322611093521
"2010-08-31T04:00:00",1,0.305463463068008
"2010-08-31T05:00:00",1,0.562567412853241
"2010-08-31T06:00:00",1,0.699346363544464
"2010-08-31T07:00:00",1,0.736091196537018
"2010-08-31T08:00:00",1,1.00929963588715
"2010-08-31T09:00:00",1,1.40067601203918
"2010-08-31T10:00:00",1,1.25768005847931
"2010-08-31T11:00:00",1,0.960229694843292
"2010-08-31T12:00:00",1,1.41210806369781
"2010-08-31T13:00:00",1,1.11278605461121
"2010-08-31T14:00:00",1,0.752071380615234
"2010-08-31T15:00:00",1,0.737442374229431
"2010-08-31T16:00:00",1,0.799585163593292
"2010-08-31T17:00:00",1,0.685093283653259
"2010-08-31T18:00:00",1,1.35943400859833
"2010-08-31T19:00:00",1,1.76950705051422
"2010-08-31T20:00:00",1,1.50387799739838
"2010-08-31T21:00:00",1,1.897500872612
"2010-08-31T22:00:00",1,1.02575886249542
"2010-08-31T23:00:00",1,0.512078523635864
"2010-09-01T00:00:00",1,0.497127324342728
"2010-09-01T01:00:00",1,0.371733129024506
"2010-09-01T02:00:00",1,0.324920296669006
"2010-09-01T03:00:00",1,0.364917278289795
"2010-09-01T04:00:00",1,0.384188771247864
"2010-09-01T05:00:00",1,0.426456421613693
"2010-09-01T06:00:00",1,0.784269094467163
"2010-09-01T07:00:00",1,1.02689373493195
"2010-09-01T08:00:00",1,1.40647053718567
"2010-09-01T09:00:00",1,1.34405553340912
"2010-09-01T10:00:00",1,0.81751275062561
"2010-09-01T11:00:00",1,1.60339713096619
"2010-09-01T12:00:00",1,1.74246895313263
"2010-09-01T13:00:00",1,1.30161738395691
"2010-09-01T14:00:00",1,1.56345748901367
"2010-09-01T15:00:00",1,1.36619567871094
"2010-09-01T16:00:00",1,1.22130417823792
"2010-09-01T17:00:00",1,1.24442315101624
"2010-09-01T18:00:00",1,1.35948741436005
"2010-09-01T19:00:00",1,1.09937715530396
"2010-09-01T20:00:00",1,0.969479560852051
"2010-09-01T21:00:00",1,1.84385228157043
"2010-09-01T22:00:00",1,1.40866267681122
"2010-09-01T23:00:00",1,0.556649506092072
"2010-09-02T00:00:00",1,0.390279859304428
"2010-09-02T01:00:00",1,0.382895141839981
"2010-09-02T02:00:00",1,0.360836446285248
"2010-09-02T03:00:00",1,0.388191312551498
"2010-09-02T04:00:00",1,0.376839846372604
"2010-09-02T05:00:00",1,0.562690556049347
"2010-09-02T06:00:00",1,0.864484846591949
"2010-09-02T07:00:00",1,1.45610666275024
"2010-09-02T08:00:00",1,1.24413633346558
"2010-09-02T09:00:00",1,1.36026573181152
"2010-09-02T10:00:00",1,1.44275414943695
"2010-09-02T11:00:00",1,1.48168396949768
"2010-09-02T12:00:00",1,1.43171536922455
"2010-09-02T13:00:00",1,1.26398515701294
"2010-09-02T14:00:00",1,1.06085216999054
"2010-09-02T15:00:00",1,1.16140711307526
"2010-09-02T16:00:00",1,0.649561703205109
"2010-09-02T17:00:00",1,0.455338984727859
"2010-09-02T18:00:00",1,0.869090676307678
"2010-09-02T19:00:00",1,1.06072402000427
"2010-09-02T20:00:00",1,1.35891163349152
"2010-09-02T21:00:00",1,2.10767030715942
"2010-09-02T22:00:00",1,1.13314235210419
"2010-09-02T23:00:00",1,0.608945190906525
"2010-09-03T00:00:00",1,0.483049005270004
"2010-09-03T01:00:00",1,0.414573192596436
"2010-09-03T02:00:00",1,0.363206475973129
"2010-09-03T03:00:00",1,0.362660974264145
"2010-09-03T04:00:00",1,0.700633764266968
"2010-09-03T05:00:00",1,0.482346087694168
"2010-09-03T06:00:00",1,0.896164298057556
"2010-09-03T07:00:00",1,1.16472387313843
"2010-09-03T08:00:00",1,1.51634037494659
"2010-09-03T09:00:00",1,1.4022331237793
"2010-09-03T10:00:00",1,1.36828398704529
"2010-09-03T11:00:00",1,1.28413343429565
"2010-09-03T12:00:00",1,1.32754898071289
"2010-09-03T13:00:00",1,1.47780573368073
"2010-09-03T14:00:00",1,0.709332644939423
"2010-09-03T15:00:00",1,0.461083233356476
"2010-09-03T16:00:00",1,0.483035832643509
"2010-09-03T17:00:00",1,0.661548316478729
"2010-09-03T18:00:00",1,0.716160774230957
"2010-09-03T19:00:00",1,0.965727031230927
"2010-09-03T20:00:00",1,1.79142141342163
"2010-09-03T21:00:00",1,2.2408607006073
"2010-09-03T22:00:00",1,1.11241769790649
"2010-09-03T23:00:00",1,0.901627421379089
"2010-09-04T00:00:00",1,0.525991261005402
"2010-09-04T01:00:00",1,0.466331213712692
"2010-09-04T02:00:00",1,0.402625799179077
"2010-09-04T03:00:00",1,0.341717839241028
"2010-09-04T04:00:00",1,0.376393795013428
"2010-09-04T05:00:00",1,0.654892265796661
"2010-09-04T06:00:00",1,0.486236393451691
"2010-09-04T07:00:00",1,0.944058239459991
"2010-09-04T08:00:00",1,1.66350090503693
"2010-09-04T09:00:00",1,1.40535128116608
"2010-09-04T10:00:00",1,0.992126405239105
"2010-09-04T11:00:00",1,1.17725670337677
"2010-09-04T12:00:00",1,1.87955021858215
"2010-09-04T13:00:00",1,1.28176259994507
"2010-09-04T14:00:00",1,1.21269357204437
"2010-09-04T15:00:00",1,1.91465294361115
"2010-09-04T16:00:00",1,1.54675924777985
"2010-09-04T17:00:00",1,1.29547023773193
"2010-09-04T18:00:00",1,0.905428647994995
"2010-09-04T19:00:00",1,1.57085275650024
"2010-09-04T20:00:00",1,1.80884325504303
"2010-09-04T21:00:00",1,2.02629899978638
"2010-09-04T22:00:00",1,2.03483843803406
"2010-09-04T23:00:00",1,1.67567145824432
"2010-09-05T00:00:00",1,0.553975760936737
"2010-09-05T01:00:00",1,0.49636697769165
"2010-09-05T02:00:00",1,0.490131288766861
"2010-09-05T03:00:00",1,0.492867588996887
"2010-09-05T04:00:00",1,0.35731366276741
"2010-09-05T05:00:00",1,0.462104171514511
"2010-09-05T06:00:00",1,0.526159703731537
"2010-09-05T07:00:00",1,0.708115756511688
"2010-09-05T08:00:00",1,0.688972175121307
"2010-09-05T09:00:00",1,1.28610682487488
"2010-09-05T10:00:00",1,1.10432934761047
"2010-09-05T11:00:00",1,1.41219103336334
"2010-09-05T12:00:00",1,1.78777003288269
"2010-09-05T13:00:00",1,1.32866382598877
"2010-09-05T14:00:00",1,1.06514060497284
"2010-09-05T15:00:00",1,1.234210729599
"2010-09-05T16:00:00",1,1.67745459079742
"2010-09-05T17:00:00",1,0.948326230049133
"2010-09-05T18:00:00",1,1.01184904575348
"2010-09-05T19:00:00",1,1.29478132724762
"2010-09-05T20:00:00",1,2.24480032920837
"2010-09-05T21:00:00",1,1.84819984436035
"2010-09-05T22:00:00",1,1.46465182304382
"2010-09-05T23:00:00",1,0.816968262195587
"2010-09-06T00:00:00",1,0.399614959955215
"2010-09-06T01:00:00",1,0.374686151742935
"2010-09-06T02:00:00",1,0.379509061574936
"2010-09-06T03:00:00",1,0.388102799654007
"2010-09-06T04:00:00",1,0.392127901315689
"2010-09-06T05:00:00",1,0.578785717487335
"2010-09-06T06:00:00",1,0.706975519657135
"2010-09-06T07:00:00",1,1.77362084388733
"2010-09-06T08:00:00",1,1.57203805446625
"2010-09-06T09:00:00",1,1.32934677600861
"2010-09-06T10:00:00",1,1.24543905258179
"2010-09-06T11:00:00",1,0.612067341804504
"2010-09-06T12:00:00",1,0.47878959774971
"2010-09-06T13:00:00",1,1.19606161117554
"2010-09-06T14:00:00",1,1.29508888721466
"2010-09-06T15:00:00",1,0.439042717218399
"2010-09-06T16:00:00",1,1.01813936233521
"2010-09-06T17:00:00",1,1.24383282661438
"2010-09-06T18:00:00",1,1.99145948886871
"2010-09-06T19:00:00",1,1.16150641441345
"2010-09-06T20:00:00",1,1.54454290866852
"2010-09-06T21:00:00",1,1.91024148464203
"2010-09-06T22:00:00",1,1.40411710739136
"2010-09-06T23:00:00",1,0.611290693283081
"2010-09-07T00:00:00",1,0.367784947156906
"2010-09-07T01:00:00",1,0.495157688856125
"2010-09-07T02:00:00",1,0.567571818828583
"2010-09-07T03:00:00",1,0.324697464704514
"2010-09-07T04:00:00",1,0.421711832284927
"2010-09-07T05:00:00",1,0.3862124979496
"2010-09-07T06:00:00",1,0.753173053264618
"2010-09-07T07:00:00",1,1.39400219917297
"2010-09-07T08:00:00",1,1.60681700706482
"2010-09-07T09:00:00",1,1.22717344760895
"2010-09-07T10:00:00",1,1.24237751960754
"2010-09-07T11:00:00",1,0.808958232402802
"2010-09-07T12:00:00",1,1.17488396167755
"2010-09-07T13:00:00",1,0.741354405879974
"2010-09-07T14:00:00",1,0.62858784198761
"2010-09-07T15:00:00",1,0.44367977976799
"2010-09-07T16:00:00",1,0.450176298618317
"2010-09-07T17:00:00",1,1.1142795085907
"2010-09-07T18:00:00",1,0.706515252590179
"2010-09-07T19:00:00",1,1.66334450244904
"2010-09-07T20:00:00",1,2.4030077457428
"2010-09-07T21:00:00",1,2.06275987625122
"2010-09-07T22:00:00",1,1.49096655845642
"2010-09-07T23:00:00",1,1.38591063022614
"2010-09-08T00:00:00",1,0.553088247776031
"2010-09-08T01:00:00",1,0.381794005632401
"2010-09-08T02:00:00",1,0.354053348302841
"2010-09-08T03:00:00",1,0.518521904945374
"2010-09-08T04:00:00",1,0.363631218671799
"2010-09-08T05:00:00",1,0.411750882863998
"2010-09-08T06:00:00",1,0.992340683937073
"2010-09-08T07:00:00",1,1.58654582500458
"2010-09-08T08:00:00",1,1.62416803836823
"2010-09-08T09:00:00",1,1.43302309513092
"2010-09-08T10:00:00",1,1.36551082134247
"2010-09-08T11:00:00",1,0.724701642990112
"2010-09-08T12:00:00",1,0.510306537151337
"2010-09-08T13:00:00",1,0.991719186306
"2010-09-08T14:00:00",1,0.827627241611481
"2010-09-08T15:00:00",1,0.813724756240845
"2010-09-08T16:00:00",1,0.748352468013763
"2010-09-08T17:00:00",1,0.941598534584045
"2010-09-08T18:00:00",1,0.974880576133728
"2010-09-08T19:00:00",1,1.96944415569305
"2010-09-08T20:00:00",1,1.46486520767212
"2010-09-08T21:00:00",1,2.1575334072113
"2010-09-08T22:00:00",1,1.49729359149933
"2010-09-08T23:00:00",1,0.808561503887177
"2010-09-09T00:00:00",1,0.495160609483719
"2010-09-09T01:00:00",1,0.478647083044052
"2010-09-09T02:00:00",1,0.461161226034164
"2010-09-09T03:00:00",1,0.369331419467926
"2010-09-09T04:00:00",1,0.346415430307388
"2010-09-09T05:00:00",1,0.345515817403793
"2010-09-09T06:00:00",1,0.892275333404541
"2010-09-09T07:00:00",1,1.31181633472443
"2010-09-09T08:00:00",1,1.60589301586151
"2010-09-09T09:00:00",1,1.32325291633606
"2010-09-09T10:00:00",1,0.827134251594543
"2010-09-09T11:00:00",1,0.613194346427917
"2010-09-09T12:00:00",1,0.976218461990356
"2010-09-09T13:00:00",1,0.914544105529785
"2010-09-09T14:00:00",1,0.853434860706329
"2010-09-09T15:00:00",1,0.540902972221375
"2010-09-09T16:00:00",1,0.820651054382324
"2010-09-09T17:00:00",1,0.551647901535034
"2010-09-09T18:00:00",1,0.959297895431519
"2010-09-09T19:00:00",1,1.20924496650696
"2010-09-09T20:00:00",1,2.02726101875305
"2010-09-09T21:00:00",1,2.34797334671021
"2010-09-09T22:00:00",1,1.11037373542786
"2010-09-09T23:00:00",1,0.548252940177917
"2010-09-10T00:00:00",1,0.450842171907425
"2010-09-10T01:00:00",1,0.367437541484833
"2010-09-10T02:00:00",1,0.382307976484299
"2010-09-10T03:00:00",1,0.485377103090286
"2010-09-10T04:00:00",1,0.399734854698181
"2010-09-10T05:00:00",1,0.510113596916199
"2010-09-10T06:00:00",1,0.936754822731018
"2010-09-10T07:00:00",1,1.65183043479919
"2010-09-10T08:00:00",1,1.54187881946564
"2010-09-10T09:00:00",1,0.631284713745117
"2010-09-10T10:00:00",1,0.440412998199463
"2010-09-10T11:00:00",1,0.568301320075989
"2010-09-10T12:00:00",1,0.911268174648285
"2010-09-10T13:00:00",1,0.46474289894104
"2010-09-10T14:00:00",1,0.576529860496521
"2010-09-10T15:00:00",1,0.59910774230957
"2010-09-10T16:00:00",1,0.480696529150009
"2010-09-10T17:00:00",1,0.794709026813507
"2010-09-10T18:00:00",1,1.15198588371277
"2010-09-10T19:00:00",1,2.17001152038574
"2010-09-10T20:00:00",1,2.21143078804016
"2010-09-10T21:00:00",1,2.34145593643188
"2010-09-10T22:00:00",1,1.4097957611084
"2010-09-10T23:00:00",1,1.38536560535431
"2010-09-11T00:00:00",1,1.00939893722534
"2010-09-11T01:00:00",1,0.570037484169006
"2010-09-11T02:00:00",1,0.448486655950546
"2010-09-11T03:00:00",1,0.358835697174072
"2010-09-11T04:00:00",1,0.36931985616684
"2010-09-11T05:00:00",1,0.353452533483505
"2010-09-11T06:00:00",1,0.626175940036774
"2010-09-11T07:00:00",1,1.61999273300171
"2010-09-11T08:00:00",1,1.58532285690308
"2010-09-11T09:00:00",1,1.28009796142578
"2010-09-11T10:00:00",1,0.807984352111816
"2010-09-11T11:00:00",1,1.34254813194275
"2010-09-11T12:00:00",1,0.728638768196106
"2010-09-11T13:00:00",1,1.12743604183197
"2010-09-11T14:00:00",1,1.65341365337372
"2010-09-11T15:00:00",1,1.55665016174316
"2010-09-11T16:00:00",1,0.904513597488403
"2010-09-11T17:00:00",1,0.6971475481987
"2010-09-11T18:00:00",1,1.51178073883057
"2010-09-11T19:00:00",1,1.45724880695343
"2010-09-11T20:00:00",1,0.947282612323761
"2010-09-11T21:00:00",1,1.73554265499115
"2010-09-11T22:00:00",1,1.49358904361725
"2010-09-11T23:00:00",1,0.854734778404236
"2010-09-12T00:00:00",1,1.07577693462372
"2010-09-12T01:00:00",1,1.09417426586151
"2010-09-12T02:00:00",1,1.41498124599457
"2010-09-12T03:00:00",1,1.80455195903778
"2010-09-12T04:00:00",1,1.89168035984039
"2010-09-12T05:00:00",1,1.38542342185974
"2010-09-12T06:00:00",1,0.633531630039215
"2010-09-12T07:00:00",1,0.716076970100403
"2010-09-12T08:00:00",1,0.71163022518158
"2010-09-12T09:00:00",1,0.621178865432739
"2010-09-12T10:00:00",1,0.935161292552948
"2010-09-12T11:00:00",1,0.643543720245361
"2010-09-12T12:00:00",1,1.01908946037292
"2010-09-12T13:00:00",1,1.40412199497223
"2010-09-12T14:00:00",1,1.5817734003067
"2010-09-12T15:00:00",1,1.60179376602173
"2010-09-12T16:00:00",1,1.30774319171906
"2010-09-12T17:00:00",1,1.12713062763214
"2010-09-12T18:00:00",1,0.85955548286438
"2010-09-12T19:00:00",1,0.843162715435028
"2010-09-12T20:00:00",1,0.645784199237823
"2010-09-12T21:00:00",1,1.84405314922333
"2010-09-12T22:00:00",1,1.25388097763062
"2010-09-12T23:00:00",1,0.882711470127106
"2010-09-13T00:00:00",1,0.807296216487885
"2010-09-13T01:00:00",1,0.444265902042389
"2010-09-13T02:00:00",1,0.392860800027847
"2010-09-13T03:00:00",1,0.807104587554932
"2010-09-13T04:00:00",1,0.340667188167572
"2010-09-13T05:00:00",1,0.310459047555923
"2010-09-13T06:00:00",1,0.749383330345154
"2010-09-13T07:00:00",1,1.5813661813736
"2010-09-13T08:00:00",1,1.66010320186615
"2010-09-13T09:00:00",1,1.13599801063538
"2010-09-13T10:00:00",1,0.63804429769516
"2010-09-13T11:00:00",1,0.50120997428894
"2010-09-13T12:00:00",1,0.566330432891846
"2010-09-13T13:00:00",1,0.396171480417252
"2010-09-13T14:00:00",1,1.22967875003815
"2010-09-13T15:00:00",1,0.522920846939087
"2010-09-13T16:00:00",1,0.421349942684174
"2010-09-13T17:00:00",1,0.625761806964874
"2010-09-13T18:00:00",1,0.692059218883514
"2010-09-13T19:00:00",1,1.2791314125061
"2010-09-13T20:00:00",1,1.69093859195709
"2010-09-13T21:00:00",1,1.69894182682037
"2010-09-13T22:00:00",1,1.47715258598328
"2010-09-13T23:00:00",1,0.764450967311859
"2010-09-14T00:00:00",1,0.360415905714035
"2010-09-14T01:00:00",1,0.405994802713394
"2010-09-14T02:00:00",1,0.371302574872971
"2010-09-14T03:00:00",1,0.374055534601212
"2010-09-14T04:00:00",1,0.357747286558151
"2010-09-14T05:00:00",1,0.41463702917099
"2010-09-14T06:00:00",1,0.890974998474121
"2010-09-14T07:00:00",1,1.7698917388916
"2010-09-14T08:00:00",1,1.58165693283081
"2010-09-14T09:00:00",1,1.19317078590393
"2010-09-14T10:00:00",1,1.64505231380463
"2010-09-14T11:00:00",1,0.826163589954376
"2010-09-14T12:00:00",1,1.48234331607819
"2010-09-14T13:00:00",1,0.658194363117218
"2010-09-14T14:00:00",1,0.551595211029053
"2010-09-14T15:00:00",1,0.764601647853851
"2010-09-14T16:00:00",1,0.448091208934784
"2010-09-14T17:00:00",1,0.53107088804245
"2010-09-14T18:00:00",1,0.909649670124054
"2010-09-14T19:00:00",1,1.70877206325531
"2010-09-14T20:00:00",1,2.06706094741821
"2010-09-14T21:00:00",1,2.06553769111633
"2010-09-14T22:00:00",1,1.57680571079254
"2010-09-14T23:00:00",1,0.62639844417572
"2010-09-15T00:00:00",1,0.483707904815674
"2010-09-15T01:00:00",1,0.423305064439774
"2010-09-15T02:00:00",1,0.429985970258713
"2010-09-15T03:00:00",1,0.413906574249268
"2010-09-15T04:00:00",1,0.394098252058029
"2010-09-15T05:00:00",1,0.325589150190353
"2010-09-15T06:00:00",1,1.05336713790894
"2010-09-15T07:00:00",1,1.71915626525879
"2010-09-15T08:00:00",1,1.65836465358734
"2010-09-15T09:00:00",1,1.29245543479919
"2010-09-15T10:00:00",1,0.872398674488068
"2010-09-15T11:00:00",1,0.443208485841751
"2010-09-15T12:00:00",1,0.41033673286438
"2010-09-15T13:00:00",1,0.587354302406311
"2010-09-15T14:00:00",1,0.395431458950043
"2010-09-15T15:00:00",1,0.431508183479309
"2010-09-15T16:00:00",1,0.671407580375671
"2010-09-15T17:00:00",1,0.696424126625061
"2010-09-15T18:00:00",1,0.735116839408875
"2010-09-15T19:00:00",1,1.47407007217407
"2010-09-15T20:00:00",1,0.983084499835968
"2010-09-15T21:00:00",1,1.38664126396179
"2010-09-15T22:00:00",1,1.3531459569931
"2010-09-15T23:00:00",1,0.885332524776459
"2010-09-16T00:00:00",1,0.459669411182404
"2010-09-16T01:00:00",1,0.390137642621994
"2010-09-16T02:00:00",1,0.334609299898148
"2010-09-16T03:00:00",1,0.321261137723923
"2010-09-16T04:00:00",1,0.387621521949768
"2010-09-16T05:00:00",1,0.391885071992874
"2010-09-16T06:00:00",1,0.88660591840744
"2010-09-16T07:00:00",1,1.67298400402069
"2010-09-16T08:00:00",1,1.56173849105835
"2010-09-16T09:00:00",1,1.26101219654083
"2010-09-16T10:00:00",1,0.599646329879761
"2010-09-16T11:00:00",1,0.621277451515198
"2010-09-16T12:00:00",1,1.11602056026459
"2010-09-16T13:00:00",1,1.18478906154633
"2010-09-16T14:00:00",1,1.16103577613831
"2010-09-16T15:00:00",1,0.637841999530792
"2010-09-16T16:00:00",1,0.339258193969727
"2010-09-16T17:00:00",1,0.362232267856598
"2010-09-16T18:00:00",1,0.581176161766052
"2010-09-16T19:00:00",1,1.30339896678925
"2010-09-16T20:00:00",1,1.89412474632263
"2010-09-16T21:00:00",1,2.14793491363525
"2010-09-16T22:00:00",1,1.33637428283691
"2010-09-16T23:00:00",1,0.890398323535919
"2010-09-17T00:00:00",1,0.409886211156845
"2010-09-17T01:00:00",1,0.437647730112076
"2010-09-17T02:00:00",1,0.322719067335129
"2010-09-17T03:00:00",1,0.543016314506531
"2010-09-17T04:00:00",1,0.409837275743484
"2010-09-17T05:00:00",1,0.296192526817322
"2010-09-17T06:00:00",1,0.924525916576385
"2010-09-17T07:00:00",1,1.80146849155426
"2010-09-17T08:00:00",1,1.72189974784851
"2010-09-17T09:00:00",1,1.2130218744278
"2010-09-17T10:00:00",1,0.581098139286041
"2010-09-17T11:00:00",1,0.400471121072769
"2010-09-17T12:00:00",1,0.374778509140015
"2010-09-17T13:00:00",1,0.715276718139648
"2010-09-17T14:00:00",1,0.576268672943115
"2010-09-17T15:00:00",1,0.794117331504822
"2010-09-17T16:00:00",1,1.4154109954834
"2010-09-17T17:00:00",1,1.90034055709839
"2010-09-17T18:00:00",1,1.60736393928528
"2010-09-17T19:00:00",1,1.89406859874725
"2010-09-17T20:00:00",1,2.30818104743958
"2010-09-17T21:00:00",1,2.16114568710327
"2010-09-17T22:00:00",1,0.973892331123352
"2010-09-17T23:00:00",1,0.594440817832947
"2010-09-18T00:00:00",1,0.487432271242142
"2010-09-18T01:00:00",1,0.310914993286133
"2010-09-18T02:00:00",1,0.369590014219284
"2010-09-18T03:00:00",1,0.361887753009796
"2010-09-18T04:00:00",1,0.339959323406219
"2010-09-18T05:00:00",1,0.36615663766861
"2010-09-18T06:00:00",1,0.663253426551819
"2010-09-18T07:00:00",1,1.49818074703217
"2010-09-18T08:00:00",1,1.6071834564209
"2010-09-18T09:00:00",1,1.28628098964691
"2010-09-18T10:00:00",1,0.859365284442902
"2010-09-18T11:00:00",1,0.651553571224213
"2010-09-18T12:00:00",1,0.690306782722473
"2010-09-18T13:00:00",1,0.540832102298737
"2010-09-18T14:00:00",1,1.05790233612061
"2010-09-18T15:00:00",1,1.13799691200256
"2010-09-18T16:00:00",1,0.866527020931244
"2010-09-18T17:00:00",1,1.02281415462494
"2010-09-18T18:00:00",1,1.46163296699524
"2010-09-18T19:00:00",1,1.21310889720917
"2010-09-18T20:00:00",1,1.72017514705658
"2010-09-18T21:00:00",1,1.67069864273071
"2010-09-18T22:00:00",1,1.37665474414825
"2010-09-18T23:00:00",1,1.13757276535034
"2010-09-19T00:00:00",1,0.441974461078644
"2010-09-19T01:00:00",1,0.414144307374954
"2010-09-19T02:00:00",1,0.411323755979538
"2010-09-19T03:00:00",1,0.508852005004883
"2010-09-19T04:00:00",1,0.63736230134964
"2010-09-19T05:00:00",1,0.320025056600571
"2010-09-19T06:00:00",1,0.512473046779633
"2010-09-19T07:00:00",1,0.635528445243835
"2010-09-19T08:00:00",1,0.924007713794708
"2010-09-19T09:00:00",1,0.833464562892914
"2010-09-19T10:00:00",1,0.922005236148834
"2010-09-19T11:00:00",1,0.940622270107269
"2010-09-19T12:00:00",1,0.513285517692566
"2010-09-19T13:00:00",1,0.556272327899933
"2010-09-19T14:00:00",1,0.951998293399811
"2010-09-19T15:00:00",1,0.557290256023407
"2010-09-19T16:00:00",1,0.473016202449799
"2010-09-19T17:00:00",1,0.483887612819672
"2010-09-19T18:00:00",1,0.607714295387268
"2010-09-19T19:00:00",1,2.05114221572876
"2010-09-19T20:00:00",1,1.62017774581909
"2010-09-19T21:00:00",1,2.00956869125366
"2010-09-19T22:00:00",1,1.27948343753815
"2010-09-19T23:00:00",1,0.876836121082306
"2010-09-20T00:00:00",1,0.261877626180649
"2010-09-20T01:00:00",1,0.348630666732788
"2010-09-20T02:00:00",1,0.535171985626221
"2010-09-20T03:00:00",1,0.333763480186462
"2010-09-20T04:00:00",1,0.292516589164734
"2010-09-20T05:00:00",1,0.343310207128525
"2010-09-20T06:00:00",1,0.69823807477951
"2010-09-20T07:00:00",1,1.64722442626953
"2010-09-20T08:00:00",1,1.76513040065765
"2010-09-20T09:00:00",1,1.17114531993866
"2010-09-20T10:00:00",1,1.25896418094635
"2010-09-20T11:00:00",1,1.13922584056854
"2010-09-20T12:00:00",1,0.590206861495972
"2010-09-20T13:00:00",1,1.53260791301727
"2010-09-20T14:00:00",1,0.812291026115417
"2010-09-20T15:00:00",1,0.765357851982117
"2010-09-20T16:00:00",1,1.01952612400055
"2010-09-20T17:00:00",1,1.0875791311264
"2010-09-20T18:00:00",1,1.42624151706696
"2010-09-20T19:00:00",1,1.41179835796356
"2010-09-20T20:00:00",1,1.60133326053619
"2010-09-20T21:00:00",1,1.83796739578247
"2010-09-20T22:00:00",1,1.28362452983856
"2010-09-20T23:00:00",1,0.718854427337646
"2010-09-21T00:00:00",1,0.446520894765854
"2010-09-21T01:00:00",1,0.425961524248123
"2010-09-21T02:00:00",1,0.329488337039948
"2010-09-21T03:00:00",1,0.297444373369217
"2010-09-21T04:00:00",1,0.312045067548752
"2010-09-21T05:00:00",1,0.436047852039337
"2010-09-21T06:00:00",1,0.733699977397919
"2010-09-21T07:00:00",1,1.50476312637329
"2010-09-21T08:00:00",1,1.42289090156555
"2010-09-21T09:00:00",1,1.2228000164032
"2010-09-21T10:00:00",1,1.12540006637573
"2010-09-21T11:00:00",1,0.821392416954041
"2010-09-21T12:00:00",1,0.72635817527771
"2010-09-21T13:00:00",1,0.821351706981659
"2010-09-21T14:00:00",1,0.857693016529083
"2010-09-21T15:00:00",1,0.36784029006958
"2010-09-21T16:00:00",1,0.491124987602234
"2010-09-21T17:00:00",1,0.686159193515778
"2010-09-21T18:00:00",1,0.631869673728943
"2010-09-21T19:00:00",1,1.12752044200897
"2010-09-21T20:00:00",1,1.78287446498871
"2010-09-21T21:00:00",1,2.25382208824158
"2010-09-21T22:00:00",1,1.39063119888306
"2010-09-21T23:00:00",1,0.590870261192322
"2010-09-22T00:00:00",1,0.307640999555588
"2010-09-22T01:00:00",1,0.32060232758522
"2010-09-22T02:00:00",1,0.331810504198074
"2010-09-22T03:00:00",1,0.362398266792297
"2010-09-22T04:00:00",1,0.323878347873688
"2010-09-22T05:00:00",1,0.448142856359482
"2010-09-22T06:00:00",1,0.778549075126648
"2010-09-22T07:00:00",1,1.64534986019135
"2010-09-22T08:00:00",1,1.67615032196045
"2010-09-22T09:00:00",1,1.4934219121933
"2010-09-22T10:00:00",1,1.44147753715515
"2010-09-22T11:00:00",1,1.31097006797791
"2010-09-22T12:00:00",1,0.562508523464203
"2010-09-22T13:00:00",1,0.710920035839081
"2010-09-22T14:00:00",1,1.11473107337952
"2010-09-22T15:00:00",1,0.320416450500488
"2010-09-22T16:00:00",1,0.796754896640778
"2010-09-22T17:00:00",1,1.20583379268646
"2010-09-22T18:00:00",1,1.35681819915771
"2010-09-22T19:00:00",1,1.55883228778839
"2010-09-22T20:00:00",1,1.82626283168793
"2010-09-22T21:00:00",1,2.05655837059021
"2010-09-22T22:00:00",1,1.31794929504395
"2010-09-22T23:00:00",1,0.723716080188751
"2010-09-23T00:00:00",1,0.358028203248978
"2010-09-23T01:00:00",1,0.355213820934296
"2010-09-23T02:00:00",1,0.532788217067719
"2010-09-23T03:00:00",1,0.443777829408646
"2010-09-23T04:00:00",1,0.337451189756393
"2010-09-23T05:00:00",1,0.394555658102036
"2010-09-23T06:00:00",1,0.953905880451202
"2010-09-23T07:00:00",1,1.8910813331604
"2010-09-23T08:00:00",1,1.98412263393402
"2010-09-23T09:00:00",1,1.49206697940826
"2010-09-23T10:00:00",1,1.31610953807831
"2010-09-23T11:00:00",1,1.46777141094208
"2010-09-23T12:00:00",1,0.67022031545639
"2010-09-23T13:00:00",1,1.28957045078278
"2010-09-23T14:00:00",1,1.1770613193512
"2010-09-23T15:00:00",1,1.17030882835388
"2010-09-23T16:00:00",1,0.596942543983459
"2010-09-23T17:00:00",1,0.534148097038269
"2010-09-23T18:00:00",1,0.628895580768585
"2010-09-23T19:00:00",1,1.43942713737488
"2010-09-23T20:00:00",1,2.14124131202698
"2010-09-23T21:00:00",1,1.61215484142303
"2010-09-23T22:00:00",1,1.34622132778168
"2010-09-23T23:00:00",1,0.602689623832703
"2010-09-24T00:00:00",1,0.416139900684357
"2010-09-24T01:00:00",1,0.45398536324501
"2010-09-24T02:00:00",1,0.354169458150864
"2010-09-24T03:00:00",1,0.332403689622879
"2010-09-24T04:00:00",1,0.326341301202774
"2010-09-24T05:00:00",1,0.335353493690491
"2010-09-24T06:00:00",1,0.688999831676483
"2010-09-24T07:00:00",1,1.81601083278656
"2010-09-24T08:00:00",1,1.54693222045898
"2010-09-24T09:00:00",1,1.32099866867065
"2010-09-24T10:00:00",1,1.2378762960434
"2010-09-24T11:00:00",1,1.0589245557785
"2010-09-24T12:00:00",1,0.543121457099915
"2010-09-24T13:00:00",1,0.739111542701721
"2010-09-24T14:00:00",1,0.875236511230469
"2010-09-24T15:00:00",1,0.985423684120178
"2010-09-24T16:00:00",1,0.422262996435165
"2010-09-24T17:00:00",1,1.04215848445892
"2010-09-24T18:00:00",1,1.1497905254364
"2010-09-24T19:00:00",1,1.61765956878662
"2010-09-24T20:00:00",1,2.06665658950806
"2010-09-24T21:00:00",1,1.83198857307434
"2010-09-24T22:00:00",1,1.25305879116058
"2010-09-24T23:00:00",1,0.615681529045105
"2010-09-25T00:00:00",1,0.409133940935135
"2010-09-25T01:00:00",1,0.368287652730942
"2010-09-25T02:00:00",1,0.341176420450211
"2010-09-25T03:00:00",1,0.287367224693298
"2010-10-01T19:00:00",1,1.42544066905975
"2010-10-01T20:00:00",1,1.6471198797226
"2010-10-01T21:00:00",1,1.33033585548401
"2010-10-01T22:00:00",1,1.44995152950287
"2010-10-01T23:00:00",1,0.548023879528046
"2010-10-02T00:00:00",1,0.524521470069885
"2010-10-02T01:00:00",1,0.416284710168839
"2010-10-02T02:00:00",1,0.627045154571533
"2010-10-02T03:00:00",1,0.354313999414444
"2010-10-05T19:00:00",1,1.63226640224457
"2010-10-05T20:00:00",1,2.320148229599
"2010-10-05T21:00:00",1,2.24318170547485
"2010-10-05T22:00:00",1,1.43587136268616
"2010-10-05T23:00:00",1,0.781007528305054
"2010-10-06T00:00:00",1,0.472113400697708
"2010-10-06T01:00:00",1,0.532863736152649
"2010-10-06T02:00:00",1,0.527726948261261
"2010-10-06T03:00:00",1,0.703838407993317
"2010-10-06T04:00:00",1,0.494475454092026
"2010-10-06T05:00:00",1,0.441587001085281
"2010-10-06T06:00:00",1,0.911817312240601
"2010-10-06T07:00:00",1,2.13436317443848
"2010-10-06T08:00:00",1,1.91168963909149
"2010-10-06T09:00:00",1,1.71592998504639
"2010-10-06T10:00:00",1,1.55440104007721
"2010-10-06T11:00:00",1,1.00578463077545
"2010-10-06T12:00:00",1,0.895991265773773
"2010-10-06T13:00:00",1,0.810847580432892
"2010-10-06T14:00:00",1,0.81990921497345
"2010-10-06T15:00:00",1,1.00301122665405
"2010-10-06T16:00:00",1,0.500270128250122
"2010-10-06T17:00:00",1,1.0017204284668
"2010-10-06T18:00:00",1,0.996813893318176
"2010-10-06T19:00:00",1,1.66283464431763
"2010-10-06T20:00:00",1,1.64735472202301
"2010-10-06T21:00:00",1,1.02855896949768
"2010-10-06T22:00:00",1,0.978100776672363
"2010-10-06T23:00:00",1,1.03956067562103
"2010-10-07T00:00:00",1,0.61266028881073
"2010-10-07T01:00:00",1,0.522805988788605
"2010-10-07T02:00:00",1,0.458007663488388
"2010-10-07T03:00:00",1,0.433518707752228
"2010-10-07T04:00:00",1,0.420680403709412
"2010-10-07T05:00:00",1,0.401401579380035
"2010-10-07T06:00:00",1,0.978557050228119
"2010-10-07T07:00:00",1,2.2165060043335
"2010-10-07T08:00:00",1,1.66895604133606
"2010-10-07T09:00:00",1,1.50627541542053
"2010-10-07T10:00:00",1,1.28390920162201
"2010-10-07T11:00:00",1,0.495188862085342
"2010-10-07T12:00:00",1,1.73436522483826
"2010-10-07T13:00:00",1,2.18051218986511
"2010-10-07T14:00:00",1,1.40846729278564
"2010-10-07T15:00:00",1,1.34142363071442
"2010-10-07T16:00:00",1,1.2869086265564
"2010-10-07T17:00:00",1,0.799054741859436
"2010-10-07T18:00:00",1,0.725792586803436
"2010-10-07T19:00:00",1,1.57153022289276
"2010-10-07T20:00:00",1,1.79316854476929
"2010-10-07T21:00:00",1,2.05755662918091
"2010-10-07T22:00:00",1,1.39569926261902
"2010-10-07T23:00:00",1,0.513189613819122
"2010-10-08T00:00:00",1,0.511338829994202
"2010-10-08T01:00:00",1,0.504638850688934
"2010-10-08T02:00:00",1,0.378087073564529
"2010-10-08T03:00:00",1,0.387838244438171
"2010-10-08T04:00:00",1,0.45121768116951
"2010-10-08T05:00:00",1,0.422187030315399
"2010-10-08T06:00:00",1,0.904476404190063
"2010-10-08T07:00:00",1,2.40501523017883
"2010-10-08T08:00:00",1,1.81558740139008
"2010-10-08T09:00:00",1,1.34053003787994
"2010-10-08T10:00:00",1,1.28822886943817
"2010-10-08T11:00:00",1,0.927602052688599
"2010-10-08T12:00:00",1,0.85018253326416
"2010-10-08T13:00:00",1,1.42914509773254
"2010-10-08T14:00:00",1,1.00713634490967
"2010-10-08T15:00:00",1,0.830241084098816
"2010-10-08T16:00:00",1,0.853543043136597
"2010-10-08T17:00:00",1,0.64860862493515
"2010-10-08T18:00:00",1,1.24221181869507
"2010-10-08T19:00:00",1,1.60003995895386
"2010-10-08T20:00:00",1,1.92503571510315
"2010-10-08T21:00:00",1,2.26395225524902
"2010-10-08T22:00:00",1,1.49734318256378
"2010-10-08T23:00:00",1,0.605861008167267
"2010-10-09T00:00:00",1,0.525289416313171
"2010-10-09T01:00:00",1,0.50461333990097
"2010-10-09T02:00:00",1,0.526985883712769
"2010-10-09T03:00:00",1,0.511281847953796
"2010-10-09T04:00:00",1,0.551122665405273
"2010-10-09T05:00:00",1,0.437582522630692
"2010-10-09T06:00:00",1,0.904128432273865
"2010-10-09T07:00:00",1,2.02835822105408
"2010-10-09T08:00:00",1,1.83486664295197
"2010-10-09T09:00:00",1,1.62870609760284
"2010-10-09T10:00:00",1,1.10808897018433
"2010-10-09T11:00:00",1,0.726918935775757
"2010-10-09T12:00:00",1,0.977687478065491
"2010-10-09T13:00:00",1,0.775761425495148
"2010-10-09T14:00:00",1,1.7142128944397
"2010-10-09T15:00:00",1,1.20861995220184
"2010-10-09T16:00:00",1,1.82303142547607
"2010-10-09T17:00:00",1,2.02266097068787
"2010-10-09T18:00:00",1,1.3850177526474
"2010-10-09T19:00:00",1,1.85363459587097
"2010-10-09T20:00:00",1,2.35068964958191
"2010-10-09T21:00:00",1,1.94205141067505
"2010-10-09T22:00:00",1,1.59500432014465
"2010-10-09T23:00:00",1,1.02612447738647
"2010-10-10T00:00:00",1,0.484293282032013
"2010-10-10T01:00:00",1,0.58646035194397
"2010-10-10T02:00:00",1,0.508761823177338
"2010-10-10T03:00:00",1,0.51535838842392
"2010-10-10T04:00:00",1,0.483835071325302
"2010-10-10T05:00:00",1,0.55083441734314
"2010-10-10T06:00:00",1,0.672998249530792
"2010-10-10T07:00:00",1,1.04477620124817
"2010-10-10T08:00:00",1,1.34726500511169
"2010-10-10T09:00:00",1,1.1454610824585
"2010-10-10T10:00:00",1,1.09237706661224
"2010-10-10T11:00:00",1,1.19971823692322
"2010-10-10T12:00:00",1,2.04544639587402
"2010-10-10T13:00:00",1,1.78330755233765
"2010-10-10T14:00:00",1,1.6536853313446
"2010-10-10T15:00:00",1,1.22681629657745
"2010-10-10T16:00:00",1,0.711177468299866
"2010-10-10T17:00:00",1,1.05288910865784
"2010-10-10T18:00:00",1,2.04125142097473
"2010-10-10T19:00:00",1,2.44678854942322
"2010-10-10T20:00:00",1,3.05139255523682
"2010-10-10T21:00:00",1,2.42752647399902
"2010-10-10T22:00:00",1,1.91868770122528
"2010-10-10T23:00:00",1,1.00009226799011
"2010-10-11T00:00:00",1,0.45531490445137
"2010-10-11T01:00:00",1,0.373511344194412
"2010-10-11T02:00:00",1,0.420014232397079
"2010-10-11T03:00:00",1,0.556152760982513
"2010-10-11T04:00:00",1,0.475892454385757
"2010-10-11T05:00:00",1,0.607666432857513
"2010-10-11T06:00:00",1,0.83585798740387
"2010-10-11T07:00:00",1,2.10802865028381
"2010-10-11T08:00:00",1,1.89197707176208
"2010-10-11T09:00:00",1,1.60973906517029
"2010-10-11T10:00:00",1,1.414106965065
"2010-10-11T11:00:00",1,0.802313446998596
"2010-10-11T12:00:00",1,0.628800690174103
"2010-10-11T13:00:00",1,0.683343052864075
"2010-10-11T14:00:00",1,0.549782633781433
"2010-10-11T15:00:00",1,0.79752242565155
"2010-10-11T16:00:00",1,0.644843757152557
"2010-10-11T17:00:00",1,0.626023948192596
"2010-10-11T18:00:00",1,1.51239311695099
"2010-10-11T19:00:00",1,2.00137877464294
"2010-10-11T20:00:00",1,2.85076379776001
"2010-10-11T21:00:00",1,2.23383188247681
"2010-10-11T22:00:00",1,1.51550447940826
"2010-10-11T23:00:00",1,0.826053619384766
"2010-10-12T00:00:00",1,0.529478430747986
"2010-10-12T01:00:00",1,0.406044214963913
"2010-10-12T02:00:00",1,0.443604499101639
"2010-10-12T03:00:00",1,0.504706025123596
"2010-10-12T04:00:00",1,0.424572080373764
"2010-10-12T05:00:00",1,0.45465961098671
"2010-10-12T06:00:00",1,1.01912665367126
"2010-10-12T07:00:00",1,2.3051552772522
"2010-10-12T08:00:00",1,1.87115967273712
"2010-10-12T09:00:00",1,1.59586775302887
"2010-10-12T10:00:00",1,1.57606530189514
"2010-10-12T11:00:00",1,1.76859867572784
"2010-10-12T12:00:00",1,0.72025591135025
"2010-10-12T13:00:00",1,1.55124866962433
"2010-10-12T14:00:00",1,0.941901922225952
"2010-10-12T15:00:00",1,0.742973744869232
"2010-10-12T16:00:00",1,0.881819903850555
"2010-10-12T17:00:00",1,0.632287919521332
"2010-10-12T18:00:00",1,0.767605602741241
"2010-10-12T19:00:00",1,2.47450685501099
"2010-10-12T20:00:00",1,2.4691801071167
"2010-10-12T21:00:00",1,2.13499903678894
"2010-10-12T22:00:00",1,1.24263429641724
"2010-10-12T23:00:00",1,0.714629113674164
"2010-10-13T00:00:00",1,0.547483146190643
"2010-10-13T01:00:00",1,0.438989490270615
"2010-10-13T02:00:00",1,0.483079135417938
"2010-10-13T03:00:00",1,0.384231775999069
"2010-10-13T04:00:00",1,0.434127300977707
"2010-10-13T05:00:00",1,0.457786023616791
"2010-10-13T06:00:00",1,1.02467012405396
"2010-10-13T07:00:00",1,2.10901999473572
"2010-10-13T08:00:00",1,1.93342530727386
"2010-10-13T09:00:00",1,1.79929769039154
"2010-10-13T10:00:00",1,1.54639184474945
"2010-10-13T11:00:00",1,1.81406402587891
"2010-10-13T12:00:00",1,1.43826675415039
"2010-10-13T13:00:00",1,1.32268071174622
"2010-10-13T14:00:00",1,1.30377209186554
"2010-10-13T15:00:00",1,1.56665706634521
"2010-10-13T16:00:00",1,1.55635821819305
"2010-10-13T17:00:00",1,1.39325094223022
"2010-10-13T18:00:00",1,1.63428175449371
"2010-10-13T19:00:00",1,1.39588630199432
"2010-10-13T20:00:00",1,2.06686544418335
"2010-10-13T21:00:00",1,2.27383828163147
"2010-10-13T22:00:00",1,1.49789822101593
"2010-10-13T23:00:00",1,1.03581345081329
"2010-10-14T00:00:00",1,0.348589658737183
"2010-10-14T01:00:00",1,0.346706539392471
"2010-10-14T02:00:00",1,0.51407665014267
"2010-10-14T03:00:00",1,0.365264683961868
"2010-10-14T04:00:00",1,0.39802286028862
"2010-10-14T05:00:00",1,0.536858141422272
"2010-10-14T06:00:00",1,1.00935649871826
"2010-10-14T07:00:00",1,2.4929792881012
"2010-10-14T08:00:00",1,1.98714864253998
"2010-10-14T09:00:00",1,1.47260582447052
"2010-10-14T10:00:00",1,2.26100707054138
"2010-10-14T11:00:00",1,1.62469410896301
"2010-10-14T12:00:00",1,0.973861813545227
"2010-10-14T13:00:00",1,0.68097460269928
"2010-10-14T14:00:00",1,1.18786060810089
"2010-10-14T15:00:00",1,1.52654647827148
"2010-10-14T16:00:00",1,0.712118446826935
"2010-10-14T17:00:00",1,0.883817970752716
"2010-10-14T18:00:00",1,0.792290866374969
"2010-10-14T19:00:00",1,2.30572557449341
"2010-10-14T20:00:00",1,3.15009737014771
"2010-10-14T21:00:00",1,2.72570776939392
"2010-10-14T22:00:00",1,2.36511087417603
"2010-10-14T23:00:00",1,1.25504148006439
"2010-10-15T00:00:00",1,0.392325550317764
"2010-10-15T01:00:00",1,0.383788555860519
"2010-10-15T02:00:00",1,0.39270406961441
"2010-10-15T03:00:00",1,0.432183891534805
"2010-10-15T04:00:00",1,0.374531507492065
"2010-10-15T05:00:00",1,0.504049241542816
"2010-10-15T06:00:00",1,1.04897880554199
"2010-10-15T07:00:00",1,2.58840298652649
"2010-10-15T08:00:00",1,1.82309424877167
"2010-10-15T09:00:00",1,1.64584803581238
"2010-10-15T10:00:00",1,1.49175894260406
"2010-10-15T11:00:00",1,1.51311707496643
"2010-10-15T12:00:00",1,1.6048219203949
"2010-10-15T13:00:00",1,1.78742551803589
"2010-10-15T14:00:00",1,1.34122776985168
"2010-10-15T15:00:00",1,1.20117819309235
"2010-10-15T16:00:00",1,0.541519701480865
"2010-10-15T17:00:00",1,0.86527407169342
"2010-10-15T18:00:00",1,1.16405439376831
"2010-10-15T19:00:00",1,2.29775190353394
"2010-10-15T20:00:00",1,2.2013304233551
"2010-10-15T21:00:00",1,1.95369863510132
"2010-10-15T22:00:00",1,0.952344477176666
"2010-10-15T23:00:00",1,0.550234436988831
"2010-10-16T00:00:00",1,0.500442743301392
"2010-10-16T01:00:00",1,0.409474909305573
"2010-10-16T02:00:00",1,0.375431388616562
"2010-10-16T03:00:00",1,0.519822955131531
"2010-10-16T04:00:00",1,0.566330432891846
"2010-10-16T05:00:00",1,0.498355209827423
"2010-10-16T06:00:00",1,0.846930503845215
"2010-10-16T07:00:00",1,1.86574494838715
"2010-10-16T08:00:00",1,1.90633571147919
"2010-10-16T09:00:00",1,1.77772545814514
"2010-10-16T10:00:00",1,1.24657046794891
"2010-10-16T11:00:00",1,1.7974967956543
"2010-10-16T12:00:00",1,1.35109555721283
"2010-10-16T13:00:00",1,0.987073540687561
"2010-10-16T14:00:00",1,0.652910351753235
"2010-10-16T15:00:00",1,0.879607677459717
"2010-10-16T16:00:00",1,0.572095811367035
"2010-10-16T17:00:00",1,0.577763259410858
"2010-10-16T18:00:00",1,0.888236045837402
"2010-10-16T19:00:00",1,1.12453866004944
"2010-10-16T20:00:00",1,0.888700664043427
"2010-10-16T21:00:00",1,1.40950965881348
"2010-10-16T22:00:00",1,0.898340046405792
"2010-10-16T23:00:00",1,0.692811727523804
"2010-10-17T00:00:00",1,0.438734799623489
"2010-10-17T01:00:00",1,0.430159360170364
"2010-10-17T02:00:00",1,0.403308033943176
"2010-10-17T03:00:00",1,0.518883764743805
"2010-10-17T04:00:00",1,0.383179634809494
"2010-10-17T05:00:00",1,0.52238917350769
"2010-10-17T06:00:00",1,0.636432111263275
"2010-10-17T07:00:00",1,1.25419569015503
"2010-10-17T08:00:00",1,0.696272909641266
"2010-10-17T09:00:00",1,0.56613552570343
"2010-10-17T10:00:00",1,0.675463318824768
"2010-10-17T11:00:00",1,0.492873966693878
"2010-10-17T12:00:00",1,0.469810605049133
"2010-10-17T13:00:00",1,0.504787504673004
"2010-10-17T14:00:00",1,0.688214898109436
"2010-10-17T15:00:00",1,0.809909224510193
"2010-10-17T16:00:00",1,0.599349021911621
"2010-10-17T17:00:00",1,0.999956130981445
"2010-10-17T18:00:00",1,1.09630990028381
"2010-10-17T19:00:00",1,1.46086966991425
"2010-10-17T20:00:00",1,2.54294109344482
"2010-10-17T21:00:00",1,2.49977707862854
"2010-10-17T22:00:00",1,1.5444051027298
"2010-10-17T23:00:00",1,0.74107950925827
"2010-10-18T00:00:00",1,0.536433637142181
"2010-10-18T01:00:00",1,0.479882389307022
"2010-10-18T02:00:00",1,0.449364185333252
"2010-10-18T03:00:00",1,0.368449777364731
"2010-10-18T04:00:00",1,0.419109910726547
"2010-10-18T05:00:00",1,0.622703611850739
"2010-10-18T06:00:00",1,0.938135802745819
"2010-10-18T07:00:00",1,2.04690027236938
"2010-10-18T08:00:00",1,1.7671914100647
"2010-10-18T09:00:00",1,1.79572379589081
"2010-10-18T10:00:00",1,2.53799510002136
"2010-10-18T11:00:00",1,2.03337121009827
"2010-10-18T12:00:00",1,2.12953805923462
"2010-10-18T13:00:00",1,2.34660220146179
"2010-10-18T14:00:00",1,2.37718462944031
"2010-10-18T15:00:00",1,1.586350440979
"2010-10-18T16:00:00",1,0.643782138824463
"2010-10-18T17:00:00",1,0.537392318248749
"2010-10-18T18:00:00",1,0.952806949615479
"2010-10-18T19:00:00",1,2.77660179138184
"2010-10-18T20:00:00",1,2.8332724571228
"2010-10-18T21:00:00",1,2.06905794143677
"2010-10-18T22:00:00",1,1.67715466022491
"2010-10-18T23:00:00",1,1.11755871772766
"2010-10-19T00:00:00",1,1.04749715328217
"2010-10-19T01:00:00",1,0.833964645862579
"2010-10-19T02:00:00",1,0.273050457239151
"2010-10-19T03:00:00",1,0.245163917541504
"2010-10-19T04:00:00",1,0.236741662025452
"2010-10-19T05:00:00",1,0.404899060726166
"2010-10-19T06:00:00",1,0.968076527118683
"2010-10-19T07:00:00",1,2.14439344406128
"2010-10-19T08:00:00",1,1.688596367836
"2010-10-19T09:00:00",1,1.59094071388245
"2010-10-19T10:00:00",1,1.48239994049072
"2010-10-19T11:00:00",1,0.755622863769531
"2010-10-19T12:00:00",1,1.72306764125824
"2010-10-19T13:00:00",1,1.00453901290894
"2010-10-19T14:00:00",1,0.440956503152847
"2010-10-19T15:00:00",1,0.456422865390778
"2010-10-19T16:00:00",1,0.461538732051849
"2010-10-19T17:00:00",1,0.595758438110352
"2010-10-19T18:00:00",1,1.75824868679047
"2010-10-19T19:00:00",1,2.98083186149597
"2010-10-19T20:00:00",1,2.50799608230591
"2010-10-19T21:00:00",1,2.23699975013733
"2010-10-19T22:00:00",1,1.51316201686859
"2010-10-19T23:00:00",1,0.687627792358398
"2010-10-20T00:00:00",1,0.50062358379364
"2010-10-20T01:00:00",1,0.56919401884079
"2010-10-20T02:00:00",1,0.426092773675919
"2010-10-20T03:00:00",1,0.342341810464859
"2010-10-20T04:00:00",1,0.529238760471344
"2010-10-20T05:00:00",1,0.394069880247116
"2010-10-20T06:00:00",1,0.984593331813812
"2010-10-20T07:00:00",1,2.24345707893372
"2010-10-20T08:00:00",1,2.11674976348877
"2010-10-20T09:00:00",1,1.6712212562561
"2010-10-20T10:00:00",1,1.64158666133881
"2010-10-20T11:00:00",1,1.60491287708282
"2010-10-20T12:00:00",1,1.7665628194809
"2010-10-20T13:00:00",1,1.22719240188599
"2010-10-20T14:00:00",1,0.486872881650925
"2010-10-20T15:00:00",1,0.718011677265167
"2010-10-20T16:00:00",1,0.781737565994263
"2010-10-20T17:00:00",1,0.541342437267303
"2010-10-20T18:00:00",1,0.740540146827698
"2010-10-20T19:00:00",1,2.28468370437622
"2010-10-20T20:00:00",1,2.53869557380676
"2010-10-20T21:00:00",1,2.29060912132263
"2010-10-20T22:00:00",1,1.36085999011993
"2010-10-20T23:00:00",1,0.817317306995392
"2010-10-21T00:00:00",1,0.525700151920319
"2010-10-21T01:00:00",1,0.439752370119095
"2010-10-21T02:00:00",1,0.505176723003387
"2010-10-21T03:00:00",1,0.451127082109451
"2010-10-21T04:00:00",1,0.396968841552734
"2010-10-21T05:00:00",1,0.424276560544968
"2010-10-21T06:00:00",1,0.97183084487915
"2010-10-21T07:00:00",1,2.60771918296814
"2010-10-21T08:00:00",1,1.93755888938904
"2010-10-21T09:00:00",1,1.26121211051941
"2010-10-21T10:00:00",1,0.595289468765259
"2010-10-21T11:00:00",1,0.576913118362427
"2010-10-21T12:00:00",1,0.800898790359497
"2010-10-21T13:00:00",1,0.936035871505737
"2010-10-21T14:00:00",1,0.691446721553802
"2010-10-21T15:00:00",1,0.728810906410217
"2010-10-21T16:00:00",1,0.554292857646942
"2010-10-21T17:00:00",1,0.794734418392181
"2010-10-21T18:00:00",1,0.847921192646027
"2010-10-21T19:00:00",1,2.1053032875061
"2010-10-21T20:00:00",1,2.37329912185669
"2010-10-21T21:00:00",1,2.29510521888733
"2010-10-21T22:00:00",1,1.38339579105377
"2010-10-21T23:00:00",1,0.80280739068985
"2010-10-22T00:00:00",1,0.504324316978455
"2010-10-22T01:00:00",1,0.44193109869957
"2010-10-22T02:00:00",1,0.529905259609222
"2010-10-22T03:00:00",1,0.502664089202881
"2010-10-22T04:00:00",1,0.485930114984512
"2010-10-22T05:00:00",1,0.551007926464081
"2010-10-22T06:00:00",1,1.07006180286407
"2010-10-22T07:00:00",1,2.58471298217773
"2010-10-22T08:00:00",1,1.89657008647919
"2010-10-22T09:00:00",1,1.52714848518372
"2010-10-22T10:00:00",1,1.55154204368591
"2010-10-22T11:00:00",1,1.35803627967834
"2010-10-22T12:00:00",1,1.32843613624573
"2010-10-22T13:00:00",1,1.63693225383759
"2010-10-22T14:00:00",1,1.28496587276459
"2010-10-22T15:00:00",1,1.16755449771881
"2010-10-22T16:00:00",1,0.584229052066803
"2010-10-22T17:00:00",1,0.960314989089966
"2010-10-22T18:00:00",1,1.24078798294067
"2010-10-22T19:00:00",1,1.73088073730469
"2010-10-22T20:00:00",1,1.84506177902222
"2010-10-22T21:00:00",1,1.6456298828125
"2010-10-22T22:00:00",1,1.46124768257141
"2010-10-22T23:00:00",1,0.482709854841232
"2010-10-23T00:00:00",1,0.382702767848969
"2010-10-23T01:00:00",1,1.14377081394196
"2010-10-23T02:00:00",1,0.418399900197983
"2010-10-23T03:00:00",1,0.478794068098068
"2010-10-23T04:00:00",1,0.441277474164963
"2010-10-23T05:00:00",1,0.343579024076462
"2010-10-23T06:00:00",1,0.6335569024086
"2010-10-23T07:00:00",1,1.96862280368805
"2010-10-23T08:00:00",1,2.09405851364136
"2010-10-23T09:00:00",1,1.5582731962204
"2010-10-23T10:00:00",1,1.3286155462265
"2010-10-23T11:00:00",1,0.797671735286713
"2010-10-23T12:00:00",1,1.34180700778961
"2010-10-23T13:00:00",1,1.70787966251373
"2010-10-23T14:00:00",1,1.6790611743927
"2010-10-23T15:00:00",1,1.99724292755127
"2010-10-23T16:00:00",1,2.10197973251343
"2010-10-23T17:00:00",1,2.28634214401245
"2010-10-23T18:00:00",1,3.47486352920532
"2010-10-23T19:00:00",1,2.91221380233765
"2010-10-23T20:00:00",1,1.95225048065186
"2010-10-23T21:00:00",1,1.82166361808777
"2010-10-23T22:00:00",1,2.34387230873108
"2010-10-23T23:00:00",1,0.819262862205505
"2010-10-24T00:00:00",1,1.17410528659821
"2010-10-24T01:00:00",1,1.24077248573303
"2010-10-24T02:00:00",1,1.34660410881042
"2010-10-24T03:00:00",1,1.73695647716522
"2010-10-24T04:00:00",1,1.4736762046814
"2010-10-24T05:00:00",1,0.455856055021286
"2010-10-24T06:00:00",1,0.709901869297028
"2010-10-24T07:00:00",1,0.631768822669983
"2010-10-24T08:00:00",1,0.600489616394043
"2010-10-24T09:00:00",1,0.921205401420593
"2010-10-24T10:00:00",1,1.13359642028809
"2010-10-24T11:00:00",1,1.62048697471619
"2010-10-24T12:00:00",1,1.79186105728149
"2010-10-24T13:00:00",1,2.26584935188293
"2010-10-24T14:00:00",1,2.16866779327393
"2010-10-24T15:00:00",1,2.04252004623413
"2010-10-24T16:00:00",1,1.49279856681824
"2010-10-24T17:00:00",1,1.33347809314728
"2010-10-24T18:00:00",1,2.42384171485901
"2010-10-24T19:00:00",1,2.84239029884338
"2010-10-24T20:00:00",1,2.55596661567688
"2010-10-24T21:00:00",1,1.88492453098297
"2010-10-24T22:00:00",1,0.877423644065857
"2010-10-24T23:00:00",1,1.12096273899078
"2010-10-25T00:00:00",1,0.905826449394226
"2010-10-25T01:00:00",1,0.462897390127182
"2010-10-25T02:00:00",1,0.520549416542053
"2010-10-25T03:00:00",1,0.388132721185684
"2010-10-25T04:00:00",1,0.358477592468262
"2010-10-25T05:00:00",1,0.403588593006134
"2010-10-25T06:00:00",1,0.90167361497879
"2010-10-25T07:00:00",1,1.69447267055511
"2010-10-25T08:00:00",1,1.73154783248901
"2010-10-25T09:00:00",1,1.71761345863342
"2010-10-25T10:00:00",1,1.43976926803589
"2010-10-25T11:00:00",1,1.52686774730682
"2010-10-25T12:00:00",1,0.720900595188141
"2010-10-25T13:00:00",1,0.512272119522095
"2010-10-25T14:00:00",1,0.460491538047791
"2010-10-25T15:00:00",1,0.431795001029968
"2010-10-25T16:00:00",1,0.566300392150879
"2010-10-25T17:00:00",1,0.781441211700439
"2010-10-25T18:00:00",1,0.758478105068207
"2010-10-25T19:00:00",1,1.26759445667267
"2010-10-25T20:00:00",1,1.97397482395172
"2010-10-25T21:00:00",1,1.65725934505463
"2010-10-25T22:00:00",1,0.863041698932648
"2010-10-25T23:00:00",1,0.985560894012451
"2010-10-26T00:00:00",1,0.717621088027954
"2010-10-26T01:00:00",1,0.55920934677124
"2010-10-26T02:00:00",1,0.367796868085861
"2010-10-26T03:00:00",1,0.667999267578125
"2010-10-26T04:00:00",1,0.411229968070984
"2010-10-26T05:00:00",1,0.512865543365479
"2010-10-26T06:00:00",1,0.852381885051727
"2010-10-26T07:00:00",1,0.908718407154083
"2010-10-26T08:00:00",1,1.65548503398895
"2010-10-26T09:00:00",1,1.12815511226654
"2010-10-26T10:00:00",1,1.17710363864899
"2010-10-26T11:00:00",1,1.06906974315643
"2010-10-26T12:00:00",1,2.35993385314941
"2010-10-26T13:00:00",1,0.851115465164185
"2010-10-26T14:00:00",1,0.58910608291626
"2010-10-26T15:00:00",1,0.402160972356796
"2010-10-26T16:00:00",1,0.437958538532257
"2010-10-26T17:00:00",1,0.601511359214783
"2010-10-26T18:00:00",1,1.29475545883179
"2010-10-26T19:00:00",1,0.88359934091568
"2010-10-26T20:00:00",1,0.804330825805664
"2010-10-26T21:00:00",1,1.58498787879944
"2010-10-26T22:00:00",1,0.796760320663452
"2010-10-26T23:00:00",1,0.967085003852844
"2010-10-27T00:00:00",1,0.671458303928375
"2010-10-27T01:00:00",1,0.532689094543457
"2010-10-27T02:00:00",1,0.748288869857788
"2010-10-27T03:00:00",1,0.734447538852692
"2010-10-27T04:00:00",1,0.441021353006363
"2010-10-27T05:00:00",1,0.368203043937683
"2010-10-27T06:00:00",1,0.600488305091858
"2010-10-27T07:00:00",1,0.89702832698822
"2010-10-27T08:00:00",1,1.715860247612
"2010-10-27T09:00:00",1,1.69051933288574
"2010-10-27T10:00:00",1,1.512531042099
"2010-10-27T11:00:00",1,1.69396567344666
"2010-10-27T12:00:00",1,1.94402933120728
"2010-10-27T13:00:00",1,0.486556172370911
"2010-10-27T14:00:00",1,0.751753270626068
"2010-10-27T15:00:00",1,0.71331262588501
"2010-10-27T16:00:00",1,0.600212037563324
"2010-10-27T17:00:00",1,0.837119817733765
"2010-10-27T18:00:00",1,0.94826352596283
"2010-10-27T19:00:00",1,1.43130004405975
"2010-10-27T20:00:00",1,1.51589226722717
"2010-10-27T21:00:00",1,1.37762689590454
"2010-10-27T22:00:00",1,0.883032977581024
"2010-10-27T23:00:00",1,0.747833669185638
"2010-10-28T00:00:00",1,0.450314164161682
"2010-10-28T01:00:00",1,0.997831702232361
"2010-10-28T02:00:00",1,0.518653512001038
"2010-10-28T03:00:00",1,0.416267782449722
"2010-10-28T04:00:00",1,0.394215703010559
"2010-10-28T05:00:00",1,0.571819722652435
"2010-10-28T06:00:00",1,0.734111845493317
"2010-10-28T07:00:00",1,1.01512944698334
"2010-10-28T08:00:00",1,1.31118822097778
"2010-10-28T09:00:00",1,1.00202083587646
"2010-10-28T10:00:00",1,1.65094029903412
"2010-10-28T11:00:00",1,1.23867499828339
"2010-10-28T12:00:00",1,0.493634462356567
"2010-10-28T13:00:00",1,0.59671413898468
"2010-10-28T14:00:00",1,0.61435455083847
"2010-10-28T15:00:00",1,1.19282686710358
"2010-10-28T16:00:00",1,1.83004081249237
"2010-10-28T17:00:00",1,1.81975257396698
"2010-10-28T18:00:00",1,1.92180216312408
"2010-10-28T19:00:00",1,1.41333067417145
"2010-10-28T20:00:00",1,2.3079514503479
"2010-10-28T21:00:00",1,0.702928960323334
"2010-10-28T22:00:00",1,0.534614205360413
"2010-10-28T23:00:00",1,0.732003629207611
"2010-10-29T00:00:00",1,0.576996207237244
"2010-10-29T01:00:00",1,0.568305492401123
"2010-10-29T02:00:00",1,0.54716944694519
"2010-10-29T03:00:00",1,0.549390077590942
"2010-10-29T04:00:00",1,0.391572177410126
"2010-10-29T05:00:00",1,0.427522569894791
"2010-10-29T06:00:00",1,0.882053136825562
"2010-10-29T07:00:00",1,1.33319461345673
"2010-10-29T08:00:00",1,0.696573972702026
"2010-10-29T09:00:00",1,0.863425076007843
"2010-10-29T10:00:00",1,1.50022971630096
"2010-10-29T11:00:00",1,0.912382662296295
"2010-10-29T12:00:00",1,0.898642122745514
"2010-10-29T13:00:00",1,0.988770186901093
"2010-10-29T14:00:00",1,1.06534814834595
"2010-10-29T15:00:00",1,0.775162577629089
"2010-10-29T16:00:00",1,1.20644545555115
"2010-10-29T17:00:00",1,0.654467642307281
"2010-10-29T18:00:00",1,0.898025989532471
"2010-10-29T19:00:00",1,1.54544544219971
"2010-10-29T20:00:00",1,1.40976464748383
"2010-10-29T21:00:00",1,1.39237856864929
"2010-10-29T22:00:00",1,1.42239189147949
"2010-10-29T23:00:00",1,0.500017940998077
"2010-10-30T00:00:00",1,0.954025864601135
"2010-10-30T01:00:00",1,1.2057284116745
"2010-10-30T02:00:00",1,0.785747647285461
"2010-10-30T03:00:00",1,0.504195392131805
"2010-10-30T04:00:00",1,0.540223240852356
"2010-10-30T05:00:00",1,0.385852932929993
"2010-10-30T06:00:00",1,0.467876195907593
"2010-10-30T07:00:00",1,0.577010810375214
"2010-10-30T08:00:00",1,1.25231719017029
"2010-10-30T09:00:00",1,1.12866866588593
"2010-10-30T10:00:00",1,0.76099818944931
"2010-10-30T11:00:00",1,0.963523387908936
"2010-10-30T12:00:00",1,2.39709663391113
"2010-10-30T13:00:00",1,1.03204369544983
"2010-10-30T14:00:00",1,1.29115676879883
"2010-10-30T15:00:00",1,1.78184986114502
"2010-10-30T16:00:00",1,1.65374362468719
"2010-10-30T17:00:00",1,1.88290739059448
"2010-10-30T18:00:00",1,1.84515464305878
"2010-10-30T19:00:00",1,2.52912950515747
"2010-10-30T20:00:00",1,2.38932418823242
"2010-10-30T21:00:00",1,2.19809222221375
"2010-10-30T22:00:00",1,2.10168266296387
"2010-10-30T23:00:00",1,2.01135849952698
"2010-10-31T00:00:00",1,1.76116788387299
"2010-10-31T01:00:00",1,1.38183116912842
"2010-10-31T02:00:00",1,1.58434689044952
"2010-10-31T03:00:00",1,1.56417191028595
"2010-10-31T04:00:00",1,1.62443506717682
"2010-10-31T05:00:00",1,1.54071474075317
"2010-10-31T06:00:00",1,2.10499143600464
"2010-10-31T07:00:00",1,1.63517332077026
"2010-10-31T08:00:00",1,0.677334845066071
"2010-10-31T09:00:00",1,0.594526171684265
"2010-10-31T10:00:00",1,0.825614750385284
"2010-10-31T11:00:00",1,1.10004329681396
"2010-10-31T12:00:00",1,0.736409783363342
"2010-10-31T13:00:00",1,0.880757868289948
"2010-10-31T14:00:00",1,1.54797220230103
"2010-10-31T15:00:00",1,1.64202392101288
"2010-10-31T16:00:00",1,1.00888073444366
"2010-10-31T17:00:00",1,0.96461683511734
"2010-10-31T18:00:00",1,1.25507402420044
"2010-10-31T19:00:00",1,0.701387166976929
"2010-10-31T20:00:00",1,0.674133777618408
"2010-10-31T21:00:00",1,0.850747644901276
"2010-10-31T22:00:00",1,1.48835062980652
"2010-10-31T23:00:00",1,0.972244262695312
"2010-11-01T00:00:00",1,1.09180557727814
"2010-11-01T01:00:00",1,0.753665566444397
"2010-11-01T02:00:00",1,1.29761004447937
"2010-11-01T03:00:00",1,0.97822779417038
"2010-11-01T04:00:00",1,0.838889896869659
"2010-11-01T05:00:00",1,0.396165579557419
"2010-11-01T06:00:00",1,0.629269063472748
"2010-11-01T07:00:00",1,0.972651183605194
"2010-11-01T08:00:00",1,0.755219638347626
"2010-11-01T09:00:00",1,0.512579262256622
"2010-11-01T10:00:00",1,1.05267763137817
"2010-11-01T11:00:00",1,0.95629096031189
"2010-11-01T12:00:00",1,0.652833759784698
"2010-11-01T13:00:00",1,0.954860627651215
"2010-11-01T14:00:00",1,1.70234632492065
"2010-11-01T15:00:00",1,1.21869921684265
"2010-11-01T16:00:00",1,1.28215527534485
"2010-11-01T17:00:00",1,1.52480924129486
"2010-11-01T18:00:00",1,1.41663324832916
"2010-11-01T19:00:00",1,0.86256355047226
"2010-11-01T20:00:00",1,0.408173143863678
"2010-11-01T21:00:00",1,0.914702415466309
"2010-11-01T22:00:00",1,1.19849324226379
"2010-11-01T23:00:00",1,0.911249399185181
"2010-11-02T00:00:00",1,0.972177088260651
"2010-11-02T01:00:00",1,0.97291773557663
"2010-11-02T02:00:00",1,0.896109879016876
"2010-11-02T03:00:00",1,0.45129206776619
"2010-11-02T04:00:00",1,0.450219541788101
"2010-11-02T05:00:00",1,1.41126954555511
"2010-11-02T06:00:00",1,0.627106249332428
"2010-11-02T07:00:00",1,0.714529931545258
"2010-11-02T08:00:00",1,0.858030319213867
"2010-11-02T09:00:00",1,0.948398411273956
"2010-11-02T10:00:00",1,1.29583752155304
"2010-11-02T11:00:00",1,1.35105192661285
"2010-11-02T12:00:00",1,0.841312110424042
"2010-11-02T13:00:00",1,0.566093146800995
"2010-11-02T14:00:00",1,0.540221154689789
"2010-11-02T15:00:00",1,0.483544379472733
"2010-11-02T16:00:00",1,0.617585003376007
"2010-11-02T17:00:00",1,0.715444147586823
"2010-11-02T18:00:00",1,0.669095158576965
"2010-11-02T19:00:00",1,1.3195424079895
"2010-11-02T20:00:00",1,1.27748644351959
"2010-11-02T21:00:00",1,1.29818832874298
"2010-11-02T22:00:00",1,1.07257521152496
"2010-11-02T23:00:00",1,0.954802632331848
"2010-11-03T00:00:00",1,1.20069181919098
"2010-11-03T01:00:00",1,0.533808588981628
"2010-11-03T02:00:00",1,0.571639597415924
"2010-11-03T03:00:00",1,0.664174735546112
"2010-11-03T04:00:00",1,0.449359744787216
"2010-11-03T05:00:00",1,0.440419316291809
"2010-11-03T06:00:00",1,0.767973899841309
"2010-11-03T07:00:00",1,1.17309749126434
"2010-11-03T08:00:00",1,1.1729542016983
"2010-11-03T09:00:00",1,1.69545102119446
"2010-11-03T10:00:00",1,1.70001792907715
"2010-11-03T11:00:00",1,0.956701517105103
"2010-11-03T12:00:00",1,0.539755165576935
"2010-11-03T13:00:00",1,0.50021630525589
"2010-11-03T14:00:00",1,0.656139731407166
"2010-11-03T15:00:00",1,0.438057124614716
"2010-11-03T16:00:00",1,0.563552498817444
"2010-11-03T17:00:00",1,0.680492043495178
"2010-11-03T18:00:00",1,0.965718448162079
"2010-11-03T19:00:00",1,1.08415842056274
"2010-11-03T20:00:00",1,1.30116295814514
"2010-11-03T21:00:00",1,1.61777544021606
"2010-11-03T22:00:00",1,1.6027512550354
"2010-11-03T23:00:00",1,0.548873126506805
"2010-11-04T00:00:00",1,0.400530427694321
"2010-11-04T01:00:00",1,0.536075234413147
"2010-11-04T02:00:00",1,0.431870967149734
"2010-11-04T03:00:00",1,0.570248544216156
"2010-11-04T04:00:00",1,0.424496054649353
"2010-11-04T05:00:00",1,0.559537172317505
"2010-11-04T06:00:00",1,0.705968737602234
"2010-11-04T07:00:00",1,1.15687799453735
"2010-11-04T08:00:00",1,1.78815007209778
"2010-11-04T09:00:00",1,2.80859065055847
"2010-11-04T10:00:00",1,1.88235700130463
"2010-11-04T11:00:00",1,2.69703245162964
"2010-11-04T12:00:00",1,2.45836091041565
"2010-11-04T13:00:00",1,1.97940146923065
"2010-11-04T14:00:00",1,1.77161777019501
"2010-11-04T15:00:00",1,1.22697579860687
"2010-11-04T16:00:00",1,0.909748375415802
"2010-11-04T17:00:00",1,0.920003175735474
"2010-11-04T18:00:00",1,0.964514255523682
"2010-11-04T19:00:00",1,1.95268750190735
"2010-11-04T20:00:00",1,3.09384179115295
"2010-11-04T21:00:00",1,2.83747124671936
"2010-11-04T22:00:00",1,1.62628722190857
"2010-11-04T23:00:00",1,1.08899533748627
"2010-11-05T00:00:00",1,0.4535071849823
"2010-11-05T01:00:00",1,0.477920919656754
"2010-11-05T02:00:00",1,0.376658856868744
"2010-11-05T03:00:00",1,0.417982250452042
"2010-11-05T04:00:00",1,0.561604857444763
"2010-11-05T05:00:00",1,0.634996891021729
"2010-11-05T06:00:00",1,0.898517072200775
"2010-11-05T07:00:00",1,1.45266711711884
"2010-11-05T08:00:00",1,2.06954526901245
"2010-11-05T09:00:00",1,1.62034606933594
"2010-11-05T10:00:00",1,1.50842583179474
"2010-11-05T11:00:00",1,1.36168992519379
"2010-11-05T12:00:00",1,1.32698786258698
"2010-11-05T13:00:00",1,1.53639101982117
"2010-11-05T14:00:00",1,1.46034967899323
"2010-11-05T15:00:00",1,1.32743716239929
"2010-11-05T16:00:00",1,1.30996239185333
"2010-11-05T17:00:00",1,0.854561984539032
"2010-11-05T18:00:00",1,1.09613263607025
"2010-11-05T19:00:00",1,1.68765020370483
"2010-11-05T20:00:00",1,1.9715428352356
"2010-11-05T21:00:00",1,2.16324806213379
"2010-11-05T22:00:00",1,1.37810218334198
"2010-11-05T23:00:00",1,0.714487612247467
"2010-11-06T00:00:00",1,0.378833115100861
"2010-11-06T01:00:00",1,0.415737897157669
"2010-11-06T02:00:00",1,0.640371859073639
"2010-11-06T03:00:00",1,0.430614680051804
"2010-11-06T04:00:00",1,0.396082520484924
"2010-11-06T05:00:00",1,0.42883238196373
"2010-11-06T06:00:00",1,0.780408501625061
"2010-11-06T07:00:00",1,1.23460626602173
"2010-11-06T08:00:00",1,1.90779542922974
"2010-11-06T09:00:00",1,1.81449139118195
"2010-11-06T10:00:00",1,1.48819482326508
"2010-11-06T11:00:00",1,1.32022440433502
"2010-11-06T12:00:00",1,2.14972686767578
"2010-11-06T13:00:00",1,1.90140926837921
"2010-11-06T14:00:00",1,1.32163047790527
"2010-11-06T15:00:00",1,0.66596508026123
"2010-11-06T16:00:00",1,1.72166001796722
"2010-11-06T17:00:00",1,1.7429279088974
"2010-11-06T18:00:00",1,1.98108124732971
"2010-11-06T19:00:00",1,2.56236433982849
"2010-11-06T20:00:00",1,2.15050411224365
"2010-11-06T21:00:00",1,1.66187858581543
"2010-11-06T22:00:00",1,1.11920893192291
"2010-11-06T23:00:00",1,0.768277704715729
"2010-11-07T00:00:00",1,0.516761779785156
"2010-11-07T01:00:00",1,0.537914931774139
"2010-11-07T02:00:00",1,0.418954581022263
"2010-11-07T03:00:00",1,0.455153942108154
"2010-11-07T04:00:00",1,0.526485025882721
"2010-11-07T05:00:00",1,0.764425694942474
"2010-11-07T06:00:00",1,0.680291891098022
"2010-11-07T07:00:00",1,0.971328794956207
"2010-11-07T08:00:00",1,1.41704905033112
"2010-11-07T09:00:00",1,1.1793417930603
"2010-11-07T10:00:00",1,1.60136139392853
"2010-11-07T11:00:00",1,1.84651005268097
"2010-11-07T12:00:00",1,1.9194837808609
"2010-11-07T13:00:00",1,1.87424325942993
"2010-11-07T14:00:00",1,1.19188213348389
"2010-11-07T15:00:00",1,1.442498087883
"2010-11-07T16:00:00",1,1.67222142219543
"2010-11-07T17:00:00",1,1.31652247905731
"2010-11-07T18:00:00",1,1.51987993717194
"2010-11-07T19:00:00",1,2.29753232002258
"2010-11-07T20:00:00",1,2.11116361618042
"2010-11-07T21:00:00",1,1.90773487091064
"2010-11-07T22:00:00",1,1.40955746173859
"2010-11-07T23:00:00",1,0.683445513248444
"2010-11-08T00:00:00",1,0.359194755554199
"2010-11-08T01:00:00",1,0.352126747369766
"2010-11-08T02:00:00",1,0.505556285381317
"2010-11-08T03:00:00",1,0.465740889310837
"2010-11-08T04:00:00",1,0.498014628887177
"2010-11-08T05:00:00",1,0.424092799425125
"2010-11-08T06:00:00",1,0.867280066013336
"2010-11-08T07:00:00",1,1.50411033630371
"2010-11-08T08:00:00",1,1.80328512191772
"2010-11-08T09:00:00",1,1.62135076522827
"2010-11-08T10:00:00",1,1.3964159488678
"2010-11-08T11:00:00",1,1.25125515460968
"2010-11-08T12:00:00",1,1.23558366298676
"2010-11-08T13:00:00",1,1.48835980892181
"2010-11-08T14:00:00",1,1.74190032482147
"2010-11-08T15:00:00",1,1.10653114318848
"2010-11-08T16:00:00",1,0.831357598304749
"2010-11-08T17:00:00",1,0.713712751865387
"2010-11-08T18:00:00",1,1.13710606098175
"2010-11-08T19:00:00",1,2.01037955284119
"2010-11-08T20:00:00",1,2.23398804664612
"2010-11-08T21:00:00",1,2.18335747718811
"2010-11-08T22:00:00",1,1.48303067684174
"2010-11-08T23:00:00",1,0.891447901725769
"2010-11-09T00:00:00",1,0.421455979347229
"2010-11-09T01:00:00",1,0.372999638319016
"2010-11-09T02:00:00",1,0.413913547992706
"2010-11-09T03:00:00",1,0.382162749767303
"2010-11-09T04:00:00",1,0.420916795730591
"2010-11-09T05:00:00",1,0.513129889965057
"2010-11-09T06:00:00",1,0.971095621585846
"2010-11-09T07:00:00",1,2.35916566848755
"2010-11-09T08:00:00",1,1.71748876571655
"2010-11-09T09:00:00",1,1.6542774438858
"2010-11-09T10:00:00",1,1.65759253501892
"2010-11-09T11:00:00",1,1.02418375015259
"2010-11-09T12:00:00",1,1.48601233959198
"2010-11-09T13:00:00",1,1.25335144996643
"2010-11-09T14:00:00",1,0.600909113883972
"2010-11-09T15:00:00",1,0.637327134609222
"2010-11-09T16:00:00",1,0.64112001657486
"2010-11-09T17:00:00",1,0.873423337936401
"2010-11-09T18:00:00",1,2.2841591835022
"2010-11-09T19:00:00",1,2.47557950019836
"2010-11-09T20:00:00",1,2.24901103973389
"2010-11-09T21:00:00",1,2.49988651275635
"2010-11-09T22:00:00",1,1.5233519077301
"2010-11-09T23:00:00",1,1.24697458744049
"2010-11-10T00:00:00",1,0.568903267383575
"2010-11-10T01:00:00",1,0.4322789311409
"2010-11-10T02:00:00",1,0.381328493356705
"2010-11-10T03:00:00",1,0.393828421831131
"2010-11-10T04:00:00",1,0.377493977546692
"2010-11-10T05:00:00",1,0.386818170547485
"2010-11-10T06:00:00",1,0.901920676231384
"2010-11-10T07:00:00",1,1.63007211685181
"2010-11-10T08:00:00",1,2.03205156326294
"2010-11-10T09:00:00",1,1.88684105873108
"2010-11-10T10:00:00",1,1.60779893398285
"2010-11-10T11:00:00",1,2.35224080085754
"2010-11-10T12:00:00",1,2.41194415092468
"2010-11-10T13:00:00",1,1.39649474620819
"2010-11-10T14:00:00",1,2.24459671974182
"2010-11-10T15:00:00",1,1.7932516336441
"2010-11-10T16:00:00",1,1.54512524604797
"2010-11-10T17:00:00",1,1.64585971832275
"2010-11-10T18:00:00",1,1.526043176651
"2010-11-10T19:00:00",1,1.99339699745178
"2010-11-10T20:00:00",1,1.35627412796021
"2010-11-10T21:00:00",1,0.931765913963318
"2010-11-10T22:00:00",1,0.836679339408875
"2010-11-10T23:00:00",1,0.600682497024536
"2010-11-11T00:00:00",1,0.550594449043274
"2010-11-11T01:00:00",1,0.621691703796387
"2010-11-11T02:00:00",1,0.449257254600525
"2010-11-11T03:00:00",1,0.406641244888306
"2010-11-11T04:00:00",1,0.43332850933075
"2010-11-11T05:00:00",1,0.415835320949554
"2010-11-11T06:00:00",1,0.975014328956604
"2010-11-11T07:00:00",1,2.33925223350525
"2010-11-11T08:00:00",1,1.63718032836914
"2010-11-11T09:00:00",1,1.18533134460449
"2010-11-11T10:00:00",1,1.5729478597641
"2010-11-11T11:00:00",1,1.87821841239929
"2010-11-11T12:00:00",1,2.27546739578247
"2010-11-11T13:00:00",1,1.78410458564758
"2010-11-11T14:00:00",1,1.11824071407318
"2010-11-11T15:00:00",1,1.5573616027832
"2010-11-11T16:00:00",1,2.14197182655334
"2010-11-11T17:00:00",1,2.30375242233276
"2010-11-11T18:00:00",1,2.39491987228394
"2010-11-11T19:00:00",1,1.85707247257233
"2010-11-11T20:00:00",1,2.1766996383667
"2010-11-11T21:00:00",1,2.18095922470093
"2010-11-11T22:00:00",1,0.846458256244659
"2010-11-11T23:00:00",1,0.683353126049042
"2010-11-12T00:00:00",1,0.34195476770401
"2010-11-12T01:00:00",1,0.374032080173492
"2010-11-12T02:00:00",1,0.326249629259109
"2010-11-12T03:00:00",1,0.42624831199646
"2010-11-12T04:00:00",1,0.392375648021698
"2010-11-12T05:00:00",1,0.445403128862381
"2010-11-12T06:00:00",1,0.952613234519958
"2010-11-12T07:00:00",1,2.07572770118713
"2010-11-12T08:00:00",1,1.90701472759247
"2010-11-12T09:00:00",1,1.7928432226181
"2010-11-12T10:00:00",1,1.36816024780273
"2010-11-12T11:00:00",1,1.77646672725677
"2010-11-12T12:00:00",1,1.479283452034
"2010-11-12T13:00:00",1,1.41810381412506
"2010-11-12T14:00:00",1,0.747237265110016
"2010-11-12T15:00:00",1,1.16929841041565
"2010-11-12T16:00:00",1,1.5829039812088
"2010-11-12T17:00:00",1,1.45786774158478
"2010-11-12T18:00:00",1,2.38656973838806
"2010-11-12T19:00:00",1,2.3324875831604
"2010-11-12T20:00:00",1,2.39416837692261
"2010-11-12T21:00:00",1,1.81275689601898
"2010-11-12T22:00:00",1,0.927904427051544
"2010-11-12T23:00:00",1,0.3466517329216
"2010-11-13T00:00:00",1,0.548878908157349
"2010-11-13T01:00:00",1,0.416333585977554
"2010-11-13T02:00:00",1,0.58062207698822
"2010-11-13T03:00:00",1,0.362730205059052
"2010-11-13T04:00:00",1,0.393851518630981
"2010-11-13T05:00:00",1,0.420993238687515
"2010-11-13T06:00:00",1,0.826653659343719
"2010-11-13T07:00:00",1,2.00030970573425
"2010-11-13T08:00:00",1,2.00376415252686
"2010-11-13T09:00:00",1,1.57898032665253
"2010-11-13T10:00:00",1,1.05497705936432
"2010-11-13T11:00:00",1,0.9345423579216
"2010-11-13T12:00:00",1,1.50230133533478
"2010-11-13T13:00:00",1,1.57572758197784
"2010-11-13T14:00:00",1,1.8856999874115
"2010-11-13T15:00:00",1,2.08263278007507
"2010-11-13T16:00:00",1,2.18332862854004
"2010-11-13T17:00:00",1,3.30398774147034
"2010-11-13T18:00:00",1,3.0554347038269
"2010-11-13T19:00:00",1,2.05716586112976
"2010-11-13T20:00:00",1,2.38277506828308
"2010-11-13T21:00:00",1,1.64792323112488
"2010-11-13T22:00:00",1,1.65611290931702
"2010-11-13T23:00:00",1,1.66652870178223
"2010-11-14T00:00:00",1,1.22394478321075
"2010-11-14T01:00:00",1,1.28320407867432
"2010-11-14T02:00:00",1,1.39642906188965
"2010-11-14T03:00:00",1,0.654906153678894
"2010-11-14T04:00:00",1,0.481850236654282
"2010-11-14T05:00:00",1,0.332486242055893
"2010-11-14T06:00:00",1,0.487915456295013
"2010-11-14T07:00:00",1,0.835539221763611
"2010-11-14T08:00:00",1,0.652701199054718
"2010-11-14T09:00:00",1,1.08722519874573
"2010-11-14T10:00:00",1,1.32233428955078
"2010-11-14T11:00:00",1,1.68317496776581
"2010-11-14T12:00:00",1,1.38988888263702
"2010-11-14T13:00:00",1,1.4901522397995
"2010-11-14T14:00:00",1,1.40514123439789
"2010-11-14T15:00:00",1,1.83179414272308
"2010-11-14T16:00:00",1,3.07800674438477
"2010-11-14T17:00:00",1,3.11068415641785
"2010-11-14T18:00:00",1,3.06803703308105
"2010-11-14T19:00:00",1,2.8526029586792
"2010-11-14T20:00:00",1,1.96660113334656
"2010-11-14T21:00:00",1,2.63592791557312
"2010-11-14T22:00:00",1,1.2918484210968
"2010-11-14T23:00:00",1,0.573878109455109
"2010-11-15T00:00:00",1,0.43581235408783
"2010-11-15T01:00:00",1,0.31487238407135
"2010-11-15T02:00:00",1,0.370057731866837
"2010-11-15T03:00:00",1,0.413309752941132
"2010-11-15T04:00:00",1,0.655600726604462
"2010-11-15T05:00:00",1,0.69611120223999
"2010-11-15T06:00:00",1,0.891030430793762
"2010-11-15T07:00:00",1,2.15806722640991
"2010-11-15T08:00:00",1,1.96614837646484
"2010-11-15T09:00:00",1,1.51238322257996
"2010-11-15T10:00:00",1,1.30694675445557
"2010-11-15T11:00:00",1,1.23230075836182
"2010-11-15T12:00:00",1,1.28172743320465
"2010-11-15T13:00:00",1,2.5438244342804
"2010-11-15T14:00:00",1,1.94777488708496
"2010-11-15T15:00:00",1,0.565066456794739
"2010-11-15T16:00:00",1,0.457262754440308
"2010-11-15T17:00:00",1,0.922431588172913
"2010-11-15T18:00:00",1,1.45425629615784
"2010-11-15T19:00:00",1,2.14571642875671
"2010-11-15T20:00:00",1,2.11923742294312
"2010-11-15T21:00:00",1,2.43358469009399
"2010-11-15T22:00:00",1,1.25233745574951
"2010-11-15T23:00:00",1,0.587238371372223
"2010-11-16T00:00:00",1,0.491464465856552
"2010-11-16T01:00:00",1,0.420998245477676
"2010-11-16T02:00:00",1,0.357297420501709
"2010-11-16T03:00:00",1,0.421394467353821
"2010-11-16T04:00:00",1,0.354389756917953
"2010-11-16T05:00:00",1,0.388038665056229
"2010-11-16T06:00:00",1,1.078040599823
"2010-11-16T07:00:00",1,2.48992562294006
"2010-11-16T08:00:00",1,1.95810329914093
"2010-11-16T09:00:00",1,1.60100436210632
"2010-11-16T10:00:00",1,1.44225597381592
"2010-11-16T11:00:00",1,1.45376348495483
"2010-11-16T12:00:00",1,0.834286868572235
"2010-11-16T13:00:00",1,0.564968645572662
"2010-11-16T14:00:00",1,0.491710782051086
"2010-11-16T15:00:00",1,0.324968427419662
"2010-11-16T16:00:00",1,0.379742324352264
"2010-11-16T17:00:00",1,1.31366348266602
"2010-11-16T18:00:00",1,2.31134605407715
"2010-11-16T19:00:00",1,2.38578534126282
"2010-11-16T20:00:00",1,2.16503024101257
"2010-11-16T21:00:00",1,2.17488551139832
"2010-11-16T22:00:00",1,1.38700711727142
"2010-11-16T23:00:00",1,0.571239590644836
"2010-11-17T00:00:00",1,0.5113605260849
"2010-11-17T01:00:00",1,0.424245268106461
"2010-11-17T02:00:00",1,0.387004405260086
"2010-11-17T03:00:00",1,0.400876998901367
"2010-11-17T04:00:00",1,0.408199429512024
"2010-11-17T05:00:00",1,0.673027694225311
"2010-11-17T06:00:00",1,1.06162583827972
"2010-11-17T07:00:00",1,2.30033040046692
"2010-11-17T08:00:00",1,2.07645559310913
"2010-11-17T09:00:00",1,1.56525039672852
"2010-11-17T10:00:00",1,1.24703919887543
"2010-11-17T11:00:00",1,1.53668403625488
"2010-11-17T12:00:00",1,1.33012235164642
"2010-11-17T13:00:00",1,1.57237029075623
"2010-11-17T14:00:00",1,0.741119265556335
"2010-11-17T15:00:00",1,0.415579080581665
"2010-11-17T16:00:00",1,0.863987982273102
"2010-11-17T17:00:00",1,1.3097231388092
"2010-11-17T18:00:00",1,1.69787955284119
"2010-11-17T19:00:00",1,1.96782970428467
"2010-11-17T20:00:00",1,2.33511924743652
"2010-11-17T21:00:00",1,2.06819748878479
"2010-11-17T22:00:00",1,1.40464317798615
"2010-11-17T23:00:00",1,0.585865080356598
"2010-11-18T00:00:00",1,0.461030632257462
"2010-11-18T01:00:00",1,0.490750908851624
"2010-11-18T02:00:00",1,0.448766022920609
"2010-11-18T03:00:00",1,0.509432256221771
"2010-11-18T04:00:00",1,0.483035951852798
"2010-11-18T05:00:00",1,0.576918005943298
"2010-11-18T06:00:00",1,1.02549660205841
"2010-11-18T07:00:00",1,2.05124092102051
"2010-11-18T08:00:00",1,1.92150485515594
"2010-11-18T09:00:00",1,1.49474191665649
"2010-11-18T10:00:00",1,1.28237581253052
"2010-11-18T11:00:00",1,1.3022563457489
"2010-11-18T12:00:00",1,1.2913818359375
"2010-11-18T13:00:00",1,1.50823044776917
"2010-11-18T14:00:00",1,0.796326518058777
"2010-11-18T15:00:00",1,0.612068891525269
"2010-11-18T16:00:00",1,0.468899458646774
"2010-11-18T17:00:00",1,1.07264506816864
"2010-11-18T18:00:00",1,1.46951186656952
"2010-11-18T19:00:00",1,2.70513701438904
"2010-11-18T20:00:00",1,2.40943074226379
"2010-11-18T21:00:00",1,2.19538354873657
"2010-11-18T22:00:00",1,1.44970571994781
"2010-11-18T23:00:00",1,0.51943826675415
"2010-11-19T00:00:00",1,0.434499502182007
"2010-11-19T01:00:00",1,0.383740842342377
"2010-11-19T02:00:00",1,0.361883789300919
"2010-11-19T03:00:00",1,0.556305348873138
"2010-11-19T04:00:00",1,0.379123866558075
"2010-11-19T05:00:00",1,0.43270605802536
"2010-11-19T06:00:00",1,0.918549239635468
"2010-11-19T07:00:00",1,2.45244312286377
"2010-11-19T08:00:00",1,2.12084078788757
"2010-11-19T09:00:00",1,1.39929246902466
"2010-11-19T10:00:00",1,1.36658942699432
"2010-11-19T11:00:00",1,1.27808773517609
"2010-11-19T12:00:00",1,1.37703359127045
"2010-11-19T13:00:00",1,1.28309452533722
"2010-11-19T14:00:00",1,1.35328590869904
"2010-11-19T15:00:00",1,1.31881654262543
"2010-11-19T16:00:00",1,1.42494118213654
"2010-11-19T17:00:00",1,1.61704421043396
"2010-11-19T18:00:00",1,1.3873678445816
"2010-11-19T19:00:00",1,1.82656347751617
"2010-11-19T20:00:00",1,1.86880326271057
"2010-11-19T21:00:00",1,1.72975754737854
"2010-11-19T22:00:00",1,1.38486361503601
"2010-11-19T23:00:00",1,0.520681738853455
"2010-11-20T00:00:00",1,0.417457550764084
"2010-11-20T01:00:00",1,0.370088428258896
"2010-11-20T02:00:00",1,0.346790909767151
"2010-11-20T03:00:00",1,0.421620488166809
"2010-11-20T04:00:00",1,0.528984546661377
"2010-11-20T05:00:00",1,0.555276036262512
"2010-11-20T06:00:00",1,0.709531724452972
"2010-11-20T07:00:00",1,2.04239201545715
"2010-11-20T08:00:00",1,1.92473757266998
"2010-11-20T09:00:00",1,1.69376957416534
"2010-11-20T10:00:00",1,1.91565799713135
"2010-11-20T11:00:00",1,1.36824977397919
"2010-11-20T12:00:00",1,2.19332480430603
"2010-11-20T13:00:00",1,1.2316826581955
"2010-11-20T14:00:00",1,1.36664807796478
"2010-11-20T15:00:00",1,1.27808964252472
"2010-11-20T16:00:00",1,1.33910191059113
"2010-11-20T17:00:00",1,1.88708162307739
"2010-11-20T18:00:00",1,2.38996005058289
"2010-11-20T19:00:00",1,3.85324716567993
"2010-11-20T20:00:00",1,3.16275191307068
"2010-11-20T21:00:00",1,2.35434985160828
"2010-11-20T22:00:00",1,1.54829788208008
"2010-11-20T23:00:00",1,0.872585475444794
"2010-11-21T00:00:00",1,0.486239373683929
"2010-11-21T01:00:00",1,0.459959417581558
"2010-11-21T02:00:00",1,0.373149693012238
"2010-11-21T03:00:00",1,0.394552797079086
"2010-11-21T04:00:00",1,0.379343569278717
"2010-11-21T05:00:00",1,0.378281831741333
"2010-11-21T06:00:00",1,0.376753747463226
"2010-11-21T07:00:00",1,0.778153717517853
"2010-11-21T08:00:00",1,1.83119118213654
"2010-11-21T09:00:00",1,1.44336581230164
"2010-11-21T10:00:00",1,1.35956084728241
"2010-11-21T11:00:00",1,0.70713597536087
"2010-11-21T12:00:00",1,0.747449398040771
"2010-11-21T13:00:00",1,0.973224401473999
"2010-11-21T14:00:00",1,0.628877639770508
"2010-11-21T15:00:00",1,0.549292743206024
"2010-11-21T16:00:00",1,0.665141463279724
"2010-11-21T17:00:00",1,0.837804913520813
"2010-11-21T18:00:00",1,1.72262942790985
"2010-11-21T19:00:00",1,1.28452205657959
"2010-11-21T20:00:00",1,0.80209481716156
"2010-11-21T21:00:00",1,1.46226274967194
"2010-11-21T22:00:00",1,1.0738251209259
"2010-11-21T23:00:00",1,0.914804935455322
"2010-11-22T00:00:00",1,0.332478314638138
"2010-11-22T01:00:00",1,0.397479444742203
"2010-11-22T02:00:00",1,0.355489045381546
"2010-11-22T03:00:00",1,0.345552533864975
"2010-11-22T04:00:00",1,0.354000836610794
"2010-11-22T05:00:00",1,0.577170252799988
"2010-11-22T06:00:00",1,0.639316260814667
"2010-11-22T07:00:00",1,1.96187806129456
"2010-11-22T08:00:00",1,1.86932599544525
"2010-11-22T09:00:00",1,1.8118782043457
"2010-11-22T10:00:00",1,1.38589036464691
"2010-11-22T11:00:00",1,2.376544713974
"2010-11-22T12:00:00",1,2.43431234359741
"2010-11-22T13:00:00",1,1.73400676250458
"2010-11-22T14:00:00",1,1.68841791152954
"2010-11-22T15:00:00",1,1.41401636600494
"2010-11-22T16:00:00",1,1.16603851318359
"2010-11-22T17:00:00",1,0.729073226451874
"2010-11-22T18:00:00",1,0.919301986694336
"2010-11-22T19:00:00",1,2.65644097328186
"2010-11-22T20:00:00",1,2.4900016784668
"2010-11-22T21:00:00",1,1.63374245166779
"2010-11-22T22:00:00",1,1.41063022613525
"2010-11-22T23:00:00",1,0.522324860095978
"2010-11-23T00:00:00",1,0.340367764234543
"2010-11-23T01:00:00",1,0.36064875125885
"2010-11-23T02:00:00",1,0.347220838069916
"2010-11-23T03:00:00",1,0.324629753828049
"2010-11-23T04:00:00",1,0.349331915378571
"2010-11-23T05:00:00",1,0.681872844696045
"2010-11-23T06:00:00",1,1.12363862991333
"2010-11-23T07:00:00",1,2.45155167579651
"2010-11-23T08:00:00",1,2.05493879318237
"2010-11-23T09:00:00",1,1.63118731975555
"2010-11-23T10:00:00",1,1.3469260931015
"2010-11-23T11:00:00",1,1.56542885303497
"2010-11-23T12:00:00",1,1.61696839332581
"2010-11-23T13:00:00",1,0.853544890880585
"2010-11-23T14:00:00",1,0.659446716308594
"2010-11-23T15:00:00",1,1.4023642539978
"2010-11-23T16:00:00",1,0.563202798366547
"2010-11-23T17:00:00",1,0.909787356853485
"2010-11-23T18:00:00",1,1.8525984287262
"2010-11-23T19:00:00",1,2.26037263870239
"2010-11-23T20:00:00",1,2.27657413482666
"2010-11-23T21:00:00",1,2.25206255912781
"2010-11-23T22:00:00",1,1.33464694023132
"2010-11-23T23:00:00",1,0.614105939865112
"2010-11-24T00:00:00",1,0.513059854507446
"2010-11-24T01:00:00",1,0.408479332923889
"2010-11-24T02:00:00",1,0.375417470932007
"2010-11-24T03:00:00",1,0.538672626018524
"2010-11-24T04:00:00",1,0.380779266357422
"2010-11-24T05:00:00",1,0.449561476707458
"2010-11-24T06:00:00",1,1.04051947593689
"2010-11-24T07:00:00",1,2.36881947517395
"2010-11-24T08:00:00",1,2.09859418869019
"2010-11-24T09:00:00",1,1.51564061641693
"2010-11-24T10:00:00",1,1.19988465309143
"2010-11-24T11:00:00",1,1.28102993965149
"2010-11-24T12:00:00",1,1.32998716831207
"2010-11-24T13:00:00",1,1.47203528881073
"2010-11-24T14:00:00",1,1.74511814117432
"2010-11-24T15:00:00",1,1.79575288295746
"2010-11-24T16:00:00",1,1.31571841239929
"2010-11-24T17:00:00",1,0.935801208019257
"2010-11-24T18:00:00",1,1.94976615905762
"2010-11-24T19:00:00",1,2.17307472229004
"2010-11-24T20:00:00",1,1.82429850101471
"2010-11-24T21:00:00",1,2.14464068412781
"2010-11-24T22:00:00",1,1.306525349617
"2010-11-24T23:00:00",1,0.511994004249573
"2010-11-25T00:00:00",1,0.370902091264725
"2010-11-25T01:00:00",1,0.32676899433136
"2010-11-25T02:00:00",1,0.340659946203232
"2010-11-25T03:00:00",1,0.391347646713257
"2010-11-25T04:00:00",1,0.539688467979431
"2010-11-25T05:00:00",1,0.623181462287903
"2010-11-25T06:00:00",1,0.94582200050354
"2010-11-25T07:00:00",1,2.44811248779297
"2010-11-25T08:00:00",1,1.92228817939758
"2010-11-25T09:00:00",1,1.5596741437912
"2010-11-25T10:00:00",1,1.06190967559814
"2010-11-25T11:00:00",1,0.780987143516541
"2010-11-25T12:00:00",1,1.19817566871643
"2010-11-25T13:00:00",1,0.793812811374664
"2010-11-25T14:00:00",1,0.464125573635101
"2010-11-25T15:00:00",1,0.397298961877823
"2010-11-25T16:00:00",1,0.469299614429474
"2010-11-25T17:00:00",1,1.0294097661972
"2010-11-25T18:00:00",1,2.36408042907715
"2010-11-25T19:00:00",1,2.56761288642883
"2010-11-25T20:00:00",1,2.43179416656494
"2010-11-25T21:00:00",1,1.87035810947418
"2010-11-25T22:00:00",1,1.07438778877258
"2010-11-25T23:00:00",1,0.621166825294495
"2010-11-26T00:00:00",1,0.475734233856201
"2010-11-26T01:00:00",1,0.329933315515518
"2010-11-26T02:00:00",1,0.310150802135468
"2010-11-26T03:00:00",1,0.325798809528351
"2010-11-26T04:00:00",1,0.35037887096405
"2010-11-26T05:00:00",1,0.419759184122086
"2010-11-26T06:00:00",1,1.08581697940826
"2010-11-26T07:00:00",1,2.46140098571777
"2010-11-26T08:00:00",1,1.90497648715973
"2010-11-26T09:00:00",1,1.67554080486298
"2010-11-26T10:00:00",1,1.60400581359863
"2010-11-26T11:00:00",1,1.25724339485168
"2010-11-26T12:00:00",1,1.28767001628876
"2010-11-26T13:00:00",1,1.56564474105835
"2010-11-26T14:00:00",1,1.47570812702179
"2010-11-26T15:00:00",1,1.31578493118286
"2010-11-26T16:00:00",1,0.616775453090668
"2010-11-26T17:00:00",1,1.26748824119568
"2010-11-26T18:00:00",1,1.89324867725372
"2010-11-26T19:00:00",1,1.92209935188293
"2010-11-26T20:00:00",1,1.94528913497925
"2010-11-26T21:00:00",1,1.39853119850159
"2010-11-25T22:00:00",24,1.07438778877258
"2010-11-25T23:00:00",24,0.50814425945282
"2010-11-26T00:00:00",24,0.445263475179672
"2010-11-26T01:00:00",24,0.47511550784111
"2010-11-26T02:00:00",24,0.517317712306976
"2010-11-26T03:00:00",24,0.511854708194733
"2010-11-26T04:00:00",24,0.528616428375244
"2010-11-26T05:00:00",24,0.565290033817291
"2010-11-26T06:00:00",24,0.980264246463776
"2010-11-26T07:00:00",24,2.48559904098511
"2010-11-26T08:00:00",24,1.90473806858063
"2010-11-26T09:00:00",24,1.67345452308655
"2010-11-26T10:00:00",24,1.56277620792389
"2010-11-26T11:00:00",24,1.55287969112396
"2010-11-26T12:00:00",24,1.50763881206512
"2010-11-26T13:00:00",24,1.62962114810944
"2010-11-26T14:00:00",24,1.49621164798737
"2010-11-26T15:00:00",24,1.40882873535156
"2010-11-26T16:00:00",24,1.09838902950287
"2010-11-26T17:00:00",24,1.12338399887085
"2010-11-26T18:00:00",24,1.40138840675354
"2010-11-26T19:00:00",24,1.74684476852417
"2010-11-26T20:00:00",24,2.05396676063538
"2010-11-26T21:00:00",24,1.91552221775055
